/*******************************************************************************
 * Generated by lv_font_conv.
 * Regenerate with:
 *   lv_font_conv --no-compress --no-prefilter --bpp 4 --size 14 \
 *     --font DejaVuSans.ttf \
 *     -r 0x20-0x7F,0x00B0-0x00B1,0x00B2-0x00B3,0x00B7,0x00B9,0x00BC-0x00BE,0x00D7,0x00F7,0x0391-0x03C9,0x2070,0x2074-0x2079,0x2080-0x2089,0x2190-0x21D4,0x2200-0x22FF,0x2300-0x2307,0x27E8-0x27E9 \
 *     --format lvgl --lv-font-name lv_font_math_14 \
 *     -o lv_font_math_14.c --force-fast-kern-format
 ******************************************************************************/

#ifdef LV_LVGL_H_INCLUDE_SIMPLE
#include "lvgl.h"
#else
#include "lvgl.h"
#endif

#ifndef LV_FONT_MATH_14
#define LV_FONT_MATH_14 1
#endif

#if LV_FONT_MATH_14

/*-----------------
 *    BITMAPS
 *----------------*/

/*Store the image of the glyphs*/
static LV_ATTRIBUTE_LARGE_CONST const uint8_t glyph_bitmap[] = {
    /* U+0020 " " */

    /* U+0021 "!" */
    0xe8, 0xe8, 0xe8, 0xe8, 0xe7, 0xd7, 0xc6, 0x0,
    0xa6, 0xe8,

    /* U+0022 "\"" */
    0xa8, 0x1f, 0x1a, 0x81, 0xf1, 0xa8, 0x1f, 0x19,
    0x70, 0xd1,

    /* U+0023 "#" */
    0x0, 0x1, 0xf0, 0xf, 0x10, 0x0, 0x5, 0xc0,
    0x3e, 0x0, 0x0, 0x8, 0x80, 0x7a, 0x0, 0x2f,
    0xff, 0xff, 0xff, 0xf9, 0x2, 0x3f, 0x22, 0xf3,
    0x21, 0x0, 0x5c, 0x3, 0xd0, 0x0, 0xdf, 0xff,
    0xff, 0xff, 0xd0, 0x12, 0xe5, 0x2c, 0x62, 0x10,
    0x1, 0xf0, 0xf, 0x10, 0x0, 0x5, 0xb0, 0x4d,
    0x0, 0x0,

    /* U+0024 "$" */
    0x0, 0xb, 0x0, 0x0, 0x0, 0xb0, 0x0, 0x1a,
    0xef, 0xec, 0x19, 0xc1, 0xb1, 0x51, 0xc7, 0xb,
    0x0, 0x8, 0xe6, 0xb0, 0x0, 0x6, 0xcf, 0xe8,
    0x0, 0x0, 0xb4, 0xe8, 0x0, 0xb, 0x9, 0xb9,
    0x41, 0xb3, 0xe7, 0x6c, 0xff, 0xe9, 0x0, 0x0,
    0xb0, 0x0, 0x0, 0xb, 0x0, 0x0,

    /* U+0025 "%" */
    0x5, 0xde, 0x80, 0x0, 0x1e, 0x10, 0x1, 0xf2,
    0xd, 0x40, 0xa, 0x60, 0x0, 0x3e, 0x0, 0xa7,
    0x4, 0xc0, 0x0, 0x1, 0xf3, 0x1d, 0x40, 0xd2,
    0x0, 0x0, 0x5, 0xdd, 0x70, 0x98, 0x3c, 0xd6,
    0x0, 0x0, 0x0, 0x3d, 0xd, 0x51, 0xe3, 0x0,
    0x0, 0xd, 0x31, 0xf0, 0x9, 0x70, 0x0, 0x7,
    0x90, 0x2f, 0x0, 0x97, 0x0, 0x2, 0xd0, 0x0,
    0xe4, 0xe, 0x30, 0x0, 0xc5, 0x0, 0x4, 0xde,
    0x80,

    /* U+0026 "&" */
    0x0, 0x2b, 0xfe, 0xb0, 0x0, 0x0, 0xc, 0xc2,
    0x27, 0x0, 0x0, 0x0, 0xe6, 0x0, 0x0, 0x0,
    0x0, 0x7, 0xd1, 0x0, 0x0, 0x0, 0x2, 0xea,
    0xd1, 0x0, 0x28, 0x0, 0xd8, 0x8, 0xd2, 0x7,
    0xc0, 0x1f, 0x30, 0x9, 0xe2, 0xc6, 0x0, 0xf6,
    0x0, 0x9, 0xfd, 0x0, 0x9, 0xe4, 0x0, 0x7f,
    0xe2, 0x0, 0x6, 0xde, 0xda, 0x3b, 0xe1,

    /* U+0027 "'" */
    0xa8, 0xa8, 0xa8, 0x97,

    /* U+0028 "(" */
    0x1, 0xe1, 0x9, 0x90, 0xf, 0x30, 0x5e, 0x0,
    0x9a, 0x0, 0xb9, 0x0, 0xc8, 0x0, 0xb9, 0x0,
    0x8c, 0x0, 0x3f, 0x0, 0xd, 0x60, 0x5, 0xd0,
    0x0, 0x71,

    /* U+0029 ")" */
    0xa7, 0x0, 0x2f, 0x10, 0xc, 0x70, 0x7, 0xd0,
    0x3, 0xf1, 0x2, 0xf3, 0x1, 0xf3, 0x2, 0xf2,
    0x5, 0xf0, 0x9, 0xa0, 0xe, 0x40, 0x5c, 0x0,
    0x62, 0x0,

    /* U+002A "*" */
    0x0, 0xc, 0x0, 0x4, 0x50, 0xc0, 0x54, 0x8,
    0xbd, 0xb8, 0x0, 0x9, 0xf9, 0x0, 0x4c, 0x4c,
    0x4c, 0x41, 0x0, 0xc0, 0x1, 0x0, 0x6, 0x0,
    0x0,

    /* U+002B "+" */
    0x0, 0x0, 0xa6, 0x0, 0x0, 0x0, 0x0, 0xb7,
    0x0, 0x0, 0x0, 0x0, 0xb7, 0x0, 0x0, 0x0,
    0x0, 0xb7, 0x0, 0x0, 0x8f, 0xff, 0xff, 0xff,
    0xf3, 0x12, 0x22, 0xc8, 0x22, 0x20, 0x0, 0x0,
    0xb7, 0x0, 0x0, 0x0, 0x0, 0xb7, 0x0, 0x0,
    0x0, 0x0, 0xb7, 0x0, 0x0,

    /* U+002C "," */
    0x26, 0x5, 0xf1, 0x8b, 0xc, 0x30,

    /* U+002D "-" */
    0x4f, 0xff, 0x50, 0x22, 0x20,

    /* U+002E "." */
    0x6b, 0x8f,

    /* U+002F "/" */
    0x0, 0x9, 0x80, 0x0, 0xe4, 0x0, 0x3e, 0x0,
    0x8, 0xa0, 0x0, 0xd5, 0x0, 0x2f, 0x0, 0x7,
    0xb0, 0x0, 0xc6, 0x0, 0x1f, 0x10, 0x6, 0xc0,
    0x0, 0xb7, 0x0, 0x7, 0x10, 0x0,

    /* U+0030 "0" */
    0x0, 0x5d, 0xfd, 0x40, 0x4, 0xf7, 0x28, 0xf3,
    0xb, 0xb0, 0x0, 0xca, 0xf, 0x70, 0x0, 0x8d,
    0xf, 0x50, 0x0, 0x7f, 0xf, 0x50, 0x0, 0x7f,
    0xf, 0x70, 0x0, 0x8d, 0xb, 0xb0, 0x0, 0xca,
    0x4, 0xf7, 0x28, 0xf3, 0x0, 0x5d, 0xfd, 0x40,

    /* U+0031 "1" */
    0x4b, 0xef, 0x50, 0x4, 0x85, 0xf5, 0x0, 0x0,
    0xf, 0x50, 0x0, 0x0, 0xf5, 0x0, 0x0, 0xf,
    0x50, 0x0, 0x0, 0xf5, 0x0, 0x0, 0xf, 0x50,
    0x0, 0x0, 0xf5, 0x0, 0x3, 0x3f, 0x73, 0x14,
    0xff, 0xff, 0xf9,

    /* U+0032 "2" */
    0x6c, 0xee, 0xb3, 0xc, 0x74, 0x4b, 0xf1, 0x0,
    0x0, 0xf, 0x60, 0x0, 0x1, 0xf4, 0x0, 0x0,
    0xad, 0x0, 0x0, 0x8e, 0x20, 0x0, 0x9e, 0x20,
    0x0, 0x9e, 0x20, 0x0, 0xaf, 0x53, 0x33, 0x1f,
    0xff, 0xff, 0xf8,

    /* U+0033 "3" */
    0x6c, 0xff, 0xc5, 0x5, 0x53, 0x39, 0xf4, 0x0,
    0x0, 0xe, 0x70, 0x0, 0x5, 0xf4, 0x2, 0xff,
    0xf5, 0x0, 0x2, 0x38, 0xf3, 0x0, 0x0, 0xb,
    0xb0, 0x0, 0x0, 0xbb, 0x95, 0x34, 0x9f, 0x59,
    0xdf, 0xec, 0x50,

    /* U+0034 "4" */
    0x0, 0x0, 0x7f, 0xa0, 0x0, 0x0, 0x3e, 0xca,
    0x0, 0x0, 0xd, 0x4b, 0xa0, 0x0, 0x9, 0x90,
    0xba, 0x0, 0x5, 0xd0, 0xb, 0xa0, 0x1, 0xe3,
    0x0, 0xba, 0x0, 0x5f, 0xff, 0xff, 0xff, 0x10,
    0x22, 0x22, 0xcb, 0x20, 0x0, 0x0, 0xb, 0xa0,
    0x0, 0x0, 0x0, 0xba, 0x0,

    /* U+0035 "5" */
    0x7f, 0xff, 0xff, 0x7, 0xd3, 0x33, 0x20, 0x7c,
    0x0, 0x0, 0x7, 0xfe, 0xeb, 0x20, 0x45, 0x34,
    0xcf, 0x10, 0x0, 0x0, 0xe8, 0x0, 0x0, 0xb,
    0xa0, 0x0, 0x0, 0xe8, 0x95, 0x34, 0xcf, 0x29,
    0xef, 0xeb, 0x20,

    /* U+0036 "6" */
    0x0, 0x1a, 0xef, 0xd3, 0x0, 0x1e, 0xb4, 0x35,
    0x20, 0x8, 0xd0, 0x0, 0x0, 0x0, 0xd9, 0xae,
    0xd6, 0x0, 0xf, 0xf8, 0x36, 0xf7, 0x0, 0xfc,
    0x0, 0x8, 0xd0, 0xe, 0xa0, 0x0, 0x6f, 0x0,
    0xac, 0x0, 0x8, 0xd0, 0x3, 0xf8, 0x25, 0xf7,
    0x0, 0x4, 0xdf, 0xd7, 0x0,

    /* U+0037 "7" */
    0xdf, 0xff, 0xff, 0xa2, 0x33, 0x34, 0xf5, 0x0,
    0x0, 0x7e, 0x0, 0x0, 0xd, 0x90, 0x0, 0x4,
    0xf2, 0x0, 0x0, 0xac, 0x0, 0x0, 0x1f, 0x60,
    0x0, 0x7, 0xf0, 0x0, 0x0, 0xd9, 0x0, 0x0,
    0x3f, 0x30, 0x0,

    /* U+0038 "8" */
    0x0, 0x8e, 0xfd, 0x70, 0x8, 0xe4, 0x25, 0xf7,
    0xc, 0x90, 0x0, 0xba, 0x8, 0xe2, 0x3, 0xe6,
    0x0, 0x9f, 0xff, 0x70, 0x6, 0xe5, 0x26, 0xf6,
    0xe, 0x70, 0x0, 0x8d, 0xf, 0x70, 0x0, 0x8d,
    0xa, 0xe5, 0x25, 0xf8, 0x1, 0x9e, 0xfd, 0x80,

    /* U+0039 "9" */
    0x0, 0x8e, 0xfc, 0x30, 0xa, 0xe4, 0x28, 0xf2,
    0xf, 0x60, 0x0, 0xd9, 0xf, 0x50, 0x0, 0xcc,
    0xc, 0xc1, 0x5, 0xfe, 0x2, 0xbf, 0xfc, 0xae,
    0x0, 0x0, 0x10, 0xbc, 0x0, 0x0, 0x2, 0xf7,
    0x4, 0x63, 0x5e, 0xd0, 0x4, 0xdf, 0xe9, 0x10,

    /* U+003A ":" */
    0x5f, 0x14, 0xc0, 0x0, 0x0, 0x0, 0x0, 0x4,
    0xc0, 0x5f, 0x10,

    /* U+003B ";" */
    0x5f, 0x14, 0xc0, 0x0, 0x0, 0x0, 0x0, 0x2,
    0x60, 0x5f, 0x18, 0xb0, 0xc3, 0x0,

    /* U+003C "<" */
    0x0, 0x0, 0x0, 0x0, 0x1, 0x0, 0x0, 0x0,
    0x4a, 0xf3, 0x0, 0x2, 0x8e, 0xe9, 0x30, 0x16,
    0xcf, 0xb5, 0x0, 0x0, 0x8f, 0xc1, 0x0, 0x0,
    0x0, 0x17, 0xdf, 0xa4, 0x0, 0x0, 0x0, 0x3,
    0x9e, 0xe8, 0x30, 0x0, 0x0, 0x0, 0x5b, 0xf3,
    0x0, 0x0, 0x0, 0x0, 0x11,

    /* U+003D "=" */
    0x8f, 0xff, 0xff, 0xff, 0xf3, 0x12, 0x22, 0x22,
    0x22, 0x20, 0x0, 0x0, 0x0, 0x0, 0x0, 0x8f,
    0xff, 0xff, 0xff, 0xf4, 0x13, 0x33, 0x33, 0x33,
    0x30,

    /* U+003E ">" */
    0x10, 0x0, 0x0, 0x0, 0x0, 0x8e, 0x82, 0x0,
    0x0, 0x0, 0x5, 0xbf, 0xd7, 0x10, 0x0, 0x0,
    0x1, 0x6c, 0xfb, 0x50, 0x0, 0x0, 0x0, 0x4e,
    0xf4, 0x0, 0x0, 0x5b, 0xfc, 0x60, 0x4, 0xaf,
    0xd7, 0x20, 0x0, 0x8e, 0x93, 0x0, 0x0, 0x0,
    0x20, 0x0, 0x0, 0x0, 0x0,

    /* U+003F "?" */
    0x7d, 0xfe, 0x70, 0xc5, 0x27, 0xf4, 0x0, 0x0,
    0xf6, 0x0, 0x8, 0xe1, 0x0, 0x8e, 0x20, 0x2,
    0xf3, 0x0, 0x4, 0xf0, 0x0, 0x1, 0x40, 0x0,
    0x4, 0xc0, 0x0, 0x5, 0xf1, 0x0,

    /* U+0040 "@" */
    0x0, 0x0, 0x5b, 0xef, 0xd7, 0x0, 0x0, 0x0,
    0x1c, 0xc4, 0x10, 0x39, 0xd2, 0x0, 0x0, 0xc8,
    0x0, 0x0, 0x0, 0x5d, 0x0, 0x5, 0xb0, 0x0,
    0x0, 0x0, 0x9, 0x70, 0xc, 0x40, 0x9, 0xfe,
    0x6e, 0x2, 0xd0, 0xf, 0x0, 0x8c, 0x11, 0xce,
    0x0, 0xf0, 0xe, 0x0, 0xd4, 0x0, 0x4e, 0x0,
    0xf0, 0xf, 0x0, 0xd4, 0x0, 0x4e, 0x4, 0xb0,
    0xc, 0x30, 0x8c, 0x11, 0xbe, 0x3d, 0x30, 0x6,
    0xb0, 0xa, 0xfd, 0x6f, 0xb3, 0x0, 0x0, 0xc8,
    0x0, 0x0, 0x0, 0x0, 0x0, 0x0, 0x1c, 0xb4,
    0x0, 0x3a, 0xb0, 0x0, 0x0, 0x0, 0x6c, 0xff,
    0xd7, 0x10, 0x0,

    /* U+0041 "A" */
    0x0, 0x3, 0xfc, 0x0, 0x0, 0x0, 0x9, 0x9f,
    0x20, 0x0, 0x0, 0xf, 0x29, 0x80, 0x0, 0x0,
    0x5d, 0x4, 0xe0, 0x0, 0x0, 0xc7, 0x0, 0xe5,
    0x0, 0x2, 0xf1, 0x0, 0x8b, 0x0, 0x8, 0xff,
    0xff, 0xff, 0x10, 0xe, 0x72, 0x22, 0x2c, 0x70,
    0x4f, 0x10, 0x0, 0x7, 0xe0, 0xbb, 0x0, 0x0,
    0x2, 0xf4,

    /* U+0042 "B" */
    0xaf, 0xff, 0xeb, 0x30, 0xac, 0x22, 0x3b, 0xe0,
    0xac, 0x0, 0x4, 0xf2, 0xac, 0x0, 0x9, 0xe0,
    0xaf, 0xff, 0xfe, 0x30, 0xac, 0x22, 0x39, 0xe1,
    0xac, 0x0, 0x0, 0xe8, 0xac, 0x0, 0x0, 0xe8,
    0xac, 0x22, 0x39, 0xf3, 0xaf, 0xff, 0xfc, 0x50,

    /* U+0043 "C" */
    0x0, 0x18, 0xdf, 0xeb, 0x40, 0x1, 0xee, 0x63,
    0x37, 0xe0, 0xa, 0xe1, 0x0, 0x0, 0x10, 0xf,
    0x70, 0x0, 0x0, 0x0, 0x2f, 0x50, 0x0, 0x0,
    0x0, 0x2f, 0x50, 0x0, 0x0, 0x0, 0xf, 0x70,
    0x0, 0x0, 0x0, 0xa, 0xe1, 0x0, 0x0, 0x10,
    0x1, 0xee, 0x63, 0x37, 0xe0, 0x0, 0x19, 0xdf,
    0xeb, 0x40,

    /* U+0044 "D" */
    0xaf, 0xff, 0xeb, 0x60, 0xa, 0xc2, 0x23, 0x7f,
    0xc0, 0xac, 0x0, 0x0, 0x2f, 0x7a, 0xc0, 0x0,
    0x0, 0xbc, 0xac, 0x0, 0x0, 0x8, 0xea, 0xc0,
    0x0, 0x0, 0x8e, 0xac, 0x0, 0x0, 0xb, 0xca,
    0xc0, 0x0, 0x3, 0xf7, 0xac, 0x22, 0x37, 0xfc,
    0xa, 0xff, 0xfe, 0xb6, 0x0,

    /* U+0045 "E" */
    0xaf, 0xff, 0xff, 0xda, 0xc3, 0x33, 0x32, 0xac,
    0x0, 0x0, 0xa, 0xc0, 0x0, 0x0, 0xaf, 0xff,
    0xff, 0x9a, 0xc3, 0x33, 0x31, 0xac, 0x0, 0x0,
    0xa, 0xc0, 0x0, 0x0, 0xac, 0x33, 0x33, 0x2a,
    0xff, 0xff, 0xff,

    /* U+0046 "F" */
    0xaf, 0xff, 0xff, 0x3a, 0xc3, 0x33, 0x30, 0xac,
    0x0, 0x0, 0xa, 0xc0, 0x0, 0x0, 0xaf, 0xff,
    0xfc, 0xa, 0xc3, 0x33, 0x20, 0xac, 0x0, 0x0,
    0xa, 0xc0, 0x0, 0x0, 0xac, 0x0, 0x0, 0xa,
    0xc0, 0x0, 0x0,

    /* U+0047 "G" */
    0x0, 0x18, 0xdf, 0xec, 0x60, 0x1, 0xee, 0x63,
    0x35, 0xb6, 0xa, 0xe1, 0x0, 0x0, 0x0, 0xf,
    0x70, 0x0, 0x0, 0x0, 0x2f, 0x50, 0x0, 0xef,
    0xfb, 0x2f, 0x50, 0x0, 0x22, 0xbb, 0xf, 0x70,
    0x0, 0x0, 0xab, 0xb, 0xe1, 0x0, 0x0, 0xab,
    0x1, 0xee, 0x63, 0x36, 0xea, 0x0, 0x18, 0xdf,
    0xfc, 0x70,

    /* U+0048 "H" */
    0xac, 0x0, 0x0, 0x3f, 0x2a, 0xc0, 0x0, 0x3,
    0xf2, 0xac, 0x0, 0x0, 0x3f, 0x2a, 0xc0, 0x0,
    0x3, 0xf2, 0xaf, 0xff, 0xff, 0xff, 0x2a, 0xc3,
    0x33, 0x36, 0xf2, 0xac, 0x0, 0x0, 0x3f, 0x2a,
    0xc0, 0x0, 0x3, 0xf2, 0xac, 0x0, 0x0, 0x3f,
    0x2a, 0xc0, 0x0, 0x3, 0xf2,

    /* U+0049 "I" */
    0xac, 0xac, 0xac, 0xac, 0xac, 0xac, 0xac, 0xac,
    0xac, 0xac,

    /* U+004A "J" */
    0x0, 0xac, 0x0, 0xac, 0x0, 0xac, 0x0, 0xac,
    0x0, 0xac, 0x0, 0xac, 0x0, 0xac, 0x0, 0xac,
    0x0, 0xac, 0x0, 0xab, 0x0, 0xba, 0x26, 0xf5,
    0xbe, 0x80,

    /* U+004B "K" */
    0xac, 0x0, 0x4, 0xf8, 0xa, 0xc0, 0x5, 0xf7,
    0x0, 0xac, 0x6, 0xf6, 0x0, 0xa, 0xc7, 0xf5,
    0x0, 0x0, 0xaf, 0xf5, 0x0, 0x0, 0xa, 0xdd,
    0xd1, 0x0, 0x0, 0xac, 0x1d, 0xd1, 0x0, 0xa,
    0xc0, 0x1d, 0xd1, 0x0, 0xac, 0x0, 0x1c, 0xd1,
    0xa, 0xc0, 0x0, 0x1c, 0xd1,

    /* U+004C "L" */
    0xac, 0x0, 0x0, 0xa, 0xc0, 0x0, 0x0, 0xac,
    0x0, 0x0, 0xa, 0xc0, 0x0, 0x0, 0xac, 0x0,
    0x0, 0xa, 0xc0, 0x0, 0x0, 0xac, 0x0, 0x0,
    0xa, 0xc0, 0x0, 0x0, 0xac, 0x33, 0x33, 0x2a,
    0xff, 0xff, 0xfb,

    /* U+004D "M" */
    0xaf, 0xa0, 0x0, 0x8, 0xfb, 0xae, 0xf0, 0x0,
    0xe, 0xeb, 0xab, 0xc6, 0x0, 0x4d, 0xab, 0xab,
    0x6c, 0x0, 0xb7, 0xab, 0xab, 0xf, 0x21, 0xf1,
    0xab, 0xab, 0xa, 0x87, 0xb0, 0xab, 0xab, 0x4,
    0xed, 0x50, 0xab, 0xab, 0x0, 0xde, 0x0, 0xab,
    0xab, 0x0, 0x0, 0x0, 0xab, 0xab, 0x0, 0x0,
    0x0, 0xab,

    /* U+004E "N" */
    0xaf, 0x80, 0x0, 0x3f, 0x1a, 0xff, 0x10, 0x3,
    0xf1, 0xab, 0xc9, 0x0, 0x3f, 0x1a, 0xb4, 0xf2,
    0x3, 0xf1, 0xab, 0xb, 0xa0, 0x3f, 0x1a, 0xb0,
    0x3f, 0x33, 0xf1, 0xab, 0x0, 0xac, 0x3f, 0x1a,
    0xb0, 0x2, 0xf8, 0xf1, 0xab, 0x0, 0x9, 0xff,
    0x1a, 0xb0, 0x0, 0x1f, 0xf1,

    /* U+004F "O" */
    0x0, 0x19, 0xef, 0xe9, 0x10, 0x0, 0x1e, 0xc4,
    0x24, 0xce, 0x10, 0xa, 0xe0, 0x0, 0x0, 0xeb,
    0x0, 0xf7, 0x0, 0x0, 0x7, 0xf0, 0x2f, 0x50,
    0x0, 0x0, 0x4f, 0x32, 0xf5, 0x0, 0x0, 0x4,
    0xf3, 0xf, 0x70, 0x0, 0x0, 0x7f, 0x0, 0xbe,
    0x0, 0x0, 0xe, 0xb0, 0x2, 0xec, 0x42, 0x4c,
    0xe1, 0x0, 0x1, 0x9e, 0xfe, 0x91, 0x0,

    /* U+0050 "P" */
    0xaf, 0xff, 0xd8, 0xa, 0xc2, 0x26, 0xf8, 0xac,
    0x0, 0x9, 0xda, 0xc0, 0x0, 0x8e, 0xac, 0x0,
    0x3e, 0xaa, 0xff, 0xff, 0xb1, 0xac, 0x22, 0x0,
    0xa, 0xc0, 0x0, 0x0, 0xac, 0x0, 0x0, 0xa,
    0xc0, 0x0, 0x0,

    /* U+0051 "Q" */
    0x0, 0x19, 0xef, 0xe9, 0x10, 0x0, 0x1e, 0xc4,
    0x24, 0xce, 0x10, 0xa, 0xe0, 0x0, 0x0, 0xeb,
    0x0, 0xf7, 0x0, 0x0, 0x7, 0xf0, 0x2f, 0x50,
    0x0, 0x0, 0x4f, 0x32, 0xf5, 0x0, 0x0, 0x4,
    0xf2, 0xf, 0x70, 0x0, 0x0, 0x7f, 0x0, 0xbe,
    0x0, 0x0, 0xe, 0xa0, 0x1, 0xec, 0x42, 0x4c,
    0xe1, 0x0, 0x1, 0x9e, 0xff, 0xc1, 0x0, 0x0,
    0x0, 0x0, 0x6f, 0x50, 0x0, 0x0, 0x0, 0x0,
    0x57, 0x0,

    /* U+0052 "R" */
    0xaf, 0xff, 0xe9, 0x0, 0xa, 0xc2, 0x25, 0xe9,
    0x0, 0xac, 0x0, 0x8, 0xe0, 0xa, 0xc0, 0x2,
    0xde, 0x0, 0xaf, 0xff, 0xff, 0x60, 0xa, 0xc2,
    0x39, 0xa0, 0x0, 0xac, 0x0, 0xc, 0x70, 0xa,
    0xc0, 0x0, 0x4f, 0x10, 0xac, 0x0, 0x0, 0xd8,
    0xa, 0xc0, 0x0, 0x6, 0xf1,

    /* U+0053 "S" */
    0x1, 0x9e, 0xfe, 0xb4, 0x0, 0xbd, 0x52, 0x47,
    0x50, 0xf, 0x60, 0x0, 0x0, 0x0, 0xea, 0x0,
    0x0, 0x0, 0x4, 0xef, 0xc8, 0x30, 0x0, 0x0,
    0x37, 0xbf, 0x70, 0x0, 0x0, 0x0, 0x8f, 0x0,
    0x0, 0x0, 0x6, 0xf0, 0xc, 0x63, 0x25, 0xeb,
    0x0, 0x8c, 0xef, 0xd8, 0x10,

    /* U+0054 "T" */
    0xf, 0xff, 0xff, 0xff, 0xf9, 0x3, 0x33, 0x8f,
    0x33, 0x31, 0x0, 0x0, 0x6f, 0x0, 0x0, 0x0,
    0x0, 0x6f, 0x0, 0x0, 0x0, 0x0, 0x6f, 0x0,
    0x0, 0x0, 0x0, 0x6f, 0x0, 0x0, 0x0, 0x0,
    0x6f, 0x0, 0x0, 0x0, 0x0, 0x6f, 0x0, 0x0,
    0x0, 0x0, 0x6f, 0x0, 0x0, 0x0, 0x0, 0x6f,
    0x0, 0x0,

    /* U+0055 "U" */
    0xc9, 0x0, 0x0, 0x5f, 0xc, 0x90, 0x0, 0x5,
    0xf0, 0xc9, 0x0, 0x0, 0x5f, 0xc, 0x90, 0x0,
    0x5, 0xf0, 0xc9, 0x0, 0x0, 0x5f, 0xc, 0x90,
    0x0, 0x5, 0xf0, 0xba, 0x0, 0x0, 0x6f, 0x9,
    0xd0, 0x0, 0xa, 0xd0, 0x2f, 0xa3, 0x37, 0xf5,
    0x0, 0x3b, 0xef, 0xc5, 0x0,

    /* U+0056 "V" */
    0xbb, 0x0, 0x0, 0x2, 0xf4, 0x4f, 0x20, 0x0,
    0x8, 0xe0, 0xe, 0x80, 0x0, 0xe, 0x70, 0x8,
    0xe0, 0x0, 0x5f, 0x10, 0x2, 0xf4, 0x0, 0xbb,
    0x0, 0x0, 0xca, 0x1, 0xf5, 0x0, 0x0, 0x5f,
    0x17, 0xe0, 0x0, 0x0, 0xf, 0x6d, 0x80, 0x0,
    0x0, 0x9, 0xef, 0x20, 0x0, 0x0, 0x3, 0xfc,
    0x0, 0x0,

    /* U+0057 "W" */
    0x6f, 0x0, 0x0, 0xfd, 0x0, 0x2, 0xf4, 0x2f,
    0x30, 0x3, 0xef, 0x10, 0x6, 0xf0, 0xe, 0x70,
    0x7, 0xac, 0x50, 0xa, 0xb0, 0xa, 0xb0, 0xb,
    0x68, 0x90, 0xe, 0x70, 0x6, 0xf0, 0xf, 0x24,
    0xd0, 0x2f, 0x30, 0x2, 0xf4, 0x4e, 0x0, 0xf1,
    0x6f, 0x0, 0x0, 0xe8, 0x8a, 0x0, 0xc5, 0xab,
    0x0, 0x0, 0x9c, 0xc6, 0x0, 0x89, 0xe7, 0x0,
    0x0, 0x5f, 0xf2, 0x0, 0x4f, 0xf3, 0x0, 0x0,
    0x1f, 0xe0, 0x0, 0xf, 0xf0, 0x0,

    /* U+0058 "X" */
    0xc, 0xb0, 0x0, 0xd, 0x90, 0x2, 0xf6, 0x0,
    0x9d, 0x0, 0x0, 0x6f, 0x14, 0xf3, 0x0, 0x0,
    0xb, 0xce, 0x80, 0x0, 0x0, 0x2, 0xfd, 0x0,
    0x0, 0x0, 0x8, 0xff, 0x20, 0x0, 0x0, 0x3f,
    0x4b, 0xc0, 0x0, 0x0, 0xd9, 0x1, 0xe7, 0x0,
    0x8, 0xd0, 0x0, 0x5f, 0x20, 0x3f, 0x40, 0x0,
    0xa, 0xc0,

    /* U+0059 "Y" */
    0xa, 0xc0, 0x0, 0x4, 0xf3, 0x1, 0xe7, 0x0,
    0xe, 0x80, 0x0, 0x4f, 0x30, 0x9d, 0x0, 0x0,
    0x9, 0xd5, 0xf3, 0x0, 0x0, 0x0, 0xef, 0x70,
    0x0, 0x0, 0x0, 0x7f, 0x0, 0x0, 0x0, 0x0,
    0x6f, 0x0, 0x0, 0x0, 0x0, 0x6f, 0x0, 0x0,
    0x0, 0x0, 0x6f, 0x0, 0x0, 0x0, 0x0, 0x6f,
    0x0, 0x0,

    /* U+005A "Z" */
    0x3f, 0xff, 0xff, 0xff, 0xd0, 0x33, 0x33, 0x36,
    0xf7, 0x0, 0x0, 0x1, 0xea, 0x0, 0x0, 0x0,
    0xcc, 0x0, 0x0, 0x0, 0xad, 0x10, 0x0, 0x0,
    0x8f, 0x20, 0x0, 0x0, 0x5f, 0x40, 0x0, 0x0,
    0x3f, 0x70, 0x0, 0x0, 0x1e, 0xc3, 0x33, 0x33,
    0x26, 0xff, 0xff, 0xff, 0xff,

    /* U+005B "[" */
    0xcf, 0xf1, 0xc7, 0x0, 0xc7, 0x0, 0xc7, 0x0,
    0xc7, 0x0, 0xc7, 0x0, 0xc7, 0x0, 0xc7, 0x0,
    0xc7, 0x0, 0xc7, 0x0, 0xc7, 0x0, 0xc7, 0x0,
    0xcf, 0xf1,

    /* U+005C "\\" */
    0xd4, 0x0, 0x8, 0x90, 0x0, 0x3e, 0x0, 0x0,
    0xe3, 0x0, 0x9, 0x80, 0x0, 0x4d, 0x0, 0x0,
    0xf2, 0x0, 0xa, 0x70, 0x0, 0x5c, 0x0, 0x1,
    0xf1, 0x0, 0xb, 0x60, 0x0, 0x45,

    /* U+005D "]" */
    0xaf, 0xf4, 0x0, 0xf4, 0x0, 0xf4, 0x0, 0xf4,
    0x0, 0xf4, 0x0, 0xf4, 0x0, 0xf4, 0x0, 0xf4,
    0x0, 0xf4, 0x0, 0xf4, 0x0, 0xf4, 0x0, 0xf4,
    0x9f, 0xf4,

    /* U+005E "^" */
    0x0, 0x4, 0xfe, 0x10, 0x0, 0x0, 0x3f, 0x8b,
    0xd1, 0x0, 0x2, 0xe7, 0x0, 0xbc, 0x0, 0x2e,
    0x60, 0x0, 0xa, 0xb0,

    /* U+005F "_" */
    0x2f, 0xff, 0xff, 0xff, 0x20,

    /* U+0060 "`" */
    0x45, 0x0, 0x1d, 0x40, 0x2, 0xd1,

    /* U+0061 "a" */
    0x5, 0xcf, 0xeb, 0x20, 0x5, 0x42, 0x2a, 0xd0,
    0x0, 0x0, 0x0, 0xf2, 0x2, 0xbe, 0xff, 0xf4,
    0xe, 0x92, 0x0, 0xf5, 0x1f, 0x20, 0x2, 0xf5,
    0xe, 0x60, 0x1b, 0xf5, 0x4, 0xde, 0xd5, 0xf5,

    /* U+0062 "b" */
    0xb8, 0x0, 0x0, 0x0, 0xb8, 0x0, 0x0, 0x0,
    0xb8, 0x0, 0x0, 0x0, 0xb8, 0x9f, 0xe8, 0x0,
    0xbf, 0x82, 0x5f, 0x70, 0xbc, 0x0, 0x7, 0xe0,
    0xb9, 0x0, 0x3, 0xf0, 0xb9, 0x0, 0x4, 0xf0,
    0xbc, 0x0, 0x7, 0xe0, 0xbf, 0x82, 0x5f, 0x70,
    0xb8, 0x9f, 0xe8, 0x0,

    /* U+0063 "c" */
    0x0, 0x7d, 0xfe, 0x80, 0x8f, 0x62, 0x36, 0xf,
    0x60, 0x0, 0x3, 0xf2, 0x0, 0x0, 0x3f, 0x20,
    0x0, 0x0, 0xf6, 0x0, 0x0, 0x8, 0xf6, 0x23,
    0x60, 0x7, 0xdf, 0xe8,

    /* U+0064 "d" */
    0x0, 0x0, 0x0, 0xa9, 0x0, 0x0, 0x0, 0xa9,
    0x0, 0x0, 0x0, 0xa9, 0x0, 0x9f, 0xe8, 0xa9,
    0x8, 0xe4, 0x2a, 0xf9, 0xf, 0x50, 0x0, 0xe9,
    0x2f, 0x20, 0x0, 0xb9, 0x2f, 0x10, 0x0, 0xb9,
    0xf, 0x40, 0x0, 0xd9, 0x9, 0xc1, 0x7, 0xf9,
    0x0, 0x9f, 0xe9, 0xa9,

    /* U+0065 "e" */
    0x0, 0x7d, 0xfd, 0x60, 0x8, 0xd4, 0x25, 0xe5,
    0xf, 0x40, 0x0, 0x7b, 0x3f, 0xff, 0xff, 0xfd,
    0x3f, 0x20, 0x0, 0x0, 0xf, 0x70, 0x0, 0x0,
    0x8, 0xf6, 0x22, 0x66, 0x0, 0x6d, 0xfe, 0xb4,

    /* U+0066 "f" */
    0x0, 0x9e, 0xf3, 0x5, 0xe2, 0x10, 0x7, 0xc0,
    0x0, 0xaf, 0xff, 0xd0, 0x7, 0xc0, 0x0, 0x7,
    0xc0, 0x0, 0x7, 0xc0, 0x0, 0x7, 0xc0, 0x0,
    0x7, 0xc0, 0x0, 0x7, 0xc0, 0x0, 0x7, 0xc0,
    0x0,

    /* U+0067 "g" */
    0x0, 0x9f, 0xe8, 0xa9, 0x9, 0xe4, 0x29, 0xf9,
    0xf, 0x50, 0x0, 0xe9, 0x2f, 0x20, 0x0, 0xb9,
    0x2f, 0x20, 0x0, 0xb9, 0xf, 0x50, 0x0, 0xe9,
    0x9, 0xe4, 0x29, 0xf9, 0x0, 0x9f, 0xe8, 0xa9,
    0x0, 0x0, 0x0, 0xd6, 0x2, 0x51, 0x29, 0xf1,
    0x3, 0xdf, 0xeb, 0x30,

    /* U+0068 "h" */
    0xb8, 0x0, 0x0, 0xb, 0x80, 0x0, 0x0, 0xb8,
    0x0, 0x0, 0xb, 0x88, 0xee, 0x80, 0xbe, 0x82,
    0x5f, 0x5b, 0xc0, 0x0, 0xb9, 0xb8, 0x0, 0x9,
    0xab, 0x80, 0x0, 0x9b, 0xb8, 0x0, 0x9, 0xbb,
    0x80, 0x0, 0x9b, 0xb8, 0x0, 0x9, 0xb0,

    /* U+0069 "i" */
    0xb9, 0x65, 0x0, 0xb9, 0xb9, 0xb9, 0xb9, 0xb9,
    0xb9, 0xb9, 0xb9,

    /* U+006A "j" */
    0x0, 0xb9, 0x0, 0x65, 0x0, 0x0, 0x0, 0xb9,
    0x0, 0xb9, 0x0, 0xb9, 0x0, 0xb9, 0x0, 0xb9,
    0x0, 0xb9, 0x0, 0xb9, 0x0, 0xb9, 0x0, 0xb8,
    0x2, 0xe5, 0x4f, 0xa0,

    /* U+006B "k" */
    0xb8, 0x0, 0x0, 0x0, 0xb8, 0x0, 0x0, 0x0,
    0xb8, 0x0, 0x0, 0x0, 0xb8, 0x0, 0x4f, 0x50,
    0xb8, 0x5, 0xf4, 0x0, 0xb8, 0x6e, 0x30, 0x0,
    0xbe, 0xf3, 0x0, 0x0, 0xba, 0xe9, 0x0, 0x0,
    0xb8, 0x2e, 0x90, 0x0, 0xb8, 0x2, 0xe9, 0x0,
    0xb8, 0x0, 0x2e, 0x80,

    /* U+006C "l" */
    0xb9, 0xb9, 0xb9, 0xb9, 0xb9, 0xb9, 0xb9, 0xb9,
    0xb9, 0xb9, 0xb9,

    /* U+006D "m" */
    0xb8, 0x9e, 0xe6, 0x9, 0xfe, 0x60, 0xbe, 0x82,
    0x7f, 0xb7, 0x27, 0xf1, 0xbb, 0x0, 0xd, 0xb0,
    0x0, 0xe5, 0xb8, 0x0, 0xc, 0x80, 0x0, 0xd7,
    0xb8, 0x0, 0xc, 0x80, 0x0, 0xd7, 0xb8, 0x0,
    0xc, 0x80, 0x0, 0xd7, 0xb8, 0x0, 0xc, 0x80,
    0x0, 0xd7, 0xb8, 0x0, 0xc, 0x80, 0x0, 0xd7,

    /* U+006E "n" */
    0xb9, 0x9e, 0xe8, 0xb, 0xf5, 0x2, 0xf5, 0xbb,
    0x0, 0xa, 0x9b, 0x80, 0x0, 0x9a, 0xb8, 0x0,
    0x9, 0xbb, 0x80, 0x0, 0x9b, 0xb8, 0x0, 0x9,
    0xbb, 0x80, 0x0, 0x9b,

    /* U+006F "o" */
    0x0, 0x8e, 0xfc, 0x40, 0x8, 0xe4, 0x29, 0xf2,
    0xf, 0x60, 0x0, 0xd9, 0x2f, 0x20, 0x0, 0x9b,
    0x2f, 0x20, 0x0, 0x9b, 0xf, 0x60, 0x0, 0xd8,
    0x8, 0xe4, 0x29, 0xf2, 0x0, 0x8e, 0xfc, 0x40,

    /* U+0070 "p" */
    0xb9, 0xae, 0xe8, 0x0, 0xbf, 0x50, 0x2e, 0x70,
    0xbc, 0x0, 0x6, 0xe0, 0xb9, 0x0, 0x3, 0xf0,
    0xb9, 0x0, 0x4, 0xf0, 0xbd, 0x0, 0x7, 0xe0,
    0xbf, 0x82, 0x5f, 0x70, 0xb8, 0x9f, 0xe8, 0x0,
    0xb8, 0x0, 0x0, 0x0, 0xb8, 0x0, 0x0, 0x0,
    0xb8, 0x0, 0x0, 0x0,

    /* U+0071 "q" */
    0x0, 0x9f, 0xe8, 0xa9, 0x8, 0xe4, 0x2a, 0xf9,
    0xf, 0x50, 0x0, 0xe9, 0x2f, 0x20, 0x0, 0xb9,
    0x2f, 0x20, 0x0, 0xb9, 0xf, 0x50, 0x0, 0xe9,
    0x9, 0xe4, 0x2a, 0xf9, 0x0, 0x9f, 0xe8, 0xa9,
    0x0, 0x0, 0x0, 0xa9, 0x0, 0x0, 0x0, 0xa9,
    0x0, 0x0, 0x0, 0xa9,

    /* U+0072 "r" */
    0x0, 0x0, 0xb, 0x9a, 0xeb, 0xbf, 0x60, 0xb,
    0xb0, 0x0, 0xb9, 0x0, 0xb, 0x80, 0x0, 0xb8,
    0x0, 0xb, 0x80, 0x0, 0xb8, 0x0, 0x0,

    /* U+0073 "s" */
    0x4, 0xcf, 0xec, 0x10, 0xf7, 0x12, 0x51, 0x2f,
    0x20, 0x0, 0x0, 0xaf, 0xa6, 0x10, 0x0, 0x37,
    0xcf, 0x30, 0x0, 0x0, 0xc8, 0x27, 0x31, 0x4e,
    0x62, 0xbe, 0xfd, 0x70,

    /* U+0074 "t" */
    0xb, 0x90, 0x0, 0xb, 0x90, 0x0, 0xaf, 0xff,
    0xf2, 0xb, 0x90, 0x0, 0xb, 0x90, 0x0, 0xb,
    0x90, 0x0, 0xb, 0x90, 0x0, 0xa, 0x90, 0x0,
    0x8, 0xc2, 0x10, 0x1, 0xcf, 0xf2,

    /* U+0075 "u" */
    0xd7, 0x0, 0xa, 0x9d, 0x70, 0x0, 0xa9, 0xd7,
    0x0, 0xa, 0x9d, 0x70, 0x0, 0xa9, 0xc7, 0x0,
    0xa, 0x9b, 0x80, 0x0, 0xd9, 0x7d, 0x10, 0x6f,
    0x90, 0x9e, 0xe8, 0xa9,

    /* U+0076 "v" */
    0x6e, 0x0, 0x0, 0xab, 0x1f, 0x40, 0x0, 0xf5,
    0xb, 0xa0, 0x5, 0xf0, 0x5, 0xf0, 0xb, 0x90,
    0x0, 0xf5, 0x1f, 0x40, 0x0, 0x9b, 0x6e, 0x0,
    0x0, 0x4f, 0xd8, 0x0, 0x0, 0xe, 0xf2, 0x0,

    /* U+0077 "w" */
    0x4f, 0x0, 0x2f, 0x90, 0x8, 0xb0, 0xf3, 0x6,
    0xed, 0x0, 0xc7, 0xc, 0x70, 0xa7, 0xf1, 0xf,
    0x30, 0x8b, 0xe, 0x3c, 0x54, 0xf0, 0x4, 0xf2,
    0xf0, 0x89, 0x8b, 0x0, 0xf, 0xab, 0x4, 0xdc,
    0x70, 0x0, 0xcf, 0x70, 0xf, 0xf3, 0x0, 0x8,
    0xf3, 0x0, 0xcf, 0x0,

    /* U+0078 "x" */
    0x1e, 0x70, 0x2, 0xf5, 0x4, 0xf3, 0xd, 0x90,
    0x0, 0x9d, 0x9d, 0x0, 0x0, 0xd, 0xf3, 0x0,
    0x0, 0x2f, 0xf5, 0x0, 0x0, 0xca, 0x7f, 0x10,
    0x8, 0xe1, 0xb, 0xc0, 0x3f, 0x40, 0x1, 0xe7,

    /* U+0079 "y" */
    0x6e, 0x0, 0x0, 0xaa, 0xf, 0x50, 0x1, 0xf4,
    0x9, 0xb0, 0x6, 0xe0, 0x3, 0xf1, 0xc, 0x80,
    0x0, 0xc7, 0x3f, 0x20, 0x0, 0x6d, 0x9b, 0x0,
    0x0, 0xf, 0xf5, 0x0, 0x0, 0xa, 0xe0, 0x0,
    0x0, 0xb, 0x90, 0x0, 0x1, 0x5f, 0x20, 0x0,
    0xe, 0xf7, 0x0, 0x0,

    /* U+007A "z" */
    0x3f, 0xff, 0xff, 0xc0, 0x0, 0x2, 0xe7, 0x0,
    0x0, 0xda, 0x0, 0x0, 0xad, 0x0, 0x0, 0x8e,
    0x10, 0x0, 0x5f, 0x30, 0x0, 0x2f, 0x60, 0x0,
    0x6, 0xff, 0xff, 0xfc,

    /* U+007B "{" */
    0x0, 0x7, 0xef, 0x20, 0x0, 0xf6, 0x0, 0x0,
    0x1f, 0x20, 0x0, 0x2, 0xf2, 0x0, 0x0, 0x2f,
    0x10, 0x0, 0x8, 0xe0, 0x0, 0x4f, 0xf5, 0x0,
    0x0, 0x8, 0xe0, 0x0, 0x0, 0x2f, 0x10, 0x0,
    0x2, 0xf2, 0x0, 0x0, 0x1f, 0x20, 0x0, 0x0,
    0xf6, 0x0, 0x0, 0x6, 0xef, 0x20,

    /* U+007C "|" */
    0x3f, 0x3f, 0x3f, 0x3f, 0x3f, 0x3f, 0x3f, 0x3f,
    0x3f, 0x3f, 0x3f, 0x3f, 0x3f, 0x3f, 0x17,

    /* U+007D "}" */
    0x4f, 0xe6, 0x0, 0x0, 0x8, 0xe0, 0x0, 0x0,
    0x4f, 0x0, 0x0, 0x3, 0xf0, 0x0, 0x0, 0x3f,
    0x10, 0x0, 0x1, 0xf6, 0x0, 0x0, 0x6, 0xff,
    0x20, 0x1, 0xf6, 0x0, 0x0, 0x3f, 0x10, 0x0,
    0x3, 0xf0, 0x0, 0x0, 0x3f, 0x0, 0x0, 0x8,
    0xe0, 0x0, 0x4f, 0xe5, 0x0, 0x0,

    /* U+007E "~" */
    0x0, 0x0, 0x0, 0x0, 0x0, 0x9, 0xde, 0xa4,
    0x1, 0x93, 0x89, 0x34, 0x9e, 0xff, 0x90, 0x10,
    0x0, 0x0, 0x10, 0x0,

    /* U+00B0 "°" */
    0x9, 0xd9, 0x6, 0x90, 0x96, 0xa3, 0x3, 0xa7,
    0x90, 0x97, 0xa, 0xe9, 0x0,

    /* U+00B1 "±" */
    0x0, 0x0, 0xb7, 0x0, 0x0, 0x0, 0x0, 0xb7,
    0x0, 0x0, 0x0, 0x0, 0xb7, 0x0, 0x0, 0x8f,
    0xff, 0xff, 0xff, 0xf4, 0x13, 0x33, 0xc8, 0x33,
    0x30, 0x0, 0x0, 0xb7, 0x0, 0x0, 0x0, 0x0,
    0x64, 0x0, 0x0, 0x13, 0x33, 0x33, 0x33, 0x30,
    0x8f, 0xff, 0xff, 0xff, 0xf4,

    /* U+00B2 "²" */
    0x3b, 0xcd, 0x30, 0x0, 0x79, 0x0, 0x3c, 0x10,
    0x6a, 0x10, 0x5f, 0xcc, 0x90,

    /* U+00B3 "³" */
    0x1a, 0xbb, 0x50, 0x2b, 0xea, 0x0, 0x4, 0x40,
    0x0, 0x4d, 0x3c, 0xcd, 0x50,

    /* U+00B7 "·" */
    0x6b, 0x8f,

    /* U+00B9 "¹" */
    0xa, 0xd7, 0x0, 0x8, 0x70, 0x0, 0x87, 0x0,
    0x8, 0x70, 0xb, 0xed, 0xa0,

    /* U+00BC "¼" */
    0x0, 0x10, 0x0, 0x0, 0x1, 0x0, 0x0, 0xc,
    0xd7, 0x0, 0x0, 0xe, 0x20, 0x0, 0x0, 0x87,
    0x0, 0x0, 0x98, 0x0, 0x0, 0x0, 0x87, 0x0,
    0x2, 0xd0, 0x0, 0x0, 0x0, 0x87, 0x0, 0xc,
    0x50, 0x0, 0x0, 0x0, 0x87, 0x0, 0x6b, 0x0,
    0x19, 0x20, 0xb, 0xdc, 0xa1, 0xe2, 0x0, 0xbe,
    0x30, 0x0, 0x0, 0x9, 0x70, 0x8, 0x6c, 0x30,
    0x0, 0x0, 0x3d, 0x0, 0x39, 0xc, 0x30, 0x0,
    0x0, 0xc4, 0x0, 0x8c, 0xcf, 0xd1, 0x0, 0x6,
    0xa0, 0x0, 0x0, 0xc, 0x30, 0x0, 0x5, 0x10,
    0x0, 0x0, 0x4, 0x10,

    /* U+00BD "½" */
    0x6, 0x94, 0x0, 0x0, 0x7, 0x30, 0x0, 0x6a,
    0x70, 0x0, 0x4, 0xd0, 0x0, 0x0, 0x87, 0x0,
    0x0, 0xd3, 0x0, 0x0, 0x8, 0x70, 0x0, 0x7a,
    0x0, 0x0, 0x0, 0x87, 0x0, 0x1e, 0x10, 0x0,
    0x0, 0xbd, 0xca, 0xa, 0x64, 0xcc, 0xa1, 0x0,
    0x0, 0x4, 0xc0, 0x0, 0x9, 0x90, 0x0, 0x0,
    0xd3, 0x0, 0x0, 0xb5, 0x0, 0x0, 0x89, 0x0,
    0x0, 0x98, 0x0, 0x0, 0x2e, 0x10, 0x0, 0xa7,
    0x0, 0x0, 0x9, 0x50, 0x0, 0x5e, 0xcc, 0x80,

    /* U+00BE "¾" */
    0x1b, 0xcb, 0x20, 0x0, 0xb, 0x30, 0x0, 0x1,
    0x7, 0xb0, 0x0, 0x5b, 0x0, 0x0, 0x0, 0x7,
    0x80, 0x0, 0xe2, 0x0, 0x0, 0x2, 0xce, 0x40,
    0x7, 0x90, 0x0, 0x0, 0x0, 0x5, 0xd0, 0x1e,
    0x10, 0x0, 0x0, 0x10, 0x5, 0xc0, 0xa7, 0x0,
    0x6, 0x10, 0x3b, 0xcb, 0x23, 0xd0, 0x0, 0xae,
    0x30, 0x0, 0x0, 0xc, 0x50, 0x7, 0x6c, 0x30,
    0x0, 0x0, 0x5c, 0x0, 0x38, 0xc, 0x30, 0x0,
    0x0, 0xd3, 0x0, 0x8c, 0xcf, 0xd1, 0x0, 0x7,
    0xa0, 0x0, 0x0, 0xc, 0x30, 0x0, 0x5, 0x10,
    0x0, 0x0, 0x4, 0x10,

    /* U+00D7 "×" */
    0x3, 0x0, 0x0, 0x2, 0x20, 0xcb, 0x0, 0x1,
    0xe8, 0x1, 0xda, 0x1, 0xda, 0x0, 0x1, 0xda,
    0xda, 0x0, 0x0, 0x3, 0xfe, 0x0, 0x0, 0x1,
    0xdb, 0xea, 0x0, 0x1, 0xdb, 0x2, 0xe9, 0x0,
    0xcb, 0x0, 0x2, 0xe8, 0x4, 0x0, 0x0, 0x2,
    0x20,

    /* U+00F7 "÷" */
    0x0, 0x0, 0xfb, 0x0, 0x0, 0x0, 0x0, 0xa7,
    0x0, 0x0, 0x0, 0x0, 0x0, 0x0, 0x0, 0x8f,
    0xff, 0xff, 0xff, 0xf3, 0x12, 0x22, 0x22, 0x22,
    0x20, 0x0, 0x0, 0xa7, 0x0, 0x0, 0x0, 0x0,
    0xfb, 0x0, 0x0,

    /* U+0391 "Α" */
    0x0, 0x3, 0xfc, 0x0, 0x0, 0x0, 0x9, 0x9f,
    0x20, 0x0, 0x0, 0xf, 0x29, 0x80, 0x0, 0x0,
    0x5d, 0x4, 0xe0, 0x0, 0x0, 0xc7, 0x0, 0xe5,
    0x0, 0x2, 0xf1, 0x0, 0x8b, 0x0, 0x8, 0xff,
    0xff, 0xff, 0x10, 0xe, 0x72, 0x22, 0x2c, 0x70,
    0x4f, 0x10, 0x0, 0x7, 0xe0, 0xbb, 0x0, 0x0,
    0x2, 0xf4,

    /* U+0392 "Β" */
    0xaf, 0xff, 0xeb, 0x30, 0xac, 0x22, 0x3b, 0xe0,
    0xac, 0x0, 0x4, 0xf2, 0xac, 0x0, 0x9, 0xe0,
    0xaf, 0xff, 0xfe, 0x30, 0xac, 0x22, 0x39, 0xe1,
    0xac, 0x0, 0x0, 0xe8, 0xac, 0x0, 0x0, 0xe8,
    0xac, 0x22, 0x39, 0xf3, 0xaf, 0xff, 0xfc, 0x50,

    /* U+0393 "Γ" */
    0xaf, 0xff, 0xff, 0xba, 0xc3, 0x33, 0x32, 0xac,
    0x0, 0x0, 0xa, 0xc0, 0x0, 0x0, 0xac, 0x0,
    0x0, 0xa, 0xc0, 0x0, 0x0, 0xac, 0x0, 0x0,
    0xa, 0xc0, 0x0, 0x0, 0xac, 0x0, 0x0, 0xa,
    0xc0, 0x0, 0x0,

    /* U+0394 "Δ" */
    0x0, 0x3, 0xfc, 0x0, 0x0, 0x0, 0x9, 0xaf,
    0x20, 0x0, 0x0, 0xf, 0x3a, 0x80, 0x0, 0x0,
    0x5e, 0x5, 0xe0, 0x0, 0x0, 0xc8, 0x0, 0xe5,
    0x0, 0x2, 0xf2, 0x0, 0x9b, 0x0, 0x8, 0xd0,
    0x0, 0x3f, 0x10, 0xe, 0x70, 0x0, 0xe, 0x70,
    0x4f, 0x42, 0x22, 0x2a, 0xe0, 0xbf, 0xff, 0xff,
    0xff, 0xf4,

    /* U+0395 "Ε" */
    0xaf, 0xff, 0xff, 0xda, 0xc3, 0x33, 0x32, 0xac,
    0x0, 0x0, 0xa, 0xc0, 0x0, 0x0, 0xaf, 0xff,
    0xff, 0x9a, 0xc3, 0x33, 0x31, 0xac, 0x0, 0x0,
    0xa, 0xc0, 0x0, 0x0, 0xac, 0x33, 0x33, 0x2a,
    0xff, 0xff, 0xff,

    /* U+0396 "Ζ" */
    0x3f, 0xff, 0xff, 0xff, 0xd0, 0x33, 0x33, 0x36,
    0xf7, 0x0, 0x0, 0x1, 0xea, 0x0, 0x0, 0x0,
    0xcc, 0x0, 0x0, 0x0, 0xad, 0x10, 0x0, 0x0,
    0x8f, 0x20, 0x0, 0x0, 0x5f, 0x40, 0x0, 0x0,
    0x3f, 0x70, 0x0, 0x0, 0x1e, 0xc3, 0x33, 0x33,
    0x26, 0xff, 0xff, 0xff, 0xff,

    /* U+0397 "Η" */
    0xac, 0x0, 0x0, 0x3f, 0x2a, 0xc0, 0x0, 0x3,
    0xf2, 0xac, 0x0, 0x0, 0x3f, 0x2a, 0xc0, 0x0,
    0x3, 0xf2, 0xaf, 0xff, 0xff, 0xff, 0x2a, 0xc3,
    0x33, 0x36, 0xf2, 0xac, 0x0, 0x0, 0x3f, 0x2a,
    0xc0, 0x0, 0x3, 0xf2, 0xac, 0x0, 0x0, 0x3f,
    0x2a, 0xc0, 0x0, 0x3, 0xf2,

    /* U+0398 "Θ" */
    0x0, 0x19, 0xef, 0xe9, 0x10, 0x0, 0x1e, 0xc4,
    0x24, 0xce, 0x10, 0xa, 0xe0, 0x0, 0x0, 0xeb,
    0x0, 0xf7, 0x0, 0x0, 0x7, 0xf0, 0x2f, 0x5e,
    0xff, 0xfe, 0x4f, 0x32, 0xf5, 0x23, 0x33, 0x24,
    0xf3, 0xf, 0x70, 0x0, 0x0, 0x7f, 0x0, 0xae,
    0x0, 0x0, 0xe, 0xb0, 0x1, 0xec, 0x42, 0x4c,
    0xe2, 0x0, 0x1, 0x9e, 0xfe, 0x91, 0x0,

    /* U+0399 "Ι" */
    0xac, 0xac, 0xac, 0xac, 0xac, 0xac, 0xac, 0xac,
    0xac, 0xac,

    /* U+039A "Κ" */
    0xac, 0x0, 0x4, 0xf8, 0xa, 0xc0, 0x5, 0xf7,
    0x0, 0xac, 0x6, 0xf6, 0x0, 0xa, 0xc7, 0xf5,
    0x0, 0x0, 0xaf, 0xf5, 0x0, 0x0, 0xa, 0xdd,
    0xd1, 0x0, 0x0, 0xac, 0x1d, 0xd1, 0x0, 0xa,
    0xc0, 0x1d, 0xd1, 0x0, 0xac, 0x0, 0x1c, 0xd1,
    0xa, 0xc0, 0x0, 0x1c, 0xd1,

    /* U+039B "Λ" */
    0x0, 0x3, 0xfc, 0x0, 0x0, 0x0, 0x9, 0xdf,
    0x20, 0x0, 0x0, 0xf, 0x5c, 0x80, 0x0, 0x0,
    0x5f, 0x6, 0xe0, 0x0, 0x0, 0xc9, 0x1, 0xf5,
    0x0, 0x2, 0xf3, 0x0, 0xab, 0x0, 0x8, 0xd0,
    0x0, 0x4f, 0x10, 0xe, 0x70, 0x0, 0xe, 0x70,
    0x4f, 0x20, 0x0, 0x8, 0xe0, 0xbb, 0x0, 0x0,
    0x2, 0xf4,

    /* U+039C "Μ" */
    0xaf, 0xa0, 0x0, 0x8, 0xfb, 0xae, 0xf0, 0x0,
    0xe, 0xeb, 0xab, 0xc6, 0x0, 0x4d, 0xab, 0xab,
    0x6c, 0x0, 0xb7, 0xab, 0xab, 0xf, 0x21, 0xf1,
    0xab, 0xab, 0xa, 0x87, 0xb0, 0xab, 0xab, 0x4,
    0xed, 0x50, 0xab, 0xab, 0x0, 0xde, 0x0, 0xab,
    0xab, 0x0, 0x0, 0x0, 0xab, 0xab, 0x0, 0x0,
    0x0, 0xab,

    /* U+039D "Ν" */
    0xaf, 0x80, 0x0, 0x3f, 0x1a, 0xff, 0x10, 0x3,
    0xf1, 0xab, 0xc9, 0x0, 0x3f, 0x1a, 0xb4, 0xf2,
    0x3, 0xf1, 0xab, 0xb, 0xa0, 0x3f, 0x1a, 0xb0,
    0x3f, 0x33, 0xf1, 0xab, 0x0, 0xac, 0x3f, 0x1a,
    0xb0, 0x2, 0xf8, 0xf1, 0xab, 0x0, 0x9, 0xff,
    0x1a, 0xb0, 0x0, 0x1f, 0xf1,

    /* U+039E "Ξ" */
    0xaf, 0xff, 0xff, 0xa1, 0x33, 0x33, 0x32, 0x0,
    0x0, 0x0, 0x0, 0x0, 0x0, 0x0, 0xe, 0xff,
    0xff, 0x0, 0x23, 0x33, 0x20, 0x0, 0x0, 0x0,
    0x0, 0x0, 0x0, 0x0, 0x13, 0x33, 0x33, 0x2a,
    0xff, 0xff, 0xfa,

    /* U+039F "Ο" */
    0x0, 0x19, 0xef, 0xe9, 0x10, 0x0, 0x1e, 0xc4,
    0x24, 0xce, 0x10, 0xa, 0xe0, 0x0, 0x0, 0xeb,
    0x0, 0xf7, 0x0, 0x0, 0x7, 0xf0, 0x2f, 0x50,
    0x0, 0x0, 0x4f, 0x32, 0xf5, 0x0, 0x0, 0x4,
    0xf3, 0xf, 0x70, 0x0, 0x0, 0x7f, 0x0, 0xbe,
    0x0, 0x0, 0xe, 0xb0, 0x2, 0xec, 0x42, 0x4c,
    0xe1, 0x0, 0x1, 0x9e, 0xfe, 0x91, 0x0,

    /* U+03A0 "Π" */
    0xaf, 0xff, 0xff, 0xff, 0x2a, 0xc3, 0x33, 0x36,
    0xf2, 0xac, 0x0, 0x0, 0x3f, 0x2a, 0xc0, 0x0,
    0x3, 0xf2, 0xac, 0x0, 0x0, 0x3f, 0x2a, 0xc0,
    0x0, 0x3, 0xf2, 0xac, 0x0, 0x0, 0x3f, 0x2a,
    0xc0, 0x0, 0x3, 0xf2, 0xac, 0x0, 0x0, 0x3f,
    0x2a, 0xc0, 0x0, 0x3, 0xf2,

    /* U+03A1 "Ρ" */
    0xaf, 0xff, 0xd8, 0xa, 0xc2, 0x26, 0xf8, 0xac,
    0x0, 0x9, 0xda, 0xc0, 0x0, 0x8e, 0xac, 0x0,
    0x3e, 0xaa, 0xff, 0xff, 0xb1, 0xac, 0x22, 0x0,
    0xa, 0xc0, 0x0, 0x0, 0xac, 0x0, 0x0, 0xa,
    0xc0, 0x0, 0x0,

    /* U+03A3 "Σ" */
    0xaf, 0xff, 0xff, 0xd5, 0xf7, 0x33, 0x32, 0x6,
    0xf3, 0x0, 0x0, 0x7, 0xf3, 0x0, 0x0, 0x9,
    0xe1, 0x0, 0x1, 0xe9, 0x0, 0x0, 0xcc, 0x0,
    0x0, 0x9e, 0x10, 0x0, 0x5f, 0x63, 0x33, 0x2a,
    0xff, 0xff, 0xff,

    /* U+03A4 "Τ" */
    0xf, 0xff, 0xff, 0xff, 0xf9, 0x3, 0x33, 0x8f,
    0x33, 0x31, 0x0, 0x0, 0x6f, 0x0, 0x0, 0x0,
    0x0, 0x6f, 0x0, 0x0, 0x0, 0x0, 0x6f, 0x0,
    0x0, 0x0, 0x0, 0x6f, 0x0, 0x0, 0x0, 0x0,
    0x6f, 0x0, 0x0, 0x0, 0x0, 0x6f, 0x0, 0x0,
    0x0, 0x0, 0x6f, 0x0, 0x0, 0x0, 0x0, 0x6f,
    0x0, 0x0,

    /* U+03A5 "Υ" */
    0xa, 0xc0, 0x0, 0x4, 0xf3, 0x1, 0xe7, 0x0,
    0xe, 0x80, 0x0, 0x4f, 0x30, 0x9d, 0x0, 0x0,
    0x9, 0xd5, 0xf3, 0x0, 0x0, 0x0, 0xef, 0x70,
    0x0, 0x0, 0x0, 0x7f, 0x0, 0x0, 0x0, 0x0,
    0x6f, 0x0, 0x0, 0x0, 0x0, 0x6f, 0x0, 0x0,
    0x0, 0x0, 0x6f, 0x0, 0x0, 0x0, 0x0, 0x6f,
    0x0, 0x0,

    /* U+03A6 "Φ" */
    0x0, 0x0, 0x2f, 0x30, 0x0, 0x0, 0x2, 0x9d,
    0xfe, 0xa2, 0x0, 0x4, 0xfa, 0x6f, 0x7a, 0xf5,
    0x0, 0xeb, 0x2, 0xf3, 0xa, 0xe0, 0x2f, 0x50,
    0x2f, 0x30, 0x5f, 0x22, 0xf5, 0x2, 0xf3, 0x4,
    0xf2, 0xe, 0xb0, 0x2f, 0x30, 0xae, 0x0, 0x4f,
    0xa6, 0xf6, 0xaf, 0x50, 0x0, 0x2a, 0xef, 0xea,
    0x20, 0x0, 0x0, 0x2, 0xf3, 0x0, 0x0,

    /* U+03A7 "Χ" */
    0xc, 0xb0, 0x0, 0xd, 0x90, 0x2, 0xf6, 0x0,
    0x9d, 0x0, 0x0, 0x6f, 0x14, 0xf3, 0x0, 0x0,
    0xb, 0xce, 0x80, 0x0, 0x0, 0x2, 0xfd, 0x0,
    0x0, 0x0, 0x8, 0xff, 0x20, 0x0, 0x0, 0x3f,
    0x4b, 0xc0, 0x0, 0x0, 0xd9, 0x1, 0xe7, 0x0,
    0x8, 0xd0, 0x0, 0x5f, 0x20, 0x3f, 0x40, 0x0,
    0xa, 0xc0,

    /* U+03A8 "Ψ" */
    0x3f, 0x40, 0x2f, 0x30, 0x3f, 0x43, 0xf4, 0x2,
    0xf3, 0x3, 0xf4, 0x3f, 0x40, 0x2f, 0x30, 0x3f,
    0x32, 0xf5, 0x2, 0xf3, 0x4, 0xf2, 0xf, 0x80,
    0x2f, 0x30, 0x7f, 0x0, 0x9f, 0x12, 0xf3, 0x1e,
    0x90, 0x0, 0xdd, 0x7f, 0x8d, 0xd1, 0x0, 0x1,
    0x9e, 0xfe, 0x91, 0x0, 0x0, 0x0, 0x2f, 0x30,
    0x0, 0x0, 0x0, 0x2, 0xf3, 0x0, 0x0,

    /* U+03A9 "Ω" */
    0x0, 0x2a, 0xef, 0xd8, 0x0, 0x0, 0x3f, 0xc5,
    0x46, 0xed, 0x0, 0xd, 0xc0, 0x0, 0x1, 0xf9,
    0x3, 0xf4, 0x0, 0x0, 0x9, 0xe0, 0x5f, 0x10,
    0x0, 0x0, 0x6f, 0x4, 0xf2, 0x0, 0x0, 0x7,
    0xf0, 0xf, 0x70, 0x0, 0x0, 0xca, 0x0, 0x6f,
    0x20, 0x0, 0x6f, 0x20, 0x13, 0xbe, 0x40, 0x8f,
    0x83, 0x7, 0xff, 0xfa, 0xf, 0xff, 0xf2,

    /* U+03AA "Ϊ" */
    0x10, 0x1, 0xf, 0x64, 0xf1, 0x42, 0x14, 0x0,
    0x0, 0x0, 0xa, 0xc0, 0x0, 0xac, 0x0, 0xa,
    0xc0, 0x0, 0xac, 0x0, 0xa, 0xc0, 0x0, 0xac,
    0x0, 0xa, 0xc0, 0x0, 0xac, 0x0, 0xa, 0xc0,
    0x0, 0xac, 0x0,

    /* U+03AB "Ϋ" */
    0x0, 0x1, 0x10, 0x10, 0x0, 0x0, 0xc, 0xa1,
    0xf4, 0x0, 0x0, 0x3, 0x20, 0x41, 0x0, 0x0,
    0x0, 0x0, 0x0, 0x0, 0xa, 0xc0, 0x0, 0x4,
    0xf3, 0x1, 0xe7, 0x0, 0xe, 0x80, 0x0, 0x4f,
    0x30, 0x9d, 0x0, 0x0, 0x9, 0xd5, 0xf3, 0x0,
    0x0, 0x0, 0xef, 0x70, 0x0, 0x0, 0x0, 0x7f,
    0x0, 0x0, 0x0, 0x0, 0x6f, 0x0, 0x0, 0x0,
    0x0, 0x6f, 0x0, 0x0, 0x0, 0x0, 0x6f, 0x0,
    0x0, 0x0, 0x0, 0x6f, 0x0, 0x0,

    /* U+03AC "ά" */
    0x0, 0x0, 0x7, 0x20, 0x0, 0x0, 0x9, 0xa0,
    0x0, 0x0, 0x5, 0xb0, 0x0, 0x0, 0x0, 0x0,
    0x0, 0x0, 0x0, 0x9e, 0xe8, 0xf, 0x10, 0xac,
    0x11, 0xe9, 0xc0, 0x1f, 0x50, 0x8, 0xf7, 0x3,
    0xf2, 0x0, 0x5f, 0x20, 0x2f, 0x20, 0x4, 0xf0,
    0x0, 0xf4, 0x0, 0x9f, 0x10, 0xa, 0xc0, 0x2f,
    0xe5, 0x0, 0x1a, 0xee, 0x74, 0xe8,

    /* U+03AD "έ" */
    0x0, 0x0, 0x17, 0x10, 0x0, 0xc, 0x70, 0x0,
    0x8, 0x90, 0x0, 0x0, 0x0, 0x0, 0x2, 0xbf,
    0xfd, 0x40, 0xcb, 0x32, 0x42, 0xc, 0x90, 0x0,
    0x0, 0x2d, 0xff, 0x10, 0xa, 0xb3, 0x20, 0x0,
    0xf3, 0x0, 0x0, 0xd, 0xb2, 0x13, 0x40, 0x2a,
    0xef, 0xd6,

    /* U+03AE "ή" */
    0x0, 0x0, 0x37, 0x0, 0x0, 0x1d, 0x40, 0x0,
    0xb, 0x60, 0x0, 0x0, 0x0, 0x0, 0xb9, 0x9e,
    0xe8, 0xb, 0xf5, 0x2, 0xf5, 0xbb, 0x0, 0xa,
    0x9b, 0x80, 0x0, 0x9a, 0xb8, 0x0, 0x9, 0xbb,
    0x80, 0x0, 0x9b, 0xb8, 0x0, 0x9, 0xbb, 0x80,
    0x0, 0x9b, 0x0, 0x0, 0x9, 0xb0, 0x0, 0x0,
    0x9b, 0x0, 0x0, 0x9, 0xb0,

    /* U+03AF "ί" */
    0x0, 0x72, 0x9, 0xa0, 0x5b, 0x0, 0x0, 0x0,
    0xd6, 0x0, 0xd6, 0x0, 0xd6, 0x0, 0xd6, 0x0,
    0xd6, 0x0, 0xd7, 0x0, 0xab, 0x10, 0x2c, 0xf4,

    /* U+03B0 "ΰ" */
    0x0, 0xb, 0x80, 0x0, 0x8, 0xa0, 0x0, 0x0,
    0x70, 0x0, 0x5, 0xf0, 0xab, 0x0, 0x26, 0x4,
    0x40, 0x0, 0x0, 0x0, 0x0, 0xf5, 0x0, 0xb7,
    0xf, 0x50, 0x3, 0xe0, 0xf5, 0x0, 0x1f, 0x3f,
    0x50, 0x0, 0xf3, 0xf5, 0x0, 0x3f, 0x2e, 0x50,
    0x8, 0xd0, 0xac, 0x25, 0xf4, 0x1, 0xbf, 0xd5,
    0x0,

    /* U+03B1 "α" */
    0x0, 0x9e, 0xe8, 0xf, 0x10, 0xac, 0x11, 0xe9,
    0xc0, 0x1f, 0x50, 0x8, 0xf7, 0x3, 0xf2, 0x0,
    0x5f, 0x20, 0x2f, 0x20, 0x4, 0xf0, 0x0, 0xf4,
    0x0, 0x9f, 0x10, 0xa, 0xc0, 0x2f, 0xe5, 0x0,
    0x1a, 0xee, 0x74, 0xe8,

    /* U+03B2 "β" */
    0x8, 0xef, 0xc3, 0x5, 0xf4, 0x18, 0xe0, 0x9a,
    0x0, 0x1f, 0x2a, 0x90, 0x2, 0xf1, 0xb9, 0x2,
    0xbd, 0xb, 0x98, 0xff, 0x60, 0xb9, 0x13, 0x7f,
    0x7b, 0x90, 0x0, 0x7e, 0xb9, 0x0, 0x6, 0xdb,
    0xf6, 0x24, 0xd8, 0xbc, 0xdf, 0xe9, 0xb, 0x90,
    0x0, 0x0, 0xb9, 0x0, 0x0, 0xb, 0x90, 0x0,
    0x0,

    /* U+03B3 "γ" */
    0xcc, 0x10, 0x0, 0xaa, 0x2c, 0x80, 0x1, 0xf4,
    0x5, 0xe0, 0x7, 0xe0, 0x0, 0xf3, 0xd, 0x80,
    0x0, 0xa9, 0x3f, 0x20, 0x0, 0x5e, 0x9b, 0x0,
    0x0, 0xf, 0xf5, 0x0, 0x0, 0xa, 0xe0, 0x0,
    0x0, 0x7, 0xc0, 0x0, 0x0, 0x7, 0xc0, 0x0,
    0x0, 0x7, 0xc0, 0x0,

    /* U+03B4 "δ" */
    0x0, 0x9e, 0xfe, 0x90, 0x6, 0xe3, 0x12, 0x40,
    0x3, 0xf9, 0x40, 0x0, 0x1, 0x91, 0x29, 0x80,
    0xb, 0x50, 0x0, 0xd5, 0x1f, 0x20, 0x0, 0x9a,
    0x2f, 0x20, 0x0, 0x9c, 0xf, 0x60, 0x0, 0xd9,
    0x9, 0xe4, 0x29, 0xf2, 0x0, 0x9e, 0xfc, 0x30,

    /* U+03B5 "ε" */
    0x2, 0xbf, 0xfd, 0x40, 0xcb, 0x32, 0x42, 0xc,
    0x90, 0x0, 0x0, 0x2d, 0xff, 0x10, 0xa, 0xb3,
    0x20, 0x0, 0xf3, 0x0, 0x0, 0xd, 0xb2, 0x13,
    0x40, 0x2a, 0xef, 0xd6,

    /* U+03B6 "ζ" */
    0xf, 0xff, 0xff, 0xf0, 0x44, 0x5d, 0xf8, 0x0,
    0x2d, 0xc2, 0x0, 0x1d, 0xb0, 0x0, 0x9, 0xd0,
    0x0, 0x0, 0xf5, 0x0, 0x0, 0x2f, 0x10, 0x0,
    0x3, 0xf0, 0x0, 0x0, 0x1f, 0x40, 0x0, 0x0,
    0xae, 0x52, 0x0, 0x0, 0x8d, 0xff, 0x40, 0x0,
    0x0, 0x8c, 0x0, 0x0, 0x9, 0xc0, 0x0, 0x4,
    0xd3,

    /* U+03B7 "η" */
    0xb9, 0x9e, 0xe8, 0xb, 0xf5, 0x2, 0xf5, 0xbb,
    0x0, 0xa, 0x9b, 0x80, 0x0, 0x9a, 0xb8, 0x0,
    0x9, 0xbb, 0x80, 0x0, 0x9b, 0xb8, 0x0, 0x9,
    0xbb, 0x80, 0x0, 0x9b, 0x0, 0x0, 0x9, 0xb0,
    0x0, 0x0, 0x9b, 0x0, 0x0, 0x9, 0xb0,

    /* U+03B8 "θ" */
    0x0, 0x6d, 0xfb, 0x10, 0x4, 0xf4, 0x1a, 0xd0,
    0xc, 0x90, 0x0, 0xf5, 0xf, 0x50, 0x0, 0xc9,
    0x2f, 0x20, 0x0, 0x9b, 0x3f, 0xff, 0xff, 0xfc,
    0x2f, 0x43, 0x33, 0xab, 0xf, 0x30, 0x0, 0xb9,
    0xc, 0x80, 0x0, 0xf5, 0x4, 0xf4, 0x19, 0xd0,
    0x0, 0x6d, 0xfb, 0x10,

    /* U+03B9 "ι" */
    0xd6, 0x0, 0xd6, 0x0, 0xd6, 0x0, 0xd6, 0x0,
    0xd6, 0x0, 0xd7, 0x0, 0xab, 0x10, 0x2c, 0xf4,

    /* U+03BA "κ" */
    0xb9, 0x0, 0x9d, 0x1b, 0x90, 0x9d, 0x10, 0xb9,
    0x9d, 0x10, 0xb, 0xff, 0xc0, 0x0, 0xbd, 0x2e,
    0x70, 0xb, 0x90, 0x5f, 0x20, 0xb9, 0x0, 0xad,
    0xb, 0x90, 0x1, 0xe8,

    /* U+03BB "λ" */
    0x7, 0xfb, 0x0, 0x0, 0x0, 0x3e, 0x60, 0x0,
    0x0, 0x8, 0xc0, 0x0, 0x0, 0x5, 0xf2, 0x0,
    0x0, 0xb, 0xf8, 0x0, 0x0, 0x2f, 0xbe, 0x0,
    0x0, 0x9c, 0x1f, 0x30, 0x1, 0xf5, 0xb, 0x90,
    0x7, 0xd0, 0x6, 0xe0, 0xe, 0x60, 0x0, 0xf5,
    0x5e, 0x0, 0x0, 0xab,

    /* U+03BC "μ" */
    0xd7, 0x0, 0xa, 0x90, 0xd7, 0x0, 0xa, 0x90,
    0xd7, 0x0, 0xa, 0x90, 0xd7, 0x0, 0xa, 0x90,
    0xd7, 0x0, 0xa, 0x90, 0xd8, 0x0, 0xc, 0x90,
    0xde, 0x42, 0x7f, 0xb1, 0xd9, 0xdf, 0xb6, 0xf7,
    0xd7, 0x0, 0x0, 0x0, 0xd7, 0x0, 0x0, 0x0,
    0xd7, 0x0, 0x0, 0x0,

    /* U+03BD "ν" */
    0x5f, 0x0, 0xd, 0x50, 0x1f, 0x40, 0x6, 0xd0,
    0xc, 0x90, 0x2, 0xf1, 0x7, 0xe0, 0x3, 0xf1,
    0x2, 0xf2, 0x9, 0xc0, 0x0, 0xe7, 0x3f, 0x30,
    0x0, 0x9d, 0xe7, 0x0, 0x0, 0x4f, 0xa0, 0x0,

    /* U+03BE "ξ" */
    0xd, 0xff, 0xff, 0x90, 0x5e, 0xc7, 0x52, 0xb,
    0xa0, 0x0, 0x0, 0xd5, 0x0, 0x0, 0xa, 0xc4,
    0x0, 0x0, 0xa, 0xff, 0xd0, 0x8, 0xe7, 0x42,
    0x2, 0xf3, 0x0, 0x0, 0x3f, 0x10, 0x0, 0x0,
    0xec, 0x42, 0x0, 0x1, 0x9e, 0xff, 0x60, 0x0,
    0x0, 0x6e, 0x0, 0x0, 0x7, 0xe0, 0x0, 0x2,
    0xe4,

    /* U+03BF "ο" */
    0x0, 0x8e, 0xfc, 0x40, 0x8, 0xe4, 0x29, 0xf2,
    0xf, 0x60, 0x0, 0xd9, 0x2f, 0x20, 0x0, 0x9b,
    0x2f, 0x20, 0x0, 0x9b, 0xf, 0x60, 0x0, 0xd8,
    0x8, 0xe4, 0x29, 0xf2, 0x0, 0x8e, 0xfc, 0x40,

    /* U+03C0 "π" */
    0x8f, 0xff, 0xff, 0xfd, 0x2, 0xad, 0x44, 0x9e,
    0x30, 0x8, 0xc0, 0x6, 0xe0, 0x0, 0x8c, 0x0,
    0x6e, 0x0, 0x8, 0xc0, 0x6, 0xe0, 0x0, 0x8c,
    0x0, 0x6e, 0x0, 0x8, 0xc0, 0x5, 0xf2, 0x0,
    0x8c, 0x0, 0x1e, 0xf0,

    /* U+03C1 "ρ" */
    0x2, 0xcf, 0xe8, 0x0, 0x1e, 0x82, 0x5f, 0x70,
    0x7c, 0x0, 0x7, 0xe0, 0xa9, 0x0, 0x3, 0xf0,
    0xb9, 0x0, 0x4, 0xf0, 0xbc, 0x0, 0x7, 0xe0,
    0xbf, 0x82, 0x5f, 0x70, 0xb8, 0x9f, 0xe8, 0x0,
    0xb8, 0x0, 0x0, 0x0, 0xb8, 0x0, 0x0, 0x0,
    0xb8, 0x0, 0x0, 0x0,

    /* U+03C2 "ς" */
    0x0, 0x7d, 0xfe, 0x80, 0x8f, 0x62, 0x36, 0xf,
    0x60, 0x0, 0x3, 0xf2, 0x0, 0x0, 0x3f, 0x20,
    0x0, 0x0, 0xf6, 0x0, 0x0, 0x8, 0xf6, 0x10,
    0x0, 0x7, 0xdf, 0xd2, 0x0, 0x0, 0xb, 0x90,
    0x0, 0x1, 0xc8, 0x0, 0x0, 0x7c, 0x10,

    /* U+03C3 "σ" */
    0x1, 0xae, 0xff, 0xff, 0x70, 0x9e, 0x31, 0x7f,
    0x72, 0xf, 0x50, 0x0, 0xc9, 0x2, 0xf2, 0x0,
    0x9, 0xb0, 0x2f, 0x20, 0x0, 0x9b, 0x0, 0xf6,
    0x0, 0xd, 0x80, 0x8, 0xe4, 0x29, 0xf1, 0x0,
    0x8, 0xef, 0xc3, 0x0,

    /* U+03C4 "τ" */
    0x5f, 0xff, 0xff, 0xfc, 0x14, 0x49, 0xe4, 0x43,
    0x0, 0x7, 0xd0, 0x0, 0x0, 0x7, 0xd0, 0x0,
    0x0, 0x7, 0xd0, 0x0, 0x0, 0x6, 0xd0, 0x0,
    0x0, 0x3, 0xf3, 0x10, 0x0, 0x0, 0x9e, 0xa0,

    /* U+03C5 "υ" */
    0xf5, 0x0, 0xb7, 0xf, 0x50, 0x3, 0xe0, 0xf5,
    0x0, 0x1f, 0x3f, 0x50, 0x0, 0xf3, 0xf5, 0x0,
    0x3f, 0x2e, 0x50, 0x8, 0xd0, 0xac, 0x25, 0xf4,
    0x1, 0xbf, 0xd5, 0x0,

    /* U+03C6 "φ" */
    0x0, 0x97, 0x7f, 0xc2, 0x0, 0x9e, 0x2f, 0x6b,
    0xd0, 0xf, 0x60, 0xf3, 0x2f, 0x42, 0xf2, 0xf,
    0x30, 0xf6, 0x2f, 0x20, 0xf3, 0xf, 0x50, 0xf6,
    0xf, 0x32, 0xf2, 0x8, 0xe4, 0xf6, 0xdb, 0x0,
    0x9, 0xff, 0xfb, 0x10, 0x0, 0x0, 0xf3, 0x0,
    0x0, 0x0, 0xf, 0x30, 0x0, 0x0, 0x0, 0xf3,
    0x0, 0x0,

    /* U+03C7 "χ" */
    0x9e, 0x80, 0x1, 0xf6, 0x5, 0xf3, 0x9, 0xd0,
    0x0, 0xa9, 0x2f, 0x50, 0x0, 0x5e, 0xad, 0x0,
    0x0, 0xe, 0xf4, 0x0, 0x0, 0xc, 0xd0, 0x0,
    0x0, 0x3f, 0xf1, 0x0, 0x0, 0xcb, 0xd6, 0x0,
    0x4, 0xf3, 0x7c, 0x0, 0xc, 0xa0, 0x1f, 0x71,
    0x5f, 0x20, 0x7, 0xea,

    /* U+03C8 "ψ" */
    0x3f, 0x0, 0xf3, 0xd, 0x63, 0xf0, 0xf, 0x30,
    0xd6, 0x3f, 0x0, 0xf3, 0xd, 0x63, 0xf0, 0xf,
    0x30, 0xd6, 0x3f, 0x0, 0xf3, 0xd, 0x61, 0xf2,
    0xf, 0x30, 0xf5, 0xc, 0xb2, 0xf5, 0x9f, 0x10,
    0x1a, 0xff, 0xfc, 0x30, 0x0, 0x1, 0xf4, 0x0,
    0x0, 0x0, 0xf, 0x30, 0x0, 0x0, 0x0, 0xf3,
    0x0, 0x0,

    /* U+03C9 "ω" */
    0x3, 0xf2, 0x0, 0x0, 0x7e, 0x0, 0x9d, 0x0,
    0x0, 0x1, 0xf4, 0xe, 0x80, 0x0, 0x0, 0xd,
    0x90, 0xf6, 0x0, 0xa5, 0x0, 0xbb, 0xf, 0x60,
    0xc, 0x70, 0xb, 0xb0, 0xe8, 0x0, 0xfa, 0x0,
    0xd9, 0x9, 0xe3, 0x7b, 0xe3, 0x6f, 0x40, 0x1b,
    0xfd, 0x26, 0xee, 0x70,

    /* U+2070 "⁰" */
    0x8, 0xab, 0x50, 0x3a, 0x0, 0xd0, 0x58, 0x0,
    0xc1, 0x3a, 0x0, 0xd0, 0x8, 0xab, 0x50,

    /* U+2074 "⁴" */
    0x0, 0x5f, 0x40, 0x3, 0x8b, 0x40, 0x29, 0xb,
    0x40, 0x7c, 0xce, 0xd2, 0x0, 0xb, 0x40,

    /* U+2075 "⁵" */
    0xe, 0xaa, 0x40, 0xea, 0xa2, 0x0, 0x3, 0xc0,
    0x0, 0x1d, 0x3b, 0xab, 0x40,

    /* U+2076 "⁶" */
    0x5, 0xaa, 0x60, 0x2c, 0x9a, 0x40, 0x5d, 0x0,
    0xd0, 0x3c, 0x0, 0xd1, 0x8, 0xaa, 0x70,

    /* U+2077 "⁷" */
    0x2a, 0xab, 0xd0, 0x0, 0x85, 0x0, 0x1c, 0x0,
    0x9, 0x50, 0x1, 0xc0, 0x0,

    /* U+2078 "⁸" */
    0x9, 0x99, 0xa0, 0x2f, 0xbc, 0x60, 0x4, 0x0,
    0xd0, 0x59, 0x0, 0xd0, 0x1b, 0xab, 0x60,

    /* U+2079 "⁹" */
    0x1b, 0xaa, 0x40, 0x58, 0x0, 0xe0, 0x8, 0xa8,
    0xe0, 0x0, 0x2, 0xd0, 0xa, 0xab, 0x20,

    /* U+2080 "₀" */
    0x6, 0xbb, 0x30, 0x1c, 0x1, 0xc0, 0x58, 0x0,
    0xd0, 0x68, 0x0, 0xc1, 0x59, 0x0, 0xd0, 0x1c,
    0x1, 0xc0, 0x6, 0xbb, 0x30,

    /* U+2081 "₁" */
    0xc, 0xf7, 0x0, 0x38, 0x70, 0x0, 0x87, 0x0,
    0x8, 0x70, 0x0, 0x87, 0x0, 0x8, 0x70, 0xc,
    0xee, 0xb0,

    /* U+2082 "₂" */
    0x3c, 0xdc, 0x11, 0x10, 0x89, 0x0, 0x7, 0x80,
    0x2, 0xe1, 0x0, 0xd4, 0x0, 0xb6, 0x0, 0x5f,
    0xee, 0xa0,

    /* U+2083 "₃" */
    0x1d, 0xdd, 0x30, 0x0, 0x6b, 0x0, 0x7, 0x80,
    0x2e, 0xe3, 0x0, 0x5, 0xd0, 0x0, 0x5c, 0x3d,
    0xdc, 0x30,

    /* U+2084 "₄" */
    0x0, 0x2f, 0x40, 0x0, 0xad, 0x40, 0x3, 0x8b,
    0x40, 0xb, 0x1b, 0x40, 0x47, 0xb, 0x40, 0x8d,
    0xdf, 0xe2, 0x0, 0xb, 0x40,

    /* U+2085 "₅" */
    0xf, 0xbb, 0x50, 0xc0, 0x0, 0xe, 0xca, 0x10,
    0x10, 0x5b, 0x0, 0x0, 0xe0, 0x0, 0x3b, 0x3c,
    0xbc, 0x20,

    /* U+2086 "₆" */
    0x3, 0xbb, 0x80, 0xc, 0x10, 0x0, 0x3b, 0xab,
    0x30, 0x5e, 0x11, 0xd0, 0x4b, 0x0, 0xc1, 0x1d,
    0x0, 0xd0, 0x5, 0xbb, 0x50,

    /* U+2087 "₇" */
    0x3b, 0xbc, 0xe0, 0x0, 0x68, 0x0, 0xb, 0x30,
    0x1, 0xd0, 0x0, 0x77, 0x0, 0xd, 0x10, 0x2,
    0xc0, 0x0,

    /* U+2088 "₈" */
    0x9, 0xbc, 0x50, 0x2b, 0x0, 0xd0, 0x1b, 0x1,
    0xc0, 0x9, 0xde, 0x40, 0x4b, 0x1, 0xd0, 0x49,
    0x0, 0xd0, 0x9, 0xbc, 0x70,

    /* U+2089 "₉" */
    0x9, 0xbb, 0x20, 0x4a, 0x2, 0xb0, 0x67, 0x0,
    0xf0, 0x3b, 0x3, 0xf1, 0x7, 0xb9, 0xd0, 0x0,
    0x3, 0xa0, 0xb, 0xba, 0x10,

    /* U+2190 "←" */
    0x0, 0x2, 0x0, 0x0, 0x0, 0x0, 0x8, 0xe0,
    0x0, 0x0, 0x0, 0x8, 0xe3, 0x0, 0x0, 0x0,
    0x4, 0xff, 0xff, 0xff, 0xff, 0xfe, 0xb, 0xe4,
    0x33, 0x33, 0x33, 0x20, 0xb, 0xd0, 0x0, 0x0,
    0x0, 0x0, 0x5, 0x0, 0x0, 0x0, 0x0,

    /* U+2191 "↑" */
    0x0, 0x3, 0x0, 0x0, 0x6, 0xfb, 0x0, 0x6,
    0xff, 0xfb, 0x1, 0xf4, 0xe5, 0xd6, 0x1, 0xe,
    0x41, 0x0, 0x0, 0xe4, 0x0, 0x0, 0xe, 0x40,
    0x0, 0x0, 0xe4, 0x0, 0x0, 0xe, 0x40, 0x0,
    0x0, 0xe4, 0x0, 0x0, 0xe, 0x40, 0x0,

    /* U+2192 "→" */
    0x0, 0x0, 0x0, 0x0, 0x20, 0x0, 0x0, 0x0,
    0x0, 0x3, 0xf4, 0x0, 0x0, 0x0, 0x0, 0x0,
    0x6f, 0x40, 0x3f, 0xff, 0xff, 0xff, 0xff, 0xf0,
    0x3, 0x33, 0x33, 0x33, 0x6f, 0x70, 0x0, 0x0,
    0x0, 0x3, 0xf7, 0x0, 0x0, 0x0, 0x0, 0x0,
    0x50, 0x0,

    /* U+2193 "↓" */
    0x0, 0x2, 0x0, 0x0, 0x0, 0xe4, 0x0, 0x0,
    0xe, 0x40, 0x0, 0x0, 0xe4, 0x0, 0x0, 0xe,
    0x40, 0x0, 0x0, 0xe4, 0x0, 0x0, 0xe, 0x40,
    0x0, 0x30, 0xe4, 0x20, 0x1f, 0x7e, 0x7e, 0x60,
    0x3f, 0xff, 0x80, 0x0, 0x3f, 0x80, 0x0, 0x0,
    0x0, 0x0,

    /* U+2194 "↔" */
    0x0, 0x2, 0x0, 0x0, 0x20, 0x0, 0x0, 0x8e,
    0x0, 0x3, 0xf4, 0x0, 0x8, 0xe3, 0x0, 0x0,
    0x6f, 0x40, 0x4f, 0xff, 0xff, 0xff, 0xff, 0xf0,
    0xb, 0xe4, 0x33, 0x33, 0x6f, 0x70, 0x0, 0xbd,
    0x0, 0x2, 0xf7, 0x0, 0x0, 0x5, 0x0, 0x0,
    0x50, 0x0,

    /* U+2195 "↕" */
    0x0, 0x3, 0x0, 0x0, 0x6, 0xfb, 0x0, 0x6,
    0xff, 0xfb, 0x1, 0xf4, 0xe5, 0xd6, 0x1, 0xe,
    0x41, 0x0, 0x0, 0xe4, 0x0, 0x0, 0xe, 0x40,
    0x0, 0x20, 0xe4, 0x20, 0x1f, 0x6e, 0x6e, 0x60,
    0x4f, 0xff, 0x90, 0x0, 0x4f, 0x90, 0x0, 0x0,
    0x10, 0x0,

    /* U+2196 "↖" */
    0x2, 0x33, 0x30, 0x0, 0x0, 0xff, 0xff, 0x30,
    0x0, 0xf, 0xf8, 0x0, 0x0, 0x0, 0xf5, 0xe8,
    0x0, 0x0, 0xf, 0x23, 0xe8, 0x0, 0x0, 0x0,
    0x3, 0xe8, 0x0, 0x0, 0x0, 0x3, 0xe8, 0x0,
    0x0, 0x0, 0x3, 0xe7, 0x0, 0x0, 0x0, 0x3,
    0x30,

    /* U+2197 "↗" */
    0x0, 0x1, 0x33, 0x31, 0x0, 0x4, 0xff, 0xfe,
    0x0, 0x0, 0x9, 0xfe, 0x0, 0x0, 0x9e, 0x6e,
    0x0, 0x9, 0xe2, 0x3e, 0x0, 0x9e, 0x20, 0x0,
    0x9, 0xe2, 0x0, 0x0, 0x9e, 0x20, 0x0, 0x0,
    0x42, 0x0, 0x0, 0x0,

    /* U+2198 "↘" */
    0x96, 0x0, 0x0, 0x0, 0x4f, 0x60, 0x0, 0x0,
    0x4, 0xf6, 0x0, 0x0, 0x0, 0x4f, 0x60, 0x15,
    0x0, 0x4, 0xf6, 0x3e, 0x0, 0x0, 0x4f, 0x9e,
    0x0, 0x1, 0x49, 0xfe, 0x0, 0x4, 0xdd, 0xdb,

    /* U+2199 "↙" */
    0x0, 0x0, 0x0, 0x7, 0x70, 0x0, 0x0, 0x7,
    0xf3, 0x0, 0x0, 0x7, 0xf3, 0x0, 0x60, 0x7,
    0xf3, 0x0, 0xf, 0x27, 0xf3, 0x0, 0x0, 0xf9,
    0xf3, 0x0, 0x0, 0xf, 0xf8, 0x40, 0x0, 0x0,
    0xcd, 0xdd, 0x20, 0x0,

    /* U+219A "↚" */
    0x0, 0x2, 0x0, 0x0, 0x20, 0x0, 0x8, 0xe0,
    0x0, 0x5e, 0x0, 0x8, 0xe3, 0x0, 0xe, 0x70,
    0x4, 0xff, 0xff, 0xff, 0xff, 0xfe, 0xb, 0xe4,
    0x34, 0xf5, 0x33, 0x20, 0xb, 0xd0, 0xab, 0x0,
    0x0, 0x0, 0x5, 0x3, 0x20, 0x0, 0x0,

    /* U+219B "↛" */
    0x0, 0x0, 0x1, 0x0, 0x20, 0x0, 0x0, 0x0,
    0xd, 0x73, 0xf4, 0x0, 0x0, 0x0, 0x6e, 0x0,
    0x6f, 0x40, 0x3f, 0xff, 0xff, 0xff, 0xff, 0xf0,
    0x3, 0x3b, 0xc3, 0x33, 0x6f, 0x70, 0x0, 0x2f,
    0x30, 0x3, 0xf7, 0x0, 0x0, 0x5, 0x0, 0x0,
    0x50, 0x0,

    /* U+219C "↜" */
    0x0, 0x0, 0x0, 0x0, 0x0, 0x0, 0xbe, 0xee,
    0x40, 0x1a, 0xfd, 0x40, 0xef, 0x84, 0x10, 0xca,
    0x37, 0xf2, 0xeb, 0xf4, 0x7, 0xe0, 0x0, 0x20,
    0xe3, 0x7f, 0xfe, 0x30, 0x0, 0x0, 0x51, 0x1,
    0x30, 0x0, 0x0, 0x0,

    /* U+219D "↝" */
    0x0, 0x0, 0x0, 0x0, 0x0, 0x0, 0x0, 0x1b,
    0xfd, 0x30, 0xe, 0xee, 0xd2, 0xc, 0xa3, 0x7f,
    0x10, 0x45, 0xff, 0x30, 0x20, 0x0, 0xab, 0x1,
    0xcb, 0xf3, 0x0, 0x0, 0x1, 0xcf, 0xfb, 0xe,
    0x30, 0x0, 0x0, 0x0, 0x22, 0x0, 0x51,

    /* U+219E "↞" */
    0x0, 0x2, 0x0, 0x20, 0x0, 0x0, 0x8, 0xe0,
    0x4f, 0x30, 0x0, 0x8, 0xe3, 0x4f, 0x60, 0x0,
    0x4, 0xff, 0xff, 0xff, 0xff, 0xfe, 0xb, 0xe4,
    0x7f, 0x63, 0x33, 0x20, 0xb, 0xd0, 0x7f, 0x30,
    0x0, 0x0, 0x5, 0x0, 0x50, 0x0, 0x0,

    /* U+219F "↟" */
    0x0, 0x3, 0x0, 0x0, 0x6, 0xfb, 0x0, 0x6,
    0xff, 0xfb, 0x1, 0xf4, 0xe5, 0xd6, 0x1, 0x3f,
    0x71, 0x0, 0x3e, 0xff, 0x70, 0x1e, 0x8e, 0x7f,
    0x50, 0x40, 0xe4, 0x31, 0x0, 0xe, 0x40, 0x0,
    0x0, 0xe4, 0x0, 0x0, 0xe, 0x40, 0x0,

    /* U+21A0 "↠" */
    0x0, 0x0, 0x1, 0x0, 0x20, 0x0, 0x0, 0x0,
    0x7d, 0x13, 0xf4, 0x0, 0x0, 0x0, 0xa, 0xd1,
    0x6f, 0x40, 0x3f, 0xff, 0xff, 0xff, 0xff, 0xf0,
    0x3, 0x33, 0x3a, 0xf4, 0x6f, 0x70, 0x0, 0x0,
    0x6f, 0x33, 0xf7, 0x0, 0x0, 0x0, 0x23, 0x0,
    0x50, 0x0,

    /* U+21A1 "↡" */
    0x0, 0x2, 0x0, 0x0, 0x0, 0xe3, 0x0, 0x0,
    0xe, 0x30, 0x0, 0x0, 0xe3, 0x0, 0x7, 0xe,
    0x36, 0x21, 0xdb, 0xea, 0xf4, 0x1, 0xdf, 0xf4,
    0x0, 0x31, 0xf5, 0x20, 0x1f, 0x7e, 0x6e, 0x50,
    0x3f, 0xff, 0x80, 0x0, 0x3f, 0x80, 0x0, 0x0,
    0x0, 0x0,

    /* U+21A2 "↢" */
    0x0, 0x2, 0x0, 0x0, 0x0, 0x10, 0x8, 0xe0,
    0x0, 0x0, 0xba, 0x8, 0xe3, 0x0, 0x0, 0xbc,
    0x14, 0xff, 0xff, 0xff, 0xff, 0x10, 0xb, 0xe4,
    0x33, 0x33, 0xda, 0x0, 0xb, 0xd0, 0x0, 0x1,
    0xd9, 0x0, 0x5, 0x0, 0x0, 0x1, 0x30,

    /* U+21A3 "↣" */
    0x2, 0x0, 0x0, 0x0, 0x20, 0x0, 0xe, 0x80,
    0x0, 0x3, 0xf4, 0x0, 0x3, 0xe8, 0x0, 0x0,
    0x6f, 0x40, 0x0, 0x4f, 0xff, 0xff, 0xff, 0xf0,
    0x1, 0xdb, 0x33, 0x33, 0x6f, 0x70, 0xd, 0xb0,
    0x0, 0x2, 0xf7, 0x0, 0x5, 0x0, 0x0, 0x0,
    0x50, 0x0,

    /* U+21A4 "↤" */
    0x0, 0x0, 0x0, 0x0, 0x0, 0x10, 0x5, 0xd0,
    0x0, 0x0, 0x3f, 0x5, 0xf5, 0x0, 0x0, 0x3,
    0xf3, 0xfe, 0xcc, 0xcc, 0xcc, 0xcf, 0x1d, 0xe6,
    0x66, 0x66, 0x68, 0xf0, 0x1d, 0xa0, 0x0, 0x0,
    0x3f, 0x0, 0x18, 0x0, 0x0, 0x2, 0xb0,

    /* U+21A5 "↥" */
    0x0, 0x2, 0x10, 0x0, 0x3, 0xfd, 0x10, 0x3,
    0xff, 0xfd, 0x10, 0xd7, 0xb7, 0xb9, 0x1, 0xb,
    0x70, 0x0, 0x0, 0xb7, 0x0, 0x0, 0xb, 0x70,
    0x0, 0x0, 0xb7, 0x0, 0x0, 0xb, 0x70, 0x0,
    0x22, 0xc8, 0x22, 0x1f, 0xff, 0xff, 0xd0,

    /* U+21A6 "↦" */
    0x1, 0x0, 0x0, 0x0, 0x0, 0x0, 0x3f, 0x0,
    0x0, 0x3, 0xd2, 0x0, 0x3f, 0x0, 0x0, 0x0,
    0x9e, 0x20, 0x3f, 0xcc, 0xcc, 0xcc, 0xcf, 0xe0,
    0x3f, 0x66, 0x66, 0x66, 0x8f, 0xa0, 0x3f, 0x0,
    0x0, 0x1, 0xda, 0x0, 0x2b, 0x0, 0x0, 0x1,
    0x80, 0x0,

    /* U+21A7 "↧" */
    0x3, 0x33, 0x33, 0x20, 0xff, 0xff, 0xfc, 0x0,
    0xb, 0x70, 0x0, 0x0, 0xb7, 0x0, 0x0, 0xb,
    0x70, 0x0, 0x0, 0xb7, 0x0, 0x0, 0xb, 0x70,
    0x0, 0x30, 0xb7, 0x11, 0xd, 0xab, 0x8d, 0x90,
    0x1d, 0xff, 0xb0, 0x0, 0x1d, 0xb0, 0x0, 0x0,
    0x0, 0x0,

    /* U+21A8 "↨" */
    0x0, 0x2, 0x10, 0x0, 0x3, 0xfd, 0x10, 0x3,
    0xff, 0xfd, 0x10, 0xd7, 0xb7, 0xb9, 0x1, 0xb,
    0x70, 0x0, 0x0, 0xb7, 0x0, 0x6, 0x1b, 0x73,
    0x30, 0xbc, 0xca, 0xe7, 0x0, 0xbf, 0xf8, 0x0,
    0x23, 0xda, 0x22, 0x1f, 0xff, 0xff, 0xd0,

    /* U+21A9 "↩" */
    0x0, 0x2, 0x0, 0x0, 0x1c, 0x20, 0x8, 0xe0,
    0x0, 0x0, 0x9c, 0x8, 0xe3, 0x0, 0x0, 0x6,
    0xd4, 0xff, 0xff, 0xff, 0xff, 0xf5, 0xb, 0xe4,
    0x33, 0x33, 0x31, 0x0, 0xb, 0xd0, 0x0, 0x0,
    0x0, 0x0, 0x5, 0x0, 0x0, 0x0, 0x0,

    /* U+21AA "↪" */
    0x5, 0xb0, 0x0, 0x0, 0x20, 0x0, 0x1f, 0x50,
    0x0, 0x3, 0xf4, 0x0, 0x1f, 0x20, 0x0, 0x0,
    0x6f, 0x40, 0x9, 0xff, 0xff, 0xff, 0xff, 0xf0,
    0x0, 0x13, 0x33, 0x33, 0x6f, 0x70, 0x0, 0x0,
    0x0, 0x3, 0xf7, 0x0, 0x0, 0x0, 0x0, 0x0,
    0x50, 0x0,

    /* U+21AB "↫" */
    0x0, 0x2, 0x0, 0x5, 0xdc, 0x20, 0x8, 0xe0,
    0x0, 0xf6, 0x9c, 0x8, 0xe3, 0x0, 0x2f, 0x6,
    0xd4, 0xff, 0xff, 0xff, 0xff, 0xf5, 0xb, 0xe4,
    0x33, 0x5f, 0x21, 0x0, 0xb, 0xd0, 0x1, 0xb0,
    0x0, 0x0, 0x5, 0x0, 0x0, 0x0, 0x0,

    /* U+21AC "↬" */
    0x5, 0xdc, 0x20, 0x0, 0x20, 0x0, 0x1f, 0x69,
    0xb0, 0x3, 0xf4, 0x0, 0x1f, 0x24, 0xe0, 0x0,
    0x6f, 0x40, 0x9, 0xff, 0xff, 0xff, 0xff, 0xf0,
    0x0, 0x16, 0xe3, 0x33, 0x6f, 0x70, 0x0, 0x2,
    0xa0, 0x3, 0xf7, 0x0, 0x0, 0x0, 0x0, 0x0,
    0x50, 0x0,

    /* U+21AD "↭" */
    0x0, 0x2, 0x0, 0x0, 0x20, 0x0, 0x0, 0x7e,
    0x0, 0x3, 0xf4, 0x0, 0x7, 0xf3, 0x8, 0x60,
    0x6f, 0x40, 0x4f, 0xf9, 0xac, 0xe7, 0xcf, 0xf0,
    0xb, 0xec, 0xb1, 0x3c, 0xbf, 0x70, 0x0, 0xbc,
    0x0, 0x2, 0xe7, 0x0, 0x0, 0x5, 0x0, 0x0,
    0x50, 0x0,

    /* U+21AE "↮" */
    0x0, 0x2, 0x0, 0x41, 0x20, 0x0, 0x0, 0x8e,
    0x0, 0xf7, 0xf4, 0x0, 0x8, 0xe3, 0x5, 0xe0,
    0x6f, 0x40, 0x4f, 0xff, 0xff, 0xff, 0xff, 0xf0,
    0xb, 0xe4, 0x4f, 0x43, 0x6f, 0x70, 0x0, 0xbd,
    0x7c, 0x2, 0xf7, 0x0, 0x0, 0x5, 0x45, 0x0,
    0x50, 0x0,

    /* U+21AF "↯" */
    0x2, 0x0, 0x0, 0x0, 0xf, 0x20, 0x0, 0x10,
    0x3f, 0x0, 0x1a, 0x70, 0x6c, 0x7, 0xff, 0x50,
    0x8d, 0xed, 0x4f, 0x20, 0xbe, 0x60, 0x3f, 0x0,
    0x71, 0x0, 0x6c, 0x0, 0x0, 0x92, 0x99, 0x0,
    0x0, 0x9c, 0xc7, 0xa8, 0x0, 0xd, 0xff, 0xc2,
    0x0, 0x3, 0xf7, 0x0, 0x0, 0x0, 0x0, 0x0,

    /* U+21B0 "↰" */
    0x0, 0x2, 0x0, 0x0, 0xb, 0xb0, 0x0, 0xb,
    0xd1, 0x0, 0x7, 0xff, 0xff, 0xfe, 0x1d, 0xd3,
    0x25, 0xe0, 0x1d, 0xa0, 0x3e, 0x0, 0x13, 0x3,
    0xe0, 0x0, 0x0, 0x3e, 0x0, 0x0, 0x3, 0xe0,
    0x0, 0x0, 0x3e, 0x0, 0x0, 0x3, 0xe0,

    /* U+21B1 "↱" */
    0x0, 0x0, 0x20, 0x0, 0x0, 0x0, 0xd9, 0x0,
    0x0, 0x0, 0x2e, 0x90, 0x1f, 0xff, 0xff, 0xf5,
    0x1f, 0x32, 0x3e, 0xb0, 0x1f, 0x10, 0xcb, 0x0,
    0x1f, 0x10, 0x40, 0x0, 0x1f, 0x10, 0x0, 0x0,
    0x1f, 0x10, 0x0, 0x0, 0x1f, 0x10, 0x0, 0x0,
    0x1f, 0x10, 0x0, 0x0,

    /* U+21B2 "↲" */
    0x0, 0x0, 0x0, 0x0, 0x0, 0x0, 0x3e, 0x0,
    0x0, 0x3, 0xe0, 0x0, 0x0, 0x3e, 0x0, 0x0,
    0x3, 0xe0, 0x1, 0x40, 0x3e, 0x1, 0xda, 0x3,
    0xe1, 0xdd, 0x33, 0x6e, 0x7f, 0xff, 0xff, 0xe0,
    0xbd, 0x10, 0x0, 0x0, 0xbb, 0x0, 0x0, 0x0,
    0x10, 0x0,

    /* U+21B3 "↳" */
    0x0, 0x0, 0x0, 0x0, 0x1f, 0x10, 0x0, 0x0,
    0x1f, 0x10, 0x0, 0x0, 0x1f, 0x10, 0x0, 0x0,
    0x1f, 0x10, 0x0, 0x0, 0x1f, 0x10, 0x50, 0x0,
    0x1f, 0x10, 0xcc, 0x0, 0x1f, 0x43, 0x4e, 0xc0,
    0x1f, 0xff, 0xff, 0xf5, 0x0, 0x0, 0x2e, 0x80,
    0x0, 0x0, 0xd8, 0x0, 0x0, 0x0, 0x20, 0x0,

    /* U+21B4 "↴" */
    0x23, 0x33, 0x30, 0x0, 0xbf, 0xff, 0xf3, 0x0,
    0x0, 0x0, 0xf3, 0x0, 0x0, 0x0, 0xf3, 0x0,
    0x0, 0x0, 0xf3, 0x0, 0x0, 0x0, 0xf3, 0x0,
    0x1, 0xe3, 0xf4, 0xd6, 0x0, 0x6f, 0xfe, 0xb0,
    0x0, 0x7, 0xfb, 0x0, 0x0, 0x0, 0x30, 0x0,

    /* U+21B5 "↵" */
    0x0, 0x0, 0x0, 0x0, 0xc2, 0x0, 0x2, 0x0,
    0x0, 0xf3, 0x0, 0x8e, 0x0, 0x0, 0xf3, 0x8,
    0xe3, 0x0, 0x0, 0xf3, 0x4f, 0xff, 0xff, 0xff,
    0xf3, 0xb, 0xe4, 0x33, 0x33, 0x30, 0x0, 0xbd,
    0x0, 0x0, 0x0, 0x0, 0x5, 0x0, 0x0, 0x0,

    /* U+21B6 "↶" */
    0x0, 0x0, 0x0, 0x44, 0x0, 0x0, 0x0, 0x0,
    0x7f, 0xff, 0xf6, 0x0, 0x0, 0x7, 0xe4, 0x0,
    0x5f, 0x60, 0x1, 0xf, 0x41, 0x0, 0x6, 0xe0,
    0x7d, 0x5f, 0x5f, 0x10, 0x1, 0xf2, 0xa, 0xff,
    0xf5, 0x0, 0x0, 0x0, 0x0, 0xaf, 0x50, 0x0,
    0x0, 0x0, 0x0, 0x2, 0x0, 0x0, 0x0, 0x0,

    /* U+21B7 "↷" */
    0x0, 0x1, 0x43, 0x0, 0x0, 0x0, 0x0, 0x8f,
    0xef, 0xe5, 0x0, 0x0, 0x9, 0xd3, 0x0, 0x6f,
    0x40, 0x0, 0x2f, 0x20, 0x0, 0x18, 0xc0, 0x10,
    0x5c, 0x0, 0x4, 0xe5, 0xf3, 0xe3, 0x0, 0x0,
    0x0, 0x8f, 0xff, 0x70, 0x0, 0x0, 0x0, 0x8,
    0xf7, 0x0, 0x0, 0x0, 0x0, 0x0, 0x20, 0x0,

    /* U+21B8 "↸" */
    0x5a, 0xaa, 0xaa, 0xaa, 0xaa, 0x0, 0x23, 0x33,
    0x0, 0x0, 0x0, 0xf, 0xff, 0xf3, 0x0, 0x0,
    0x0, 0xff, 0x80, 0x0, 0x0, 0x0, 0xf, 0x5e,
    0x80, 0x0, 0x0, 0x0, 0xf2, 0x3e, 0x80, 0x0,
    0x0, 0x0, 0x0, 0x3e, 0x80, 0x0, 0x0, 0x0,
    0x0, 0x3e, 0x80, 0x0, 0x0, 0x0, 0x0, 0x3e,
    0x70, 0x0, 0x0, 0x0, 0x0, 0x33, 0x0,

    /* U+21B9 "↹" */
    0x0, 0x0, 0x30, 0x0, 0x0, 0x3, 0xe0, 0x5f,
    0x30, 0x0, 0x0, 0x3e, 0x5f, 0x50, 0x0, 0x0,
    0x3, 0xff, 0xff, 0xff, 0xff, 0xff, 0x3e, 0x6f,
    0x61, 0x23, 0x11, 0x13, 0xe0, 0x6f, 0x27, 0xd1,
    0x3e, 0x2, 0x0, 0x40, 0xa, 0xd4, 0xf3, 0xff,
    0xff, 0xff, 0xff, 0xff, 0x3, 0x33, 0x33, 0x39,
    0xf7, 0xf0, 0x0, 0x0, 0x6, 0xf4, 0x3f, 0x0,
    0x0, 0x0, 0x24, 0x0, 0x30,

    /* U+21BA "↺" */
    0x0, 0x0, 0x0, 0x44, 0x44, 0x0, 0x0, 0x3,
    0xff, 0xdd, 0x7, 0x40, 0x3, 0xff, 0x50, 0x1f,
    0x40, 0x3, 0xe6, 0xe0, 0x5d, 0x0, 0x3, 0xd0,
    0xf2, 0x5d, 0x0, 0x0, 0x0, 0xf2, 0x1f, 0x40,
    0x0, 0x6, 0xe0, 0x7, 0xe6, 0x12, 0x7f, 0x50,
    0x0, 0x5e, 0xff, 0xd3, 0x0, 0x0, 0x0, 0x11,
    0x0, 0x0,

    /* U+21BB "↻" */
    0x44, 0x44, 0x0, 0x0, 0x0, 0xdd, 0xff, 0x30,
    0x0, 0x0, 0x4, 0xff, 0x30, 0x5, 0x60, 0xd,
    0x7e, 0x30, 0x5, 0xf0, 0x1f, 0x1d, 0x30, 0x0,
    0xf3, 0x1f, 0x10, 0x0, 0x0, 0xf3, 0xd, 0x70,
    0x0, 0x5, 0xf0, 0x4, 0xf8, 0x21, 0x6f, 0x60,
    0x0, 0x3c, 0xff, 0xd4, 0x0, 0x0, 0x0, 0x11,
    0x0, 0x0,

    /* U+21BC "↼" */
    0x0, 0x2, 0x0, 0x0, 0x0, 0x0, 0x8, 0xe0,
    0x0, 0x0, 0x0, 0x8, 0xe3, 0x0, 0x0, 0x0,
    0x4, 0xff, 0xff, 0xff, 0xff, 0xfe, 0x3, 0x33,
    0x33, 0x33, 0x33, 0x20,

    /* U+21BD "↽" */
    0x4f, 0xff, 0xff, 0xff, 0xff, 0xe0, 0xbe, 0x43,
    0x33, 0x33, 0x32, 0x0, 0xbd, 0x0, 0x0, 0x0,
    0x0, 0x0, 0x50, 0x0, 0x0, 0x0,

    /* U+21BE "↾" */
    0x30, 0x0, 0xeb, 0x0, 0xef, 0xb0, 0xe5, 0xd6,
    0xe4, 0x10, 0xe4, 0x0, 0xe4, 0x0, 0xe4, 0x0,
    0xe4, 0x0, 0xe4, 0x0, 0xe4, 0x0,

    /* U+21BF "↿" */
    0x0, 0x3, 0x10, 0x6, 0xf4, 0x6, 0xff, 0x41,
    0xf4, 0xe4, 0x1, 0xe, 0x40, 0x0, 0xe4, 0x0,
    0xe, 0x40, 0x0, 0xe4, 0x0, 0xe, 0x40, 0x0,
    0xe4, 0x0, 0xe, 0x40,

    /* U+21C0 "⇀" */
    0x0, 0x0, 0x0, 0x0, 0x20, 0x0, 0x0, 0x0,
    0x0, 0x3, 0xf4, 0x0, 0x0, 0x0, 0x0, 0x0,
    0x6f, 0x40, 0x3f, 0xff, 0xff, 0xff, 0xff, 0xf0,
    0x3, 0x33, 0x33, 0x33, 0x33, 0x30,

    /* U+21C1 "⇁" */
    0x3f, 0xff, 0xff, 0xff, 0xff, 0xf0, 0x3, 0x33,
    0x33, 0x33, 0x6f, 0x70, 0x0, 0x0, 0x0, 0x3,
    0xf7, 0x0, 0x0, 0x0, 0x0, 0x0, 0x50, 0x0,

    /* U+21C2 "⇂" */
    0x31, 0x0, 0xe4, 0x0, 0xe4, 0x0, 0xe4, 0x0,
    0xe4, 0x0, 0xe4, 0x0, 0xe4, 0x0, 0xe4, 0x30,
    0xe7, 0xf5, 0xef, 0x70, 0xe7, 0x0,

    /* U+21C3 "⇃" */
    0x0, 0x3, 0x10, 0x0, 0xe4, 0x0, 0xe, 0x40,
    0x0, 0xe4, 0x0, 0xe, 0x40, 0x0, 0xe4, 0x0,
    0xe, 0x40, 0x40, 0xe4, 0x1f, 0x7e, 0x40, 0x3f,
    0xf4, 0x0, 0x3e, 0x40,

    /* U+21C4 "⇄" */
    0x0, 0x0, 0x0, 0x0, 0x20, 0x0, 0x0, 0x0,
    0x0, 0x3, 0xf5, 0x0, 0x0, 0x0, 0x0, 0x0,
    0x5f, 0x50, 0x3f, 0xff, 0xff, 0xff, 0xff, 0xf0,
    0x2, 0x24, 0x22, 0x22, 0x6f, 0x60, 0x0, 0x7e,
    0x0, 0x3, 0xf6, 0x0, 0x7, 0xe3, 0x0, 0x0,
    0x40, 0x0, 0x4f, 0xff, 0xff, 0xff, 0xff, 0xe0,
    0xb, 0xe4, 0x33, 0x33, 0x33, 0x30, 0x0, 0xbc,
    0x0, 0x0, 0x0, 0x0, 0x0, 0x5, 0x0, 0x0,
    0x0, 0x0,

    /* U+21C5 "⇅" */
    0x0, 0x3, 0x0, 0x2, 0x0, 0x0, 0x6, 0xfa,
    0x0, 0xe4, 0x0, 0x6, 0xff, 0xfa, 0xe, 0x40,
    0x1, 0xf4, 0xe5, 0xd5, 0xe4, 0x0, 0x1, 0xe,
    0x31, 0xe, 0x40, 0x0, 0x0, 0xe3, 0x0, 0xe4,
    0x0, 0x0, 0xe, 0x30, 0xe, 0x40, 0x0, 0x0,
    0xe3, 0x30, 0xe4, 0x20, 0x0, 0xe, 0x4e, 0x7e,
    0x7e, 0x60, 0x0, 0xe3, 0x3f, 0xff, 0x80, 0x0,
    0xe, 0x30, 0x3f, 0x80, 0x0, 0x0, 0x0, 0x0,
    0x0, 0x0,

    /* U+21C6 "⇆" */
    0x0, 0x2, 0x0, 0x0, 0x0, 0x0, 0x0, 0x8e,
    0x0, 0x0, 0x0, 0x0, 0x8, 0xe2, 0x0, 0x0,
    0x0, 0x0, 0x4f, 0xff, 0xff, 0xff, 0xff, 0xf0,
    0xa, 0xe3, 0x22, 0x22, 0x42, 0x20, 0x0, 0xad,
    0x0, 0x3, 0xf3, 0x0, 0x0, 0x4, 0x0, 0x0,
    0x6f, 0x40, 0x3f, 0xff, 0xff, 0xff, 0xff, 0xf0,
    0x3, 0x33, 0x33, 0x33, 0x6f, 0x70, 0x0, 0x0,
    0x0, 0x2, 0xf7, 0x0, 0x0, 0x0, 0x0, 0x0,
    0x50, 0x0,

    /* U+21C7 "⇇" */
    0x0, 0x3, 0x0, 0x0, 0x0, 0x0, 0x8, 0xe0,
    0x0, 0x0, 0x0, 0x8, 0xe3, 0x0, 0x0, 0x0,
    0x4, 0xff, 0xff, 0xff, 0xff, 0xff, 0xa, 0xe4,
    0x22, 0x22, 0x22, 0x20, 0xd, 0xc0, 0x0, 0x0,
    0x0, 0x7, 0xf3, 0x0, 0x0, 0x0, 0x4, 0xff,
    0xff, 0xff, 0xff, 0xfe, 0xb, 0xe4, 0x33, 0x33,
    0x33, 0x30, 0xb, 0xd0, 0x0, 0x0, 0x0, 0x0,
    0x5, 0x0, 0x0, 0x0, 0x0,

    /* U+21C8 "⇈" */
    0x0, 0x3, 0x0, 0x3, 0x0, 0x0, 0x6, 0xfa,
    0x6, 0xfb, 0x0, 0x6, 0xff, 0xfc, 0xff, 0xfb,
    0x1, 0xe4, 0xe5, 0xd4, 0xe5, 0xd6, 0x1, 0xe,
    0x30, 0xe, 0x31, 0x0, 0x0, 0xe3, 0x0, 0xe3,
    0x0, 0x0, 0xe, 0x30, 0xe, 0x30, 0x0, 0x0,
    0xe3, 0x0, 0xe3, 0x0, 0x0, 0xe, 0x30, 0xe,
    0x30, 0x0, 0x0, 0xe3, 0x0, 0xe3, 0x0, 0x0,
    0xe, 0x30, 0xe, 0x30, 0x0,

    /* U+21C9 "⇉" */
    0x0, 0x0, 0x0, 0x0, 0x20, 0x0, 0x0, 0x0,
    0x0, 0x3, 0xf5, 0x0, 0x0, 0x0, 0x0, 0x0,
    0x5f, 0x50, 0x3f, 0xff, 0xff, 0xff, 0xff, 0xf0,
    0x2, 0x22, 0x22, 0x22, 0x6f, 0x60, 0x0, 0x0,
    0x0, 0x1, 0xf9, 0x0, 0x0, 0x0, 0x0, 0x0,
    0x6f, 0x40, 0x2f, 0xff, 0xff, 0xff, 0xff, 0xf0,
    0x3, 0x33, 0x33, 0x33, 0x6f, 0x70, 0x0, 0x0,
    0x0, 0x2, 0xf7, 0x0, 0x0, 0x0, 0x0, 0x0,
    0x50, 0x0,

    /* U+21CA "⇊" */
    0x0, 0x2, 0x0, 0x2, 0x0, 0x0, 0x0, 0xe3,
    0x0, 0xe3, 0x0, 0x0, 0xe, 0x30, 0xe, 0x30,
    0x0, 0x0, 0xe3, 0x0, 0xe3, 0x0, 0x0, 0xe,
    0x30, 0xe, 0x30, 0x0, 0x0, 0xe3, 0x0, 0xe3,
    0x0, 0x0, 0xe, 0x30, 0xe, 0x30, 0x0, 0x30,
    0xe3, 0x10, 0xe3, 0x20, 0x1f, 0x7e, 0x7f, 0x7e,
    0x6e, 0x60, 0x3f, 0xff, 0x9f, 0xff, 0x80, 0x0,
    0x3f, 0x70, 0x3f, 0x80, 0x0, 0x0, 0x0, 0x0,
    0x0, 0x0,

    /* U+21CB "⇋" */
    0x0, 0x5, 0x0, 0x0, 0x0, 0x0, 0x0, 0xbd,
    0x0, 0x0, 0x0, 0x0, 0xb, 0xe4, 0x33, 0x33,
    0x33, 0x30, 0x4f, 0xff, 0xff, 0xff, 0xff, 0xe0,
    0x0, 0x0, 0x0, 0x0, 0x0, 0x0, 0x2e, 0xee,
    0xee, 0xee, 0xee, 0xe0, 0x4, 0x44, 0x44, 0x44,
    0x7f, 0x80, 0x0, 0x0, 0x0, 0x2, 0xe8, 0x0,
    0x0, 0x0, 0x0, 0x0, 0x60, 0x0,

    /* U+21CC "⇌" */
    0x0, 0x0, 0x0, 0x0, 0x50, 0x0, 0x0, 0x0,
    0x0, 0x2, 0xf7, 0x0, 0x3, 0x33, 0x33, 0x33,
    0x6f, 0x70, 0x3f, 0xff, 0xff, 0xff, 0xff, 0xf0,
    0x0, 0x0, 0x0, 0x0, 0x0, 0x0, 0x4e, 0xee,
    0xee, 0xee, 0xee, 0xd0, 0xc, 0xe5, 0x44, 0x44,
    0x44, 0x30, 0x0, 0xcc, 0x0, 0x0, 0x0, 0x0,
    0x0, 0x6, 0x0, 0x0, 0x0, 0x0,

    /* U+21CD "⇍" */
    0x0, 0x2, 0x0, 0x0, 0x10, 0x0, 0x8, 0xe0,
    0x0, 0x3e, 0x0, 0x8, 0xfd, 0xdd, 0xdf, 0xdd,
    0xc4, 0xf4, 0x0, 0x7, 0xb0, 0x0, 0x9, 0xfd,
    0xdd, 0xfe, 0xdd, 0xc0, 0x9, 0xe0, 0xa8, 0x0,
    0x0, 0x0, 0x3, 0x1, 0x0, 0x0, 0x0,

    /* U+21CE "⇎" */
    0x0, 0x2, 0x0, 0x31, 0x20, 0x0, 0x0, 0x8e,
    0x0, 0xe6, 0xf4, 0x0, 0x8, 0xfd, 0xdd, 0xfd,
    0xef, 0x40, 0x4f, 0x40, 0xa, 0x60, 0x9, 0xf0,
    0x9, 0xfd, 0xdf, 0xdd, 0xdf, 0x50, 0x0, 0x9e,
    0x7a, 0x3, 0xf5, 0x0, 0x0, 0x3, 0x33, 0x0,
    0x30, 0x0,

    /* U+21CF "⇏" */
    0x0, 0x0, 0x1, 0x0, 0x20, 0x0, 0x0, 0x0,
    0xc, 0x63, 0xf4, 0x0, 0x2d, 0xdd, 0xef, 0xdd,
    0xef, 0x40, 0x0, 0x0, 0xe3, 0x0, 0x9, 0xf0,
    0x2d, 0xde, 0xfd, 0xdd, 0xdf, 0x50, 0x0, 0x2e,
    0x10, 0x3, 0xf5, 0x0, 0x0, 0x2, 0x0, 0x0,
    0x30, 0x0,

    /* U+21D0 "⇐" */
    0x0, 0x2, 0x0, 0x0, 0x0, 0x0, 0x8, 0xe0,
    0x0, 0x0, 0x0, 0x8, 0xfd, 0xdd, 0xdd, 0xdd,
    0xc4, 0xf4, 0x0, 0x0, 0x0, 0x0, 0x9, 0xfd,
    0xdd, 0xdd, 0xdd, 0xc0, 0x9, 0xe0, 0x0, 0x0,
    0x0, 0x0, 0x3, 0x0, 0x0, 0x0, 0x0,

    /* U+21D1 "⇑" */
    0x0, 0x2, 0x0, 0x0, 0x6, 0xf9, 0x0, 0x5,
    0xf6, 0xe9, 0x1, 0xef, 0xc, 0xe4, 0x1, 0xd0,
    0xc1, 0x0, 0xd, 0xc, 0x0, 0x0, 0xd0, 0xc0,
    0x0, 0xd, 0xc, 0x0, 0x0, 0xd0, 0xc0, 0x0,
    0xd, 0xc, 0x0, 0x0, 0xd0, 0xc0, 0x0,

    /* U+21D2 "⇒" */
    0x0, 0x0, 0x0, 0x0, 0x20, 0x0, 0x0, 0x0,
    0x0, 0x3, 0xf4, 0x0, 0x2d, 0xdd, 0xdd, 0xdd,
    0xef, 0x40, 0x0, 0x0, 0x0, 0x0, 0x9, 0xf0,
    0x2d, 0xdd, 0xdd, 0xdd, 0xdf, 0x50, 0x0, 0x0,
    0x0, 0x3, 0xf5, 0x0, 0x0, 0x0, 0x0, 0x0,
    0x30, 0x0,

    /* U+21D3 "⇓" */
    0x0, 0x20, 0x20, 0x0, 0xd, 0xc, 0x0, 0x0,
    0xd0, 0xc0, 0x0, 0xd, 0xc, 0x0, 0x0, 0xd0,
    0xc0, 0x0, 0xd, 0xc, 0x0, 0x0, 0xd0, 0xc0,
    0x0, 0x3d, 0xc, 0x40, 0x1e, 0xf0, 0xcf, 0x30,
    0x3f, 0x9f, 0x60, 0x0, 0x3f, 0x60, 0x0, 0x0,
    0x0, 0x0,

    /* U+21D4 "⇔" */
    0x0, 0x2, 0x0, 0x0, 0x20, 0x0, 0x0, 0x8e,
    0x0, 0x3, 0xf4, 0x0, 0x8, 0xfd, 0xdd, 0xdd,
    0xef, 0x40, 0x4f, 0x40, 0x0, 0x0, 0x9, 0xf0,
    0x9, 0xfd, 0xdd, 0xdd, 0xdf, 0x50, 0x0, 0x9e,
    0x0, 0x3, 0xf5, 0x0, 0x0, 0x3, 0x0, 0x0,
    0x30, 0x0,

    /* U+2200 "∀" */
    0x54, 0x0, 0x0, 0x0, 0x62, 0x8e, 0x0, 0x0,
    0x4, 0xf1, 0x2f, 0x40, 0x0, 0xa, 0xb0, 0xc,
    0xed, 0xdd, 0xdf, 0x50, 0x6, 0xf5, 0x55, 0xaf,
    0x0, 0x0, 0xf5, 0x0, 0xc9, 0x0, 0x0, 0xab,
    0x2, 0xf3, 0x0, 0x0, 0x4f, 0x18, 0xd0, 0x0,
    0x0, 0xd, 0x7d, 0x70, 0x0, 0x0, 0x7, 0xef,
    0x10, 0x0, 0x0, 0x1, 0xc9, 0x0, 0x0,

    /* U+2201 "∁" */
    0x0, 0x1, 0x31, 0x0, 0x0, 0x9f, 0xef, 0x70,
    0x6, 0xf3, 0x4, 0xf4, 0xc, 0x90, 0x0, 0x97,
    0xf, 0x60, 0x0, 0x0, 0xf, 0x50, 0x0, 0x0,
    0xf, 0x50, 0x0, 0x0, 0xf, 0x60, 0x0, 0x0,
    0xc, 0xa0, 0x0, 0x97, 0x5, 0xf3, 0x4, 0xf4,
    0x0, 0x8f, 0xef, 0x70, 0x0, 0x1, 0x20, 0x0,

    /* U+2202 "∂" */
    0x0, 0x2, 0x0, 0x0, 0xe, 0xef, 0x60, 0x0,
    0x0, 0x5f, 0x20, 0x0, 0x0, 0xd6, 0x2, 0xab,
    0x4c, 0x70, 0xc9, 0x3b, 0xe5, 0x2f, 0x0, 0x3f,
    0x34, 0xd0, 0x6, 0xe0, 0x2e, 0x1, 0xe6, 0x0,
    0x8d, 0xe8, 0x0, 0x0, 0x10, 0x0, 0x0,

    /* U+2203 "∃" */
    0x23, 0x33, 0x33, 0x39, 0xff, 0xff, 0xff, 0x0,
    0x0, 0x7, 0xf0, 0x0, 0x0, 0x7f, 0x0, 0x0,
    0x7, 0xf9, 0xee, 0xee, 0xff, 0x24, 0x44, 0x49,
    0xf0, 0x0, 0x0, 0x7f, 0x0, 0x0, 0x7, 0xf1,
    0x22, 0x22, 0x8f, 0xaf, 0xff, 0xff, 0xf0,

    /* U+2204 "∄" */
    0x23, 0x33, 0xa8, 0x39, 0xff, 0xff, 0xff, 0x0,
    0x5, 0xd7, 0xf0, 0x0, 0xa7, 0x7f, 0x0, 0xf,
    0x27, 0xf9, 0xee, 0xfe, 0xff, 0x24, 0xba, 0x49,
    0xf0, 0xe, 0x30, 0x7f, 0x3, 0xf0, 0x7, 0xf1,
    0x8b, 0x22, 0x8f, 0xaf, 0xff, 0xff, 0xf0, 0xa1,
    0x0, 0x0,

    /* U+2205 "∅" */
    0x0, 0x3a, 0xde, 0xb5, 0x90, 0x0, 0x6d, 0x50,
    0x4, 0xfa, 0x0, 0x3d, 0x10, 0x0, 0x83, 0xc6,
    0xa, 0x40, 0x0, 0x56, 0x2, 0xd0, 0xd0, 0x0,
    0x38, 0x0, 0xd, 0xd, 0x0, 0x19, 0x0, 0x0,
    0xc1, 0xb3, 0xa, 0x10, 0x0, 0x1d, 0x4, 0xb8,
    0x20, 0x0, 0x9, 0x70, 0xb, 0xc2, 0x0, 0x19,
    0xb0, 0x3, 0x76, 0xdd, 0xdd, 0x70, 0x0, 0x0,
    0x0, 0x11, 0x0, 0x0, 0x0,

    /* U+2206 "∆" */
    0x0, 0x0, 0x1, 0x0, 0x0, 0x0, 0x0, 0x4,
    0xfa, 0x0, 0x0, 0x0, 0x0, 0xbd, 0xf1, 0x0,
    0x0, 0x0, 0x1f, 0x3e, 0x70, 0x0, 0x0, 0x7,
    0xd0, 0x8d, 0x0, 0x0, 0x0, 0xd7, 0x2, 0xf3,
    0x0, 0x0, 0x4f, 0x10, 0xb, 0xa0, 0x0, 0xa,
    0xb0, 0x0, 0x5f, 0x10, 0x1, 0xf4, 0x0, 0x0,
    0xe6, 0x0, 0x7f, 0x33, 0x33, 0x3b, 0xd0, 0xd,
    0xff, 0xff, 0xff, 0xff, 0x30,

    /* U+2207 "∇" */
    0x1, 0x11, 0x11, 0x11, 0x11, 0x0, 0xdf, 0xff,
    0xff, 0xff, 0xf2, 0x6, 0xf2, 0x22, 0x22, 0xac,
    0x0, 0x1f, 0x50, 0x0, 0xf, 0x60, 0x0, 0xab,
    0x0, 0x6, 0xf0, 0x0, 0x3, 0xf1, 0x0, 0xc9,
    0x0, 0x0, 0xd, 0x70, 0x2f, 0x30, 0x0, 0x0,
    0x7d, 0x8, 0xd0, 0x0, 0x0, 0x1, 0xf4, 0xe6,
    0x0, 0x0, 0x0, 0xa, 0xef, 0x10, 0x0, 0x0,
    0x0, 0x4f, 0xa0, 0x0, 0x0,

    /* U+2208 "∈" */
    0x0, 0x29, 0xdf, 0xff, 0xff, 0x4, 0xf9, 0x32,
    0x22, 0x22, 0x1f, 0x60, 0x0, 0x0, 0x0, 0x8b,
    0x0, 0x0, 0x0, 0x0, 0xb8, 0x22, 0x22, 0x22,
    0x22, 0xbf, 0xff, 0xff, 0xff, 0xff, 0x98, 0x0,
    0x0, 0x0, 0x0, 0x2e, 0x20, 0x0, 0x0, 0x0,
    0x7, 0xe6, 0x0, 0x0, 0x0, 0x0, 0x4c, 0xff,
    0xff, 0xff, 0x0, 0x0, 0x2, 0x22, 0x22,

    /* U+2209 "∉" */
    0x0, 0x0, 0x0, 0x6, 0x30, 0x0, 0x0, 0x0,
    0xe, 0x30, 0x0, 0x29, 0xdf, 0xff, 0xff, 0x4,
    0xf9, 0x32, 0xb8, 0x22, 0x1f, 0x60, 0x0, 0xf2,
    0x0, 0x8b, 0x0, 0x5, 0xc0, 0x0, 0xb7, 0x22,
    0x2b, 0x92, 0x22, 0xbf, 0xff, 0xff, 0xff, 0xff,
    0x98, 0x0, 0x7b, 0x0, 0x0, 0x2e, 0x20, 0xd5,
    0x0, 0x0, 0x7, 0xe8, 0xe0, 0x0, 0x0, 0x0,
    0x4e, 0xff, 0xff, 0xff, 0x0, 0xe, 0x42, 0x22,
    0x22, 0x0, 0x2b, 0x0, 0x0, 0x0,

    /* U+220A "∊" */
    0x0, 0x8c, 0xee, 0xeb, 0xb, 0xa3, 0x10, 0x0,
    0x2e, 0x0, 0x0, 0x0, 0x4f, 0xee, 0xee, 0xeb,
    0x2e, 0x0, 0x0, 0x0, 0xb, 0xa3, 0x0, 0x0,
    0x0, 0x8d, 0xef, 0xfb,

    /* U+220B "∋" */
    0xcf, 0xff, 0xfe, 0xa3, 0x0, 0x12, 0x22, 0x23,
    0x8f, 0x70, 0x0, 0x0, 0x0, 0x3, 0xf4, 0x0,
    0x0, 0x0, 0x0, 0x8b, 0x34, 0x44, 0x44, 0x44,
    0x7e, 0xac, 0xcc, 0xcc, 0xcc, 0xdf, 0x0, 0x0,
    0x0, 0x0, 0x5c, 0x0, 0x0, 0x0, 0x0, 0xd5,
    0x0, 0x0, 0x0, 0x4d, 0x90, 0xcf, 0xff, 0xff,
    0xd6, 0x0, 0x12, 0x22, 0x21, 0x0, 0x0,

    /* U+220C "∌" */
    0x0, 0x0, 0x0, 0x63, 0x0, 0x0, 0x0, 0x0,
    0xe3, 0x0, 0xcf, 0xff, 0xfe, 0xf3, 0x0, 0x12,
    0x22, 0x2b, 0xcf, 0x70, 0x0, 0x0, 0xf, 0x23,
    0xf3, 0x0, 0x0, 0x5d, 0x0, 0x8b, 0x34, 0x44,
    0xba, 0x44, 0x6e, 0xad, 0xdd, 0xfd, 0xdd, 0xdf,
    0x0, 0x6, 0xc0, 0x0, 0x4c, 0x0, 0xc, 0x50,
    0x0, 0xd5, 0x0, 0x3f, 0x0, 0x4d, 0x90, 0xcf,
    0xff, 0xff, 0xd6, 0x0, 0x12, 0xf4, 0x10, 0x0,
    0x0, 0x1, 0xb0, 0x0, 0x0, 0x0,

    /* U+220D "∍" */
    0x4e, 0xee, 0xda, 0x30, 0x0, 0x0, 0x26, 0xe3,
    0x0, 0x0, 0x0, 0x7a, 0x4e, 0xee, 0xee, 0xfc,
    0x0, 0x0, 0x0, 0x7a, 0x0, 0x0, 0x15, 0xe3,
    0x4f, 0xfe, 0xeb, 0x40,

    /* U+220E "∎" */
    0xcc, 0xcc, 0xaf, 0xff, 0xfd, 0xff, 0xff, 0xdf,
    0xff, 0xfd, 0xff, 0xff, 0xdf, 0xff, 0xfd, 0xff,
    0xff, 0xd0,

    /* U+220F "∏" */
    0x1, 0x11, 0x11, 0x11, 0xf, 0xff, 0xff, 0xff,
    0xf9, 0xfc, 0x55, 0x55, 0x6f, 0x9f, 0xb0, 0x0,
    0x1, 0xf9, 0xfb, 0x0, 0x0, 0x1f, 0x9f, 0xb0,
    0x0, 0x1, 0xf9, 0xfb, 0x0, 0x0, 0x1f, 0x9f,
    0xb0, 0x0, 0x1, 0xf9, 0xfb, 0x0, 0x0, 0x1f,
    0x9f, 0xb0, 0x0, 0x1, 0xf9, 0xfb, 0x0, 0x0,
    0x1f, 0x9f, 0xb0, 0x0, 0x1, 0xf9, 0xfb, 0x0,
    0x0, 0x1f, 0x9a, 0x70, 0x0, 0x0, 0xb6,

    /* U+2210 "∐" */
    0x43, 0x0, 0x0, 0x4, 0x2f, 0xb0, 0x0, 0x1,
    0xf9, 0xfb, 0x0, 0x0, 0x1f, 0x9f, 0xb0, 0x0,
    0x1, 0xf9, 0xfb, 0x0, 0x0, 0x1f, 0x9f, 0xb0,
    0x0, 0x1, 0xf9, 0xfb, 0x0, 0x0, 0x1f, 0x9f,
    0xb0, 0x0, 0x1, 0xf9, 0xfb, 0x0, 0x0, 0x1f,
    0x9f, 0xb0, 0x0, 0x1, 0xf9, 0xfb, 0x0, 0x0,
    0x1f, 0x9f, 0xb0, 0x0, 0x1, 0xf9, 0xff, 0xff,
    0xff, 0xff, 0x97, 0x77, 0x77, 0x77, 0x74,

    /* U+2211 "∑" */
    0x1, 0x11, 0x11, 0x11, 0x0, 0xbf, 0xff, 0xff,
    0xff, 0xe0, 0x5f, 0xc4, 0x44, 0x44, 0x30, 0x7,
    0xf7, 0x0, 0x0, 0x0, 0x0, 0x8f, 0x60, 0x0,
    0x0, 0x0, 0x9, 0xf5, 0x0, 0x0, 0x0, 0x0,
    0xaf, 0x40, 0x0, 0x0, 0x0, 0x3f, 0xa0, 0x0,
    0x0, 0x1, 0xec, 0x0, 0x0, 0x0, 0x1d, 0xd1,
    0x0, 0x0, 0x0, 0xce, 0x20, 0x0, 0x0, 0xa,
    0xf3, 0x0, 0x0, 0x0, 0x8f, 0xa6, 0x66, 0x66,
    0x60, 0xde, 0xee, 0xee, 0xee, 0xe1,

    /* U+2212 "−" */
    0xaf, 0xff, 0xff, 0xff, 0xf1, 0x23, 0x33, 0x33,
    0x33, 0x30,

    /* U+2213 "∓" */
    0xaf, 0xff, 0xff, 0xff, 0xf1, 0x23, 0x33, 0x33,
    0x33, 0x30, 0x0, 0x0, 0x61, 0x0, 0x0, 0x0,
    0x0, 0xe4, 0x0, 0x0, 0x0, 0x0, 0xe4, 0x0,
    0x0, 0x8d, 0xdd, 0xfd, 0xdd, 0xd1, 0x35, 0x55,
    0xe8, 0x55, 0x50, 0x0, 0x0, 0xe4, 0x0, 0x0,
    0x0, 0x0, 0xe4, 0x0, 0x0,

    /* U+2214 "∔" */
    0x0, 0x0, 0x20, 0x0, 0x0, 0x0, 0x0, 0xe4,
    0x0, 0x0, 0x0, 0x0, 0x31, 0x0, 0x0, 0x0,
    0x0, 0xe4, 0x0, 0x0, 0x0, 0x0, 0xe4, 0x0,
    0x0, 0x0, 0x0, 0xe4, 0x0, 0x0, 0x6a, 0xaa,
    0xfb, 0xaa, 0xa0, 0x58, 0x88, 0xfa, 0x88, 0x80,
    0x0, 0x0, 0xe4, 0x0, 0x0, 0x0, 0x0, 0xe4,
    0x0, 0x0, 0x0, 0x0, 0xe4, 0x0, 0x0,

    /* U+2215 "∕" */
    0x0, 0x1, 0x20, 0x0, 0xa7, 0x0, 0xf, 0x30,
    0x4, 0xe0, 0x0, 0x99, 0x0, 0xe, 0x40, 0x3,
    0xe0, 0x0, 0x8a, 0x0, 0xd, 0x50, 0x2, 0xf0,
    0x0, 0x7b, 0x0, 0xc, 0x60, 0x0, 0x40, 0x0,
    0x0,

    /* U+2216 "∖" */
    0x2b, 0x0, 0x0, 0xe, 0x30, 0x0, 0x9, 0x80,
    0x0, 0x4, 0xd0, 0x0, 0x0, 0xf2, 0x0, 0x0,
    0xb7, 0x0, 0x0, 0x6c, 0x0, 0x0, 0x1f, 0x10,
    0x0, 0xc, 0x60, 0x0, 0x7, 0xb0, 0x0, 0x2,
    0xf0, 0x0, 0x0, 0xa3,

    /* U+2217 "∗" */
    0x0, 0x0, 0xb2, 0x0, 0x0, 0x0, 0xe, 0x30,
    0x0, 0x3d, 0x40, 0xe3, 0x2b, 0x70, 0x7f, 0xbf,
    0xbf, 0xa1, 0x0, 0x1d, 0xff, 0x40, 0x0, 0x3c,
    0xef, 0xde, 0x60, 0x3f, 0x80, 0xe3, 0x5e, 0x80,
    0x10, 0xe, 0x30, 0x0, 0x0, 0x0, 0xe3, 0x0,
    0x0,

    /* U+2218 "∘" */
    0x7, 0xb6, 0x8, 0x93, 0xb5, 0xb1, 0x4, 0x98,
    0x82, 0xa5, 0x8, 0xb6, 0x0,

    /* U+2219 "∙" */
    0x0, 0x20, 0x3, 0xff, 0xb0, 0xbf, 0xff, 0x39,
    0xff, 0xf2, 0x1a, 0xc6, 0x0,

    /* U+221A "√" */
    0x0, 0x0, 0x0, 0x4, 0x80, 0x0, 0x0, 0x0,
    0xb1, 0x0, 0x0, 0x0, 0x29, 0x0, 0x0, 0x0,
    0x8, 0x30, 0x0, 0x0, 0x0, 0xb0, 0x2, 0x97,
    0x0, 0x38, 0x0, 0x16, 0xd0, 0x9, 0x20, 0x0,
    0xf, 0x30, 0xb0, 0x0, 0x0, 0xa9, 0x56, 0x0,
    0x0, 0x4, 0xeb, 0x0, 0x0, 0x0, 0xe, 0xa0,
    0x0, 0x0, 0x0, 0x94, 0x0, 0x0, 0x0, 0x0,
    0x0, 0x0, 0x0,

    /* U+221B "∛" */
    0x1, 0xbc, 0xc4, 0x0, 0x0, 0x0, 0x0, 0x5b,
    0x1, 0x60, 0x0, 0x2b, 0xd3, 0x7, 0x60, 0x0,
    0x0, 0x6b, 0xb, 0x0, 0x1, 0x0, 0x5c, 0x38,
    0x0, 0x5, 0xbc, 0xb2, 0x92, 0x0, 0x5, 0x60,
    0x0, 0xb0, 0x0, 0x39, 0xf0, 0x5, 0x60, 0x0,
    0x1, 0xf5, 0xa, 0x10, 0x0, 0x0, 0xab, 0x1a,
    0x0, 0x0, 0x0, 0x4f, 0x85, 0x0, 0x0, 0x0,
    0xd, 0xe0, 0x0, 0x0, 0x0, 0x7, 0x90, 0x0,
    0x0, 0x0, 0x0, 0x10, 0x0, 0x0,

    /* U+221C "∜" */
    0x0, 0x4, 0xb0, 0x0, 0x0, 0x1, 0x8f, 0x0,
    0x48, 0x0, 0xa0, 0xf0, 0xb, 0x10, 0x84, 0xf,
    0x1, 0xa0, 0x8, 0xbb, 0xfb, 0x74, 0x0, 0x0,
    0xf, 0xb, 0x0, 0x2, 0x20, 0x2, 0x90, 0x4,
    0xcb, 0x0, 0x83, 0x0, 0x3, 0xf1, 0xb, 0x0,
    0x0, 0xd, 0x63, 0x70, 0x0, 0x0, 0x7c, 0x92,
    0x0, 0x0, 0x1, 0xfb, 0x0, 0x0, 0x0, 0xb,
    0x60, 0x0, 0x0, 0x0, 0x31, 0x0, 0x0,

    /* U+221D "∝" */
    0x8, 0xc7, 0x5, 0xc3, 0x68, 0x2b, 0x9c, 0x30,
    0xa0, 0x0, 0xe3, 0x0, 0x83, 0x4, 0xe9, 0x0,
    0x1d, 0xcd, 0x1a, 0xc3, 0x0, 0x20, 0x0, 0x21,

    /* U+221E "∞" */
    0x8, 0xc7, 0x5, 0xba, 0x16, 0x82, 0xb9, 0xc3,
    0x4a, 0xa0, 0x0, 0xe3, 0x0, 0xa8, 0x30, 0x3e,
    0x90, 0xb, 0x1c, 0xbd, 0x1a, 0xcd, 0x50, 0x2,
    0x0, 0x2, 0x10,

    /* U+221F "∟" */
    0x0, 0x0, 0x0, 0x0, 0x1, 0xf1, 0x0, 0x0,
    0x0, 0x1f, 0x10, 0x0, 0x0, 0x1, 0xf1, 0x0,
    0x0, 0x0, 0x1f, 0x10, 0x0, 0x0, 0x1, 0xf1,
    0x0, 0x0, 0x0, 0x1f, 0x10, 0x0, 0x0, 0x1,
    0xf6, 0x55, 0x55, 0x54, 0xd, 0xdd, 0xdd, 0xdd,
    0xa0,

    /* U+2220 "∠" */
    0x0, 0x0, 0x0, 0x13, 0x0, 0x0, 0x0, 0x0,
    0xbd, 0x0, 0x0, 0x0, 0x5, 0xf4, 0x0, 0x0,
    0x0, 0x1e, 0xa0, 0x0, 0x0, 0x0, 0xae, 0x10,
    0x0, 0x0, 0x4, 0xf5, 0x0, 0x0, 0x0, 0xe,
    0xb0, 0x0, 0x0, 0x0, 0x9f, 0x20, 0x0, 0x0,
    0x3, 0xf7, 0x0, 0x0, 0x0, 0xd, 0xf6, 0x66,
    0x66, 0x66, 0x7f, 0xff, 0xff, 0xff, 0xff,

    /* U+2221 "∡" */
    0x0, 0x0, 0x0, 0x13, 0x10, 0x0, 0x0, 0x0,
    0xbe, 0x0, 0x0, 0x0, 0x5, 0xf4, 0x0, 0x0,
    0x0, 0x1e, 0xa0, 0x0, 0x0, 0x3, 0xbe, 0x10,
    0x0, 0x0, 0x6, 0xf9, 0x0, 0x0, 0x0, 0xe,
    0xce, 0x20, 0x0, 0x0, 0x9f, 0x24, 0xd0, 0x0,
    0x3, 0xf7, 0x0, 0xc4, 0x0, 0xd, 0xf6, 0x66,
    0xab, 0x66, 0x7f, 0xff, 0xff, 0xff, 0xff, 0x0,
    0x0, 0x0, 0xa, 0x0,

    /* U+2222 "∢" */
    0x0, 0x0, 0x0, 0x0, 0x0, 0x0, 0x0, 0x0,
    0x4, 0xc4, 0x0, 0x0, 0xd, 0xcf, 0xa1, 0x0,
    0x3, 0xcf, 0xd2, 0x0, 0x3, 0xbf, 0xa5, 0xf0,
    0x0, 0x4f, 0xb3, 0x0, 0xf1, 0x0, 0x4f, 0xc4,
    0x0, 0xf1, 0x0, 0x1, 0x9f, 0xc7, 0xe0, 0x0,
    0x0, 0x1, 0x9f, 0xd4, 0x0, 0x0, 0x0, 0x1a,
    0xaf, 0xc1, 0x0, 0x0, 0x0, 0x2, 0xa3, 0x0,
    0x0, 0x0, 0x0, 0x0,

    /* U+2223 "∣" */
    0xc, 0x0, 0xf0, 0xf, 0x0, 0xf0, 0xf, 0x0,
    0xf0, 0xf, 0x0, 0xf0, 0xf, 0x0, 0xf0, 0xf,
    0x0, 0xf0, 0xf, 0x0, 0xf0,

    /* U+2224 "∤" */
    0x0, 0xc, 0x0, 0x0, 0x0, 0xf0, 0x0, 0x0,
    0xf, 0x0, 0x0, 0x0, 0xf0, 0x0, 0x0, 0xf,
    0x0, 0x0, 0x0, 0xf3, 0xc1, 0x0, 0xf, 0xe4,
    0x0, 0x1c, 0xf1, 0x0, 0x1e, 0x6f, 0x0, 0x0,
    0x10, 0xf0, 0x0, 0x0, 0xf, 0x0, 0x0, 0x0,
    0xf0, 0x0, 0x0, 0xf, 0x0, 0x0, 0x0, 0xf0,
    0x0,

    /* U+2225 "∥" */
    0x1c, 0xc, 0x12, 0xf0, 0xf2, 0x2f, 0xf, 0x22,
    0xf0, 0xf2, 0x2f, 0xf, 0x22, 0xf0, 0xf2, 0x2f,
    0xf, 0x22, 0xf0, 0xf2, 0x2f, 0xf, 0x22, 0xf0,
    0xf2, 0x2f, 0xf, 0x22, 0xf0, 0xf2, 0x2f, 0xf,
    0x22, 0xf0, 0xf2,

    /* U+2226 "∦" */
    0x1, 0xc0, 0xc1, 0x0, 0x2f, 0xf, 0x20, 0x2,
    0xf0, 0xf2, 0x0, 0x2f, 0xf, 0x20, 0x2, 0xf0,
    0xf2, 0x0, 0x2f, 0xf, 0xd1, 0x2, 0xf7, 0xf5,
    0x0, 0x3f, 0xaf, 0x20, 0x1e, 0xf0, 0xf2, 0x0,
    0x3f, 0xf, 0x20, 0x2, 0xf0, 0xf2, 0x0, 0x2f,
    0xf, 0x20, 0x2, 0xf0, 0xf2, 0x0, 0x2f, 0xf,
    0x20,

    /* U+2227 "∧" */
    0x0, 0x1, 0x10, 0x0, 0x0, 0xe, 0xf2, 0x0,
    0x0, 0x3f, 0xf7, 0x0, 0x0, 0x8d, 0x9c, 0x0,
    0x0, 0xd8, 0x4f, 0x10, 0x2, 0xf3, 0xf, 0x60,
    0x6, 0xe0, 0xa, 0xa0, 0xb, 0x90, 0x5, 0xf0,
    0xf, 0x40, 0x1, 0xf4,

    /* U+2228 "∨" */
    0x1, 0x0, 0x0, 0x10, 0xf, 0x50, 0x1, 0xf4,
    0xb, 0xa0, 0x6, 0xe0, 0x6, 0xe0, 0xb, 0xa0,
    0x1, 0xf4, 0xf, 0x50, 0x0, 0xc9, 0x5f, 0x0,
    0x0, 0x7d, 0xab, 0x0, 0x0, 0x3f, 0xf6, 0x0,
    0x0, 0xe, 0xf2, 0x0,

    /* U+2229 "∩" */
    0x0, 0x0, 0x10, 0x0, 0x1, 0xcf, 0xfc, 0x20,
    0xb, 0xb1, 0x1a, 0xc0, 0xf, 0x30, 0x2, 0xf1,
    0x2f, 0x0, 0x0, 0xf3, 0x3f, 0x0, 0x0, 0xe4,
    0x3f, 0x0, 0x0, 0xe4, 0x3f, 0x0, 0x0, 0xe4,
    0x3f, 0x0, 0x0, 0xe4,

    /* U+222A "∪" */
    0x1, 0x0, 0x0, 0x10, 0x3f, 0x0, 0x0, 0xe4,
    0x3f, 0x0, 0x0, 0xe4, 0x3f, 0x0, 0x0, 0xe4,
    0x3f, 0x0, 0x0, 0xe3, 0x2f, 0x0, 0x0, 0xf3,
    0xf, 0x30, 0x2, 0xf1, 0xa, 0xc3, 0x3c, 0xb0,
    0x1, 0xaf, 0xfa, 0x10,

    /* U+222B "∫" */
    0x0, 0x1, 0xa9, 0x0, 0x0, 0x8a, 0xc5, 0x0,
    0xb, 0x70, 0x0, 0x0, 0xc6, 0x0, 0x0, 0xc,
    0x50, 0x0, 0x0, 0xd4, 0x0, 0x0, 0xe, 0x30,
    0x0, 0x0, 0xf3, 0x0, 0x0, 0xf, 0x20, 0x0,
    0x0, 0xf1, 0x0, 0x0, 0x1f, 0x10, 0x0, 0x2,
    0xf0, 0x0, 0x1d, 0x5d, 0x0, 0x0, 0x9e, 0x50,
    0x0,

    /* U+222C "∬" */
    0x0, 0x1, 0xa9, 0x3, 0xb7, 0x0, 0x0, 0x8a,
    0xc5, 0xc8, 0xe1, 0x0, 0xb, 0x70, 0xf, 0x30,
    0x0, 0x0, 0xc6, 0x0, 0xf2, 0x0, 0x0, 0xc,
    0x50, 0xf, 0x10, 0x0, 0x0, 0xd4, 0x1, 0xf0,
    0x0, 0x0, 0xe, 0x30, 0x2f, 0x0, 0x0, 0x0,
    0xf3, 0x3, 0xf0, 0x0, 0x0, 0xf, 0x20, 0x3e,
    0x0, 0x0, 0x0, 0xf1, 0x4, 0xd0, 0x0, 0x0,
    0x1f, 0x10, 0x5d, 0x0, 0x0, 0x2, 0xf0, 0x6,
    0xc0, 0x0, 0x1d, 0x5d, 0x4b, 0x99, 0x0, 0x0,
    0x9e, 0x50, 0xbd, 0x20, 0x0,

    /* U+222D "∭" */
    0x0, 0x1, 0xa9, 0x3, 0xb7, 0x5, 0xc4, 0x0,
    0x8, 0xac, 0x5c, 0x8e, 0x2f, 0x7d, 0x0, 0xb,
    0x70, 0xf, 0x30, 0x3f, 0x0, 0x0, 0xc, 0x60,
    0xf, 0x20, 0x4e, 0x0, 0x0, 0xc, 0x50, 0xf,
    0x10, 0x4d, 0x0, 0x0, 0xd, 0x40, 0x1f, 0x0,
    0x5c, 0x0, 0x0, 0xe, 0x30, 0x2f, 0x0, 0x6b,
    0x0, 0x0, 0xf, 0x30, 0x3f, 0x0, 0x7b, 0x0,
    0x0, 0xf, 0x20, 0x3e, 0x0, 0x7a, 0x0, 0x0,
    0xf, 0x10, 0x4d, 0x0, 0x89, 0x0, 0x0, 0x1f,
    0x10, 0x5d, 0x0, 0x99, 0x0, 0x0, 0x2f, 0x0,
    0x6c, 0x0, 0xa8, 0x0, 0x1d, 0x5d, 0x4b, 0x99,
    0x87, 0xc6, 0x0, 0x9, 0xe5, 0xb, 0xd2, 0x2d,
    0xb0, 0x0,

    /* U+222E "∮" */
    0x0, 0x1, 0xaa, 0x0, 0x0, 0x8a, 0xc5, 0x0,
    0xb, 0x70, 0x0, 0x0, 0xc6, 0x0, 0x0, 0x4e,
    0x90, 0x0, 0x5c, 0xec, 0xa0, 0xc, 0x1e, 0x3c,
    0x10, 0xd0, 0xf3, 0xc2, 0x7, 0xbf, 0xab, 0x0,
    0x6, 0xf8, 0x0, 0x0, 0x1f, 0x0, 0x0, 0x2,
    0xf0, 0x0, 0x1d, 0x5e, 0x0, 0x0, 0x9e, 0x50,
    0x0,

    /* U+222F "∯" */
    0x0, 0x0, 0xaa, 0x11, 0xb7, 0x0, 0x0, 0x7b,
    0xb7, 0x99, 0xe1, 0x0, 0xb, 0x71, 0x1c, 0x42,
    0x0, 0x0, 0xb6, 0x0, 0xd4, 0x0, 0x0, 0xc,
    0x73, 0x3e, 0x30, 0x0, 0x2d, 0xfc, 0xbb, 0xfe,
    0x30, 0xb, 0x3e, 0x40, 0xf, 0x5c, 0x0, 0xd0,
    0xe3, 0x0, 0xf1, 0xe0, 0x9, 0x8f, 0x20, 0x1f,
    0x7a, 0x0, 0x9, 0xfe, 0xee, 0xfa, 0x10, 0x0,
    0x1f, 0x10, 0x2f, 0x0, 0x0, 0x2, 0xf0, 0x3,
    0xe0, 0x0, 0x1d, 0x5e, 0x4b, 0x6c, 0x0, 0x0,
    0x9e, 0x50, 0xbd, 0x40, 0x0,

    /* U+2230 "∰" */
    0x0, 0x0, 0xaa, 0x12, 0xb5, 0x7, 0xc3, 0x0,
    0x7, 0xbb, 0x79, 0x9d, 0x3f, 0x6d, 0x0, 0xb,
    0x71, 0x1c, 0x42, 0x6c, 0x2, 0x0, 0xb, 0x60,
    0xd, 0x30, 0x7b, 0x0, 0x0, 0xc, 0x73, 0x3e,
    0x53, 0x9b, 0x0, 0x2, 0xdf, 0xcb, 0xbf, 0xbb,
    0xdf, 0xb0, 0xb, 0x3e, 0x40, 0xf, 0x20, 0x99,
    0x88, 0xd, 0xe, 0x30, 0xf, 0x10, 0xa8, 0x3a,
    0x9, 0x8f, 0x20, 0x1f, 0x0, 0xa9, 0xb5, 0x0,
    0x9f, 0xee, 0xef, 0xee, 0xfd, 0x60, 0x0, 0x1f,
    0x10, 0x2f, 0x0, 0xc5, 0x0, 0x0, 0x2f, 0x0,
    0x3e, 0x0, 0xd4, 0x0, 0x1d, 0x5e, 0x4b, 0x6c,
    0x76, 0xf2, 0x0, 0x9, 0xe5, 0xb, 0xd4, 0x2d,
    0x90, 0x0,

    /* U+2231 "∱" */
    0x0, 0x1, 0xb8, 0x0, 0x0, 0x8, 0xad, 0x30,
    0x0, 0xb, 0x60, 0x0, 0x0, 0xc, 0x50, 0x0,
    0x0, 0x1d, 0x50, 0x0, 0x3, 0xbe, 0xc5, 0x0,
    0xb, 0x1e, 0x4b, 0x0, 0x2, 0xf, 0xae, 0xb0,
    0x0, 0xf, 0x27, 0x10, 0x0, 0xf, 0x10, 0x0,
    0x0, 0x1f, 0x10, 0x0, 0x0, 0x2f, 0x0, 0x0,
    0x1d, 0x5d, 0x0, 0x0, 0x8, 0xe5, 0x0, 0x0,

    /* U+2232 "∲" */
    0x0, 0x1, 0xaa, 0x0, 0x0, 0x8, 0xac, 0x50,
    0x0, 0xb, 0x70, 0x0, 0x0, 0xc, 0x60, 0x0,
    0x0, 0x4e, 0x90, 0x0, 0x5, 0xce, 0xca, 0x0,
    0xc, 0x1e, 0x9d, 0x80, 0xd, 0xf, 0x5f, 0x80,
    0x7, 0xbf, 0xab, 0x0, 0x0, 0x6f, 0x80, 0x0,
    0x0, 0x1f, 0x0, 0x0, 0x0, 0x2f, 0x0, 0x0,
    0x1d, 0x5e, 0x0, 0x0, 0x9, 0xe5, 0x0, 0x0,

    /* U+2233 "∳" */
    0x0, 0x1, 0xaa, 0x0, 0x0, 0x8, 0xac, 0x50,
    0x0, 0xb, 0x70, 0x0, 0x0, 0xc, 0x60, 0x0,
    0x0, 0x4e, 0x90, 0x0, 0x5, 0xce, 0xca, 0x0,
    0xc, 0x1e, 0x5f, 0x60, 0xd, 0xf, 0x9e, 0xa0,
    0x7, 0xbf, 0x9c, 0x0, 0x0, 0x6f, 0x80, 0x0,
    0x0, 0x1f, 0x0, 0x0, 0x0, 0x2f, 0x0, 0x0,
    0x1d, 0x5e, 0x0, 0x0, 0x9, 0xe5, 0x0, 0x0,

    /* U+2234 "∴" */
    0x0, 0x2, 0xa1, 0x0, 0x0, 0x0, 0x4f, 0x20,
    0x0, 0x0, 0x0, 0x10, 0x0, 0x0, 0x0, 0x0,
    0x0, 0x0, 0x0, 0x0, 0x0, 0x0, 0x0, 0x0,
    0x0, 0x0, 0x0, 0x2f, 0x40, 0x0, 0x5f, 0x11,
    0xb2, 0x0, 0x3, 0xb0,

    /* U+2235 "∵" */
    0x1a, 0x20, 0x0, 0x3a, 0x2, 0xf4, 0x0, 0x5,
    0xf1, 0x1, 0x0, 0x0, 0x1, 0x0, 0x0, 0x0,
    0x0, 0x0, 0x0, 0x0, 0x0, 0x0, 0x0, 0x0,
    0x0, 0x0, 0x0, 0x0, 0x4, 0xf2, 0x0, 0x0,
    0x0, 0x2b, 0x10, 0x0,

    /* U+2236 "∶" */
    0xa5, 0xe8, 0x0, 0x0, 0x0, 0x0, 0xe8, 0xa5,

    /* U+2237 "∷" */
    0x1a, 0x20, 0x0, 0x3a, 0x2, 0xf4, 0x0, 0x5,
    0xf1, 0x1, 0x0, 0x0, 0x1, 0x0, 0x0, 0x0,
    0x0, 0x0, 0x0, 0x0, 0x0, 0x0, 0x0, 0x0,
    0x0, 0x0, 0x0, 0x2f, 0x40, 0x0, 0x5f, 0x11,
    0xb2, 0x0, 0x3, 0xb0,

    /* U+2238 "∸" */
    0x0, 0x0, 0xb4, 0x0, 0x0, 0x0, 0x0, 0xf6,
    0x0, 0x0, 0x0, 0x0, 0x0, 0x0, 0x0, 0xaf,
    0xff, 0xff, 0xff, 0xf1, 0x23, 0x33, 0x33, 0x33,
    0x30,

    /* U+2239 "∹" */
    0x0, 0x0, 0x0, 0x4, 0xb0, 0x0, 0x0, 0x0,
    0x6, 0xf0, 0x0, 0x0, 0x0, 0x0, 0x0, 0xbf,
    0xff, 0xff, 0x10, 0x0, 0x23, 0x33, 0x33, 0x0,
    0x0, 0x0, 0x0, 0x0, 0x5, 0xc0, 0x0, 0x0,
    0x0, 0x6, 0xf0,

    /* U+223A "∺" */
    0x5a, 0x0, 0x0, 0x2, 0xb2, 0x8e, 0x0, 0x0,
    0x3, 0xf4, 0x0, 0x0, 0x0, 0x0, 0x0, 0x7f,
    0xff, 0xff, 0xff, 0xf3, 0x13, 0x33, 0x33, 0x33,
    0x30, 0x6b, 0x0, 0x0, 0x2, 0xc3, 0x7e, 0x0,
    0x0, 0x2, 0xf3,

    /* U+223B "∻" */
    0x0, 0x0, 0x84, 0x0, 0x0, 0x0, 0x0, 0xe8,
    0x0, 0x0, 0x0, 0x23, 0x21, 0x0, 0x1, 0x4e,
    0xff, 0xfa, 0x68, 0xe2, 0x63, 0x0, 0x38, 0xa9,
    0x30, 0x0, 0x0, 0xb6, 0x0, 0x0, 0x0, 0x0,
    0xe7, 0x0, 0x0,

    /* U+223C "∼" */
    0x0, 0x12, 0x0, 0x0, 0x1, 0x3c, 0xff, 0xe9,
    0x56, 0xd3, 0x65, 0x0, 0x4a, 0xdb, 0x50, 0x0,
    0x0, 0x0, 0x0, 0x0,

    /* U+223D "∽" */
    0x10, 0x0, 0x0, 0x20, 0x0, 0x8b, 0x55, 0xaf,
    0xff, 0xa1, 0x7, 0xcc, 0x93, 0x1, 0x83, 0x0,
    0x0, 0x0, 0x0, 0x0,

    /* U+223E "∾" */
    0x0, 0x20, 0x0, 0x4, 0x30, 0x3e, 0xdf, 0x70,
    0x6, 0xe5, 0xc6, 0x2, 0xe8, 0x0, 0x7b, 0xb9,
    0x10, 0x2e, 0xa6, 0xd5, 0x1b, 0x70, 0x1, 0x89,
    0x50,

    /* U+223F "∿" */
    0x0, 0x11, 0x0, 0x0, 0x0, 0x3, 0xff, 0x40,
    0x0, 0x0, 0xb, 0x76, 0xd0, 0x0, 0x0, 0x1f,
    0x10, 0xf2, 0x0, 0x10, 0x5c, 0x0, 0xb6, 0x1,
    0xf1, 0x11, 0x0, 0x7b, 0x4, 0xd0, 0x0, 0x0,
    0x2f, 0x2a, 0x70, 0x0, 0x0, 0x9, 0xfd, 0x0,
    0x0, 0x0, 0x0, 0x20, 0x0,

    /* U+2240 "≀" */
    0x3b, 0x0, 0xb6, 0x7, 0x90, 0x99, 0xe, 0x43,
    0xf0, 0x5c, 0x2, 0xf0, 0xb, 0x70,

    /* U+2241 "≁" */
    0x0, 0x0, 0x2, 0x20, 0x0, 0x0, 0x0, 0xb,
    0x80, 0x0, 0x0, 0x12, 0x3f, 0x10, 0x1, 0x3c,
    0xff, 0xfd, 0x56, 0xd3, 0x65, 0x2, 0xfb, 0xdb,
    0x50, 0x0, 0x8, 0xb0, 0x0, 0x0, 0x0, 0xd,
    0x40, 0x0, 0x0, 0x0, 0x0, 0x0, 0x0, 0x0,

    /* U+2242 "≂" */
    0x23, 0x33, 0x33, 0x33, 0x30, 0xaf, 0xff, 0xff,
    0xff, 0xf1, 0x0, 0x0, 0x0, 0x0, 0x0, 0x3b,
    0xff, 0xa6, 0x35, 0xc1, 0x95, 0x12, 0x7c, 0xec,
    0x50, 0x0, 0x0, 0x0, 0x0, 0x0,

    /* U+2243 "≃" */
    0x7, 0xbb, 0x61, 0x0, 0x81, 0xaa, 0x67, 0xcf,
    0xef, 0xa0, 0x20, 0x0, 0x1, 0x31, 0x0, 0x35,
    0x55, 0x55, 0x55, 0x50, 0x8d, 0xdd, 0xdd, 0xdd,
    0xd1,

    /* U+2244 "≄" */
    0x0, 0x0, 0x0, 0x30, 0x0, 0x0, 0x0, 0x2,
    0xf5, 0x0, 0x8, 0xbc, 0x7c, 0x91, 0x81, 0xaa,
    0x56, 0xef, 0xef, 0x90, 0x10, 0x2, 0xf4, 0x30,
    0x0, 0x35, 0x5c, 0xc5, 0x55, 0x50, 0x8d, 0xfe,
    0xdd, 0xdd, 0xd1, 0x3, 0xf3, 0x0, 0x0, 0x0,
    0x0, 0x40, 0x0, 0x0, 0x0,

    /* U+2245 "≅" */
    0x0, 0x11, 0x0, 0x0, 0x0, 0x4d, 0xff, 0xc7,
    0x46, 0xd1, 0x84, 0x1, 0x6b, 0xdb, 0x40, 0x0,
    0x0, 0x0, 0x0, 0x0, 0xaf, 0xff, 0xff, 0xff,
    0xf1, 0x23, 0x33, 0x33, 0x33, 0x30, 0x23, 0x33,
    0x33, 0x33, 0x30, 0xaf, 0xff, 0xff, 0xff, 0xf1,

    /* U+2246 "≆" */
    0x0, 0x11, 0x0, 0x0, 0x0, 0x4d, 0xff, 0xc7,
    0x46, 0xd1, 0x84, 0x1, 0x6b, 0xdb, 0x40, 0x0,
    0x0, 0x0, 0xa2, 0x0, 0xaf, 0xff, 0xff, 0xff,
    0xf1, 0x23, 0x33, 0xdc, 0x33, 0x30, 0x23, 0x3a,
    0xf4, 0x33, 0x30, 0xaf, 0xff, 0xff, 0xff, 0xf1,
    0x2, 0xc1, 0x0, 0x0, 0x0, 0x0, 0x0, 0x0,
    0x0, 0x0,

    /* U+2247 "≇" */
    0x0, 0x0, 0x0, 0x0, 0x0, 0x0, 0x11, 0x2,
    0xe1, 0x0, 0x4d, 0xff, 0xcc, 0xc6, 0xd1, 0x84,
    0x1, 0x8f, 0xdb, 0x40, 0x0, 0x0, 0xb9, 0x0,
    0x0, 0xaf, 0xff, 0xff, 0xff, 0xf1, 0x23, 0x3d,
    0x93, 0x33, 0x30, 0x23, 0x5f, 0x43, 0x33, 0x30,
    0xaf, 0xff, 0xff, 0xff, 0xf1, 0x3, 0xe1, 0x0,
    0x0, 0x0, 0x0, 0x10, 0x0, 0x0, 0x0,

    /* U+2248 "≈" */
    0x6, 0xab, 0x72, 0x0, 0x63, 0x7c, 0x67, 0xbf,
    0xef, 0xb1, 0x20, 0x0, 0x1, 0x31, 0x0, 0x2b,
    0xff, 0xd7, 0x35, 0xb3, 0x77, 0x12, 0x6c, 0xec,
    0x70, 0x0, 0x0, 0x0, 0x0, 0x0,

    /* U+2249 "≉" */
    0x0, 0x0, 0x2, 0x80, 0x0, 0x0, 0x0, 0x9,
    0xb0, 0x0, 0x6, 0xab, 0x7e, 0x50, 0x63, 0x7c,
    0x67, 0xdf, 0xef, 0xb1, 0x20, 0x0, 0xc9, 0x31,
    0x0, 0x2b, 0xff, 0xf9, 0x35, 0xb3, 0x77, 0x19,
    0xdc, 0xec, 0x70, 0x0, 0xe, 0x50, 0x0, 0x0,
    0x0, 0x2c, 0x0, 0x0, 0x0,

    /* U+224A "≊" */
    0x0, 0x11, 0x0, 0x0, 0x10, 0x4e, 0xff, 0xd8,
    0x57, 0xe1, 0x84, 0x1, 0x5b, 0xda, 0x30, 0x6,
    0x99, 0x51, 0x0, 0x70, 0xaa, 0x67, 0xcf, 0xef,
    0xa0, 0x20, 0x0, 0x1, 0x31, 0x0, 0x23, 0x33,
    0x33, 0x33, 0x30, 0xaf, 0xff, 0xff, 0xff, 0xf1,

    /* U+224B "≋" */
    0x0, 0x12, 0x0, 0x0, 0x1, 0x2c, 0xff, 0xe9,
    0x56, 0xc3, 0x65, 0x0, 0x5a, 0xdb, 0x50, 0x5,
    0x89, 0x61, 0x0, 0x52, 0x7c, 0x67, 0xbf, 0xef,
    0xb1, 0x20, 0x1, 0x1, 0x31, 0x0, 0x1b, 0xff,
    0xc7, 0x24, 0xb4, 0x78, 0x22, 0x7c, 0xfd, 0x70,
    0x0, 0x0, 0x0, 0x0, 0x0,

    /* U+224C "≌" */
    0x10, 0x0, 0x0, 0x10, 0x0, 0xa8, 0x45, 0xaf,
    0xff, 0x80, 0x19, 0xdd, 0x83, 0x2, 0xa1, 0x0,
    0x0, 0x0, 0x0, 0x0, 0xaf, 0xff, 0xff, 0xff,
    0xf1, 0x23, 0x33, 0x33, 0x33, 0x30, 0x23, 0x33,
    0x33, 0x33, 0x30, 0xaf, 0xff, 0xff, 0xff, 0xf1,

    /* U+224D "≍" */
    0x10, 0x0, 0x0, 0x0, 0x10, 0xae, 0x95, 0x33,
    0x6a, 0xf1, 0x6, 0xbf, 0xfe, 0xc7, 0x20, 0x0,
    0x0, 0x0, 0x0, 0x0, 0x2, 0x8b, 0xed, 0xb6,
    0x10, 0x9e, 0xa6, 0x56, 0x9e, 0xf1, 0x30, 0x0,
    0x0, 0x0, 0x30,

    /* U+224E "≎" */
    0x0, 0x0, 0x31, 0x0, 0x0, 0x0, 0x3e, 0xef,
    0x60, 0x0, 0x23, 0xc9, 0x4, 0xf4, 0x30, 0xbf,
    0xf2, 0x0, 0xdf, 0xf0, 0x0, 0x0, 0x0, 0x0,
    0x0, 0x45, 0x50, 0x0, 0x45, 0x50, 0x9c, 0xf4,
    0x0, 0xfd, 0xc0, 0x0, 0x9d, 0x5a, 0xd0, 0x0,
    0x0, 0x8, 0xca, 0x20, 0x0,

    /* U+224F "≏" */
    0x0, 0x0, 0x31, 0x0, 0x0, 0x0, 0x2e, 0xef,
    0x70, 0x0, 0x23, 0xc9, 0x3, 0xf4, 0x30, 0xaf,
    0xf3, 0x0, 0xcf, 0xf1, 0x0, 0x0, 0x0, 0x0,
    0x0, 0x35, 0x55, 0x55, 0x55, 0x50, 0x8d, 0xdd,
    0xdd, 0xdd, 0xd1,

    /* U+2250 "≐" */
    0x0, 0x0, 0x93, 0x0, 0x0, 0x0, 0x0, 0xf6,
    0x0, 0x0, 0x23, 0x33, 0x54, 0x33, 0x30, 0xaf,
    0xff, 0xff, 0xff, 0xf1, 0x0, 0x0, 0x0, 0x0,
    0x0, 0x35, 0x55, 0x55, 0x55, 0x50, 0x8d, 0xdd,
    0xdd, 0xdd, 0xd1,

    /* U+2251 "≑" */
    0x0, 0x0, 0x94, 0x0, 0x0, 0x0, 0x0, 0xf6,
    0x0, 0x0, 0x23, 0x33, 0x54, 0x33, 0x30, 0xaf,
    0xff, 0xff, 0xff, 0xf1, 0x0, 0x0, 0x0, 0x0,
    0x0, 0x57, 0x77, 0x77, 0x77, 0x70, 0x6a, 0xaa,
    0xaa, 0xaa, 0xa0, 0x0, 0x0, 0xc4, 0x0, 0x0,
    0x0, 0x0, 0xf6, 0x0, 0x0,

    /* U+2252 "≒" */
    0x48, 0x0, 0x0, 0x0, 0x0, 0x8e, 0x0, 0x0,
    0x0, 0x0, 0x25, 0x33, 0x33, 0x33, 0x30, 0x7f,
    0xff, 0xff, 0xff, 0xf3, 0x0, 0x0, 0x0, 0x0,
    0x0, 0x37, 0x77, 0x77, 0x77, 0x71, 0x5a, 0xaa,
    0xaa, 0xaa, 0xa2, 0x0, 0x0, 0x0, 0x2, 0xc3,
    0x0, 0x0, 0x0, 0x2, 0xf4,

    /* U+2253 "≓" */
    0x0, 0x0, 0x0, 0x1, 0x92, 0x0, 0x0, 0x0,
    0x3, 0xf4, 0x13, 0x33, 0x33, 0x33, 0x51, 0x7f,
    0xff, 0xff, 0xff, 0xf4, 0x0, 0x0, 0x0, 0x0,
    0x0, 0x37, 0x77, 0x77, 0x77, 0x72, 0x5a, 0xaa,
    0xaa, 0xaa, 0xa2, 0x6b, 0x0, 0x0, 0x0, 0x0,
    0x7e, 0x0, 0x0, 0x0, 0x0,

    /* U+2254 "≔" */
    0x47, 0x3, 0x33, 0x33, 0x33, 0x32, 0x8e, 0x1f,
    0xff, 0xff, 0xff, 0xfa, 0x13, 0x0, 0x0, 0x0,
    0x0, 0x0, 0x59, 0x5, 0x55, 0x55, 0x55, 0x53,
    0x8e, 0x1d, 0xdd, 0xdd, 0xdd, 0xd8, 0x1, 0x0,
    0x0, 0x0, 0x0, 0x0,

    /* U+2255 "≕" */
    0x23, 0x33, 0x33, 0x33, 0x30, 0x73, 0xaf, 0xff,
    0xff, 0xff, 0xf1, 0xf8, 0x0, 0x0, 0x0, 0x0,
    0x0, 0x32, 0x35, 0x55, 0x55, 0x55, 0x50, 0x95,
    0x8d, 0xdd, 0xdd, 0xdd, 0xd1, 0xf8, 0x0, 0x0,
    0x0, 0x0, 0x0, 0x10,

    /* U+2256 "≖" */
    0x23, 0x33, 0x33, 0x33, 0x30, 0xaf, 0xff, 0xff,
    0xff, 0xf1, 0x0, 0x2a, 0x3, 0xa0, 0x0, 0x35,
    0x7c, 0x58, 0xb5, 0x50, 0x8d, 0xdd, 0xdd, 0xdd,
    0xd1,

    /* U+2257 "≗" */
    0x0, 0x4, 0xb8, 0x0, 0x0, 0x0, 0x1c, 0x16,
    0x70, 0x0, 0x0, 0x39, 0x2, 0xa0, 0x0, 0x0,
    0xb, 0x9c, 0x40, 0x0, 0x23, 0x33, 0x64, 0x33,
    0x30, 0xaf, 0xff, 0xff, 0xff, 0xf1, 0x0, 0x0,
    0x0, 0x0, 0x0, 0x35, 0x55, 0x55, 0x55, 0x50,
    0x8d, 0xdd, 0xdd, 0xdd, 0xd1,

    /* U+2258 "≘" */
    0x0, 0x1, 0x33, 0x0, 0x0, 0x3, 0xcf, 0xff,
    0xe8, 0x0, 0x8, 0x71, 0x0, 0x4c, 0x0, 0x23,
    0x33, 0x33, 0x33, 0x30, 0xaf, 0xff, 0xff, 0xff,
    0xf1, 0x0, 0x0, 0x0, 0x0, 0x0, 0x35, 0x55,
    0x55, 0x55, 0x50, 0x8d, 0xdd, 0xdd, 0xdd, 0xd1,

    /* U+2259 "≙" */
    0x0, 0x0, 0x31, 0x0, 0x0, 0x0, 0x2, 0xf9,
    0x0, 0x0, 0x0, 0x9, 0xbe, 0x0, 0x0, 0x0,
    0xe, 0x2b, 0x50, 0x0, 0x0, 0x5c, 0x5, 0xc0,
    0x0, 0x23, 0x66, 0x33, 0x83, 0x30, 0xaf, 0xff,
    0xff, 0xff, 0xf1, 0x0, 0x0, 0x0, 0x0, 0x0,
    0x35, 0x55, 0x55, 0x55, 0x50, 0x8d, 0xdd, 0xdd,
    0xdd, 0xd1,

    /* U+225A "≚" */
    0x0, 0x21, 0x0, 0x30, 0x0, 0x0, 0x6b, 0x4,
    0xd0, 0x0, 0x0, 0xf, 0x1b, 0x60, 0x0, 0x0,
    0xa, 0x9f, 0x10, 0x0, 0x0, 0x3, 0xfa, 0x0,
    0x0, 0x23, 0x33, 0x85, 0x33, 0x30, 0xaf, 0xff,
    0xff, 0xff, 0xf1, 0x0, 0x0, 0x0, 0x0, 0x0,
    0x35, 0x55, 0x55, 0x55, 0x50, 0x8d, 0xdd, 0xdd,
    0xdd, 0xd1,

    /* U+225B "≛" */
    0x0, 0x0, 0x20, 0x0, 0x0, 0x0, 0x0, 0xb1,
    0x0, 0x0, 0x0, 0x5c, 0xfd, 0x90, 0x0, 0x0,
    0x8, 0xfe, 0x0, 0x0, 0x0, 0x9, 0x5b, 0x10,
    0x0, 0x23, 0x34, 0x33, 0x43, 0x30, 0xaf, 0xff,
    0xff, 0xff, 0xf1, 0x0, 0x0, 0x0, 0x0, 0x0,
    0x35, 0x55, 0x55, 0x55, 0x50, 0x8d, 0xdd, 0xdd,
    0xdd, 0xd1,

    /* U+225C "≜" */
    0x0, 0x0, 0xc4, 0x0, 0x0, 0x0, 0x3, 0xda,
    0x0, 0x0, 0x0, 0x9, 0x4d, 0x0, 0x0, 0x0,
    0xd, 0x7, 0x60, 0x0, 0x0, 0x6d, 0xab, 0xc0,
    0x0, 0x23, 0x57, 0x77, 0x63, 0x30, 0xaf, 0xff,
    0xff, 0xff, 0xf1, 0x0, 0x0, 0x0, 0x0, 0x0,
    0x35, 0x55, 0x55, 0x55, 0x50, 0x8d, 0xdd, 0xdd,
    0xdd, 0xd1,

    /* U+225D "≝" */
    0x0, 0x4, 0x0, 0x4, 0x30, 0x5, 0x57, 0x57,
    0x2a, 0x20, 0x8, 0x8, 0xa5, 0x67, 0x0, 0x9,
    0x47, 0x82, 0x27, 0x0, 0x25, 0x65, 0x47, 0x45,
    0x30, 0xaf, 0xff, 0xff, 0xff, 0xf1, 0x0, 0x0,
    0x0, 0x0, 0x0, 0x35, 0x55, 0x55, 0x55, 0x50,
    0x8d, 0xdd, 0xdd, 0xdd, 0xd1,

    /* U+225E "≞" */
    0x0, 0x67, 0x45, 0x80, 0x0, 0x0, 0xc0, 0xb2,
    0x55, 0x0, 0x0, 0x90, 0x90, 0x36, 0x0, 0x0,
    0x90, 0x90, 0x36, 0x0, 0x23, 0x63, 0x63, 0x45,
    0x30, 0xaf, 0xff, 0xff, 0xff, 0xf1, 0x0, 0x0,
    0x0, 0x0, 0x0, 0x35, 0x55, 0x55, 0x55, 0x50,
    0x8d, 0xdd, 0xdd, 0xdd, 0xd1,

    /* U+225F "≟" */
    0x0, 0x4, 0x9a, 0x0, 0x0, 0x0, 0x0, 0xa,
    0x10, 0x0, 0x0, 0x0, 0x55, 0x0, 0x0, 0x0,
    0x0, 0x80, 0x0, 0x0, 0x0, 0x0, 0x60, 0x0,
    0x0, 0x23, 0x33, 0x63, 0x33, 0x30, 0xaf, 0xff,
    0xff, 0xff, 0xf1, 0x0, 0x0, 0x0, 0x0, 0x0,
    0x35, 0x55, 0x55, 0x55, 0x50, 0x8d, 0xdd, 0xdd,
    0xdd, 0xd1,

    /* U+2260 "≠" */
    0x0, 0x0, 0x0, 0x2, 0x0, 0x0, 0x0, 0x0,
    0x5e, 0x0, 0x23, 0x33, 0x34, 0xf7, 0x30, 0xaf,
    0xff, 0xff, 0xff, 0xf1, 0x0, 0x0, 0xca, 0x0,
    0x0, 0x35, 0x5a, 0xf6, 0x55, 0x50, 0x8d, 0xff,
    0xdd, 0xdd, 0xd1, 0x3, 0xf3, 0x0, 0x0, 0x0,
    0x7, 0x60, 0x0, 0x0, 0x0,

    /* U+2261 "≡" */
    0x34, 0x44, 0x44, 0x44, 0x40, 0x9d, 0xdd, 0xdd,
    0xdd, 0xd1, 0x0, 0x0, 0x0, 0x0, 0x0, 0xaf,
    0xff, 0xff, 0xff, 0xf1, 0x23, 0x33, 0x33, 0x33,
    0x30, 0x23, 0x33, 0x33, 0x33, 0x30, 0xaf, 0xff,
    0xff, 0xff, 0xf1,

    /* U+2262 "≢" */
    0x0, 0x0, 0x0, 0x84, 0x0, 0x34, 0x44, 0x45,
    0xf7, 0x40, 0x9d, 0xdd, 0xdf, 0xed, 0xd1, 0x0,
    0x0, 0x5e, 0x10, 0x0, 0xaf, 0xff, 0xff, 0xff,
    0xf1, 0x23, 0x39, 0xe3, 0x33, 0x30, 0x23, 0x3e,
    0x93, 0x33, 0x30, 0xaf, 0xff, 0xff, 0xff, 0xf1,
    0x1, 0xe5, 0x0, 0x0, 0x0, 0x0, 0x50, 0x0,
    0x0, 0x0,

    /* U+2263 "≣" */
    0xaf, 0xff, 0xff, 0xff, 0xf1, 0x23, 0x33, 0x33,
    0x33, 0x30, 0x23, 0x33, 0x33, 0x33, 0x30, 0xaf,
    0xff, 0xff, 0xff, 0xf1, 0x0, 0x0, 0x0, 0x0,
    0x0, 0xaf, 0xff, 0xff, 0xff, 0xf1, 0x23, 0x33,
    0x33, 0x33, 0x30, 0x12, 0x22, 0x22, 0x22, 0x20,
    0xbf, 0xff, 0xff, 0xff, 0xf1,

    /* U+2264 "≤" */
    0x0, 0x0, 0x0, 0x0, 0x0, 0x0, 0x0, 0x2,
    0x6b, 0xf1, 0x0, 0x48, 0xdf, 0xc8, 0x30, 0x8f,
    0xfa, 0x61, 0x0, 0x0, 0x6d, 0xfc, 0x73, 0x0,
    0x0, 0x0, 0x26, 0xbf, 0xe9, 0x50, 0x0, 0x0,
    0x0, 0x49, 0xd1, 0x12, 0x22, 0x22, 0x22, 0x20,
    0xbf, 0xff, 0xff, 0xff, 0xf1,

    /* U+2265 "≥" */
    0x0, 0x0, 0x0, 0x0, 0x0, 0xad, 0x83, 0x0,
    0x0, 0x0, 0x16, 0xaf, 0xea, 0x61, 0x0, 0x0,
    0x0, 0x48, 0xdf, 0xc0, 0x0, 0x1, 0x5a, 0xef,
    0xa0, 0x28, 0xcf, 0xd8, 0x40, 0x0, 0xab, 0x61,
    0x0, 0x0, 0x0, 0x12, 0x22, 0x22, 0x22, 0x20,
    0xbf, 0xff, 0xff, 0xff, 0xf1,

    /* U+2266 "≦" */
    0x0, 0x0, 0x0, 0x37, 0xc1, 0x0, 0x15, 0x9e,
    0xfb, 0x60, 0x5c, 0xfd, 0x94, 0x0, 0x0, 0x9f,
    0xe8, 0x40, 0x0, 0x0, 0x1, 0x5a, 0xef, 0xb6,
    0x20, 0x0, 0x0, 0x3, 0x8c, 0xf1, 0x0, 0x0,
    0x0, 0x0, 0x10, 0xaf, 0xff, 0xff, 0xff, 0xf1,
    0x23, 0x33, 0x33, 0x33, 0x30, 0xbf, 0xff, 0xff,
    0xff, 0xf1, 0x12, 0x22, 0x22, 0x22, 0x20,

    /* U+2267 "≧" */
    0x99, 0x40, 0x0, 0x0, 0x0, 0x49, 0xef, 0xb7,
    0x20, 0x0, 0x0, 0x2, 0x7c, 0xfd, 0x90, 0x0,
    0x0, 0x27, 0xcf, 0xe0, 0x4, 0x9e, 0xfc, 0x73,
    0x0, 0xae, 0xa5, 0x10, 0x0, 0x0, 0x10, 0x0,
    0x0, 0x0, 0x0, 0xaf, 0xff, 0xff, 0xff, 0xf1,
    0x23, 0x33, 0x33, 0x33, 0x30, 0xbf, 0xff, 0xff,
    0xff, 0xf1, 0x12, 0x22, 0x22, 0x22, 0x20,

    /* U+2268 "≨" */
    0x0, 0x0, 0x0, 0x37, 0xc1, 0x0, 0x15, 0x9e,
    0xfb, 0x60, 0x5c, 0xfd, 0x94, 0x0, 0x0, 0x9f,
    0xe8, 0x40, 0x0, 0x0, 0x1, 0x5a, 0xef, 0xb6,
    0x20, 0x0, 0x0, 0x3, 0x8c, 0xf1, 0x0, 0x0,
    0x5, 0xb0, 0x10, 0xaf, 0xff, 0xff, 0xff, 0xf1,
    0x23, 0x35, 0xf9, 0x33, 0x30, 0xbf, 0xff, 0xff,
    0xff, 0xf1, 0x12, 0x8d, 0x22, 0x22, 0x20, 0x0,
    0x1, 0x0, 0x0, 0x0,

    /* U+2269 "≩" */
    0x99, 0x40, 0x0, 0x0, 0x0, 0x49, 0xef, 0xb7,
    0x20, 0x0, 0x0, 0x2, 0x7c, 0xfd, 0x90, 0x0,
    0x0, 0x27, 0xcf, 0xe0, 0x4, 0x9e, 0xfc, 0x73,
    0x0, 0xae, 0xa5, 0x10, 0x0, 0x0, 0x10, 0x0,
    0x5, 0xb0, 0x0, 0xaf, 0xff, 0xff, 0xff, 0xf1,
    0x23, 0x35, 0xf9, 0x33, 0x30, 0xbf, 0xff, 0xff,
    0xff, 0xf1, 0x12, 0x8d, 0x22, 0x22, 0x20, 0x0,
    0x1, 0x0, 0x0, 0x0,

    /* U+226A "≪" */
    0x0, 0x0, 0x0, 0x12, 0x0, 0x0, 0x30, 0x0,
    0x2, 0x9f, 0x50, 0x17, 0xea, 0x0, 0x2a, 0xfc,
    0x51, 0x8f, 0xe7, 0x3, 0xaf, 0xc4, 0x18, 0xfe,
    0x60, 0x0, 0xff, 0x50, 0xb, 0xf8, 0x0, 0x0,
    0x5, 0xdf, 0x81, 0x3b, 0xfa, 0x20, 0x0, 0x0,
    0x5c, 0xf8, 0x13, 0xaf, 0xa3, 0x0, 0x0, 0x4,
    0xcf, 0x40, 0x2a, 0xf8, 0x0, 0x0, 0x0, 0x43,
    0x0, 0x2, 0x50,

    /* U+226B "≫" */
    0x40, 0x0, 0x4, 0x0, 0x0, 0x0, 0xf, 0xc5,
    0x0, 0xbe, 0x70, 0x0, 0x0, 0x29, 0xfd, 0x51,
    0x7e, 0xe7, 0x0, 0x0, 0x1, 0x9f, 0xd6, 0x17,
    0xee, 0x81, 0x0, 0x0, 0x1c, 0xf5, 0x0, 0x9f,
    0xa0, 0x0, 0x5d, 0xf8, 0x13, 0xbf, 0xa2, 0x5,
    0xdf, 0x81, 0x3b, 0xfa, 0x20, 0xd, 0xe7, 0x0,
    0x9f, 0x92, 0x0, 0x0, 0x70, 0x0, 0x5, 0x10,
    0x0, 0x0, 0x0,

    /* U+226C "≬" */
    0x5, 0x81, 0x0, 0x7e, 0x0, 0xc, 0xf4, 0x3,
    0xf9, 0xb0, 0x8c, 0x4f, 0xb, 0x92, 0xf3, 0xc8,
    0x1f, 0x4b, 0x91, 0xf3, 0x9b, 0x3f, 0x15, 0xe6,
    0xd0, 0xf, 0xd7, 0x0, 0x8f, 0x10, 0x9, 0xe1,
    0x0,

    /* U+226D "≭" */
    0x0, 0x0, 0x0, 0x50, 0x0, 0x10, 0x0, 0x3,
    0xf1, 0x10, 0xad, 0x85, 0x3c, 0xca, 0xf1, 0x5,
    0xbe, 0xff, 0xb7, 0x20, 0x0, 0x0, 0xe6, 0x0,
    0x0, 0x3, 0x7c, 0xfd, 0xa6, 0x0, 0x9e, 0xbf,
    0x76, 0x9d, 0xf1, 0x30, 0x9b, 0x0, 0x0, 0x30,
    0x0, 0x62, 0x0, 0x0, 0x0,

    /* U+226E "≮" */
    0x0, 0x0, 0x0, 0x3, 0x0, 0x0, 0x0, 0x0,
    0x5c, 0x0, 0x0, 0x0, 0x0, 0xcc, 0xd4, 0x0,
    0x1, 0x6c, 0xfb, 0x60, 0x5, 0xaf, 0xcf, 0x60,
    0x0, 0x8f, 0xc2, 0x3e, 0x0, 0x0, 0x28, 0xee,
    0xd8, 0x0, 0x0, 0x0, 0x6, 0xff, 0xd8, 0x20,
    0x0, 0xa, 0x70, 0x5b, 0xf3, 0x0, 0xc, 0x0,
    0x0, 0x11,

    /* U+226F "≯" */
    0x0, 0x0, 0x2, 0x60, 0x0, 0x8c, 0x61, 0xa,
    0x70, 0x0, 0x17, 0xdf, 0xbf, 0x10, 0x0, 0x0,
    0x2, 0xdf, 0xe9, 0x30, 0x0, 0x1, 0xf1, 0x4e,
    0xf3, 0x0, 0x8, 0xda, 0xfc, 0x70, 0x4, 0x9f,
    0xe8, 0x20, 0x0, 0x7f, 0xea, 0x0, 0x0, 0x0,
    0x21, 0xe2, 0x0, 0x0, 0x0, 0x1, 0x60, 0x0,
    0x0, 0x0,

    /* U+2270 "≰" */
    0x0, 0x0, 0x0, 0x20, 0x0, 0x0, 0x0, 0x0,
    0xe5, 0x0, 0x0, 0x0, 0x5, 0xfb, 0xf1, 0x0,
    0x48, 0xdf, 0xd8, 0x30, 0x8f, 0xfa, 0x7f, 0x30,
    0x0, 0x6d, 0xfc, 0xae, 0x0, 0x0, 0x0, 0x26,
    0xff, 0xea, 0x50, 0x0, 0x2, 0xf2, 0x49, 0xd1,
    0x12, 0x29, 0xd2, 0x22, 0x20, 0xbf, 0xff, 0xff,
    0xff, 0xf1, 0x0, 0x4f, 0x0, 0x0, 0x0, 0x0,
    0x3, 0x0, 0x0, 0x0,

    /* U+2271 "≱" */
    0x0, 0x0, 0x2, 0x0, 0x0, 0x0, 0x0, 0xb,
    0x80, 0x0, 0xad, 0x83, 0x1f, 0x20, 0x0, 0x16,
    0xbf, 0xff, 0x51, 0x0, 0x0, 0x0, 0xeb, 0xdf,
    0xc0, 0x0, 0x3, 0xfb, 0xef, 0xa0, 0x28, 0xcf,
    0xe8, 0x40, 0x0, 0xab, 0x6f, 0x50, 0x0, 0x0,
    0x12, 0x6f, 0x22, 0x22, 0x20, 0xbf, 0xff, 0xff,
    0xff, 0xf1, 0x1, 0xf3, 0x0, 0x0, 0x0, 0x0,
    0x40, 0x0, 0x0, 0x0,

    /* U+2272 "≲" */
    0x0, 0x0, 0x0, 0x37, 0xc1, 0x0, 0x15, 0xae,
    0xfb, 0x60, 0x5c, 0xfd, 0x94, 0x0, 0x0, 0x9f,
    0xe8, 0x40, 0x0, 0x0, 0x1, 0x5a, 0xef, 0xb6,
    0x20, 0x0, 0x0, 0x3, 0x7c, 0xf1, 0x0, 0x22,
    0x0, 0x0, 0x20, 0x5e, 0xef, 0xe9, 0x68, 0xe1,
    0x73, 0x0, 0x4a, 0xc9, 0x20,

    /* U+2273 "≳" */
    0x10, 0x0, 0x0, 0x0, 0x0, 0x8f, 0xa6, 0x10,
    0x0, 0x0, 0x3, 0x8d, 0xfd, 0x84, 0x0, 0x0,
    0x0, 0x16, 0xbf, 0xf3, 0x0, 0x2, 0x6b, 0xfe,
    0x91, 0x29, 0xdf, 0xc7, 0x30, 0x0, 0x7a, 0x51,
    0x0, 0x0, 0x0, 0x6, 0xab, 0x72, 0x0, 0x63,
    0x7c, 0x66, 0xbf, 0xef, 0xb1, 0x10, 0x0, 0x1,
    0x31, 0x0,

    /* U+2274 "≴" */
    0x0, 0x0, 0x0, 0x0, 0x0, 0x0, 0x0, 0x0,
    0xc5, 0x0, 0x0, 0x0, 0x2, 0xf9, 0xc1, 0x0,
    0x15, 0xae, 0xfb, 0x60, 0x5c, 0xfd, 0x9f, 0x50,
    0x0, 0x9f, 0xe8, 0x7f, 0x0, 0x0, 0x1, 0x5a,
    0xff, 0xb6, 0x20, 0x0, 0x1, 0xf6, 0x8c, 0xf1,
    0x0, 0x38, 0xd0, 0x0, 0x20, 0x5e, 0xef, 0xe9,
    0x68, 0xe1, 0x73, 0x2f, 0x6a, 0xc9, 0x20, 0x0,
    0x27, 0x0, 0x0, 0x0,

    /* U+2275 "≵" */
    0x0, 0x0, 0x2, 0x20, 0x0, 0x10, 0x0, 0x9,
    0xb0, 0x0, 0x8f, 0xa6, 0x2e, 0x50, 0x0, 0x3,
    0x8d, 0xff, 0x94, 0x0, 0x0, 0x0, 0xbc, 0xbf,
    0xf3, 0x0, 0x2, 0xfd, 0xfe, 0xa1, 0x29, 0xdf,
    0xe7, 0x30, 0x0, 0x7a, 0x5e, 0x70, 0x0, 0x0,
    0x6, 0xbf, 0x92, 0x0, 0x63, 0x7c, 0xcd, 0xbf,
    0xef, 0xb1, 0x10, 0xe5, 0x1, 0x31, 0x0, 0x0,
    0x20, 0x0, 0x0, 0x0,

    /* U+2276 "≶" */
    0x0, 0x0, 0x0, 0x2, 0x70, 0x0, 0x0, 0x49,
    0xdf, 0xc0, 0x26, 0xbf, 0xea, 0x51, 0x0, 0xbf,
    0xe6, 0x0, 0x0, 0x0, 0x16, 0xbf, 0xea, 0x61,
    0x0, 0x8a, 0x51, 0x48, 0xdf, 0xc0, 0x38, 0xdf,
    0xc8, 0x32, 0x60, 0x0, 0x2, 0x6b, 0xfe, 0xa1,
    0x0, 0x0, 0x27, 0xcf, 0xe1, 0x5, 0x9e, 0xfc,
    0x72, 0x0, 0xae, 0x95, 0x0, 0x0, 0x0, 0x10,
    0x0, 0x0, 0x0, 0x0,

    /* U+2277 "≷" */
    0x54, 0x0, 0x0, 0x0, 0x0, 0x6e, 0xfb, 0x62,
    0x0, 0x0, 0x0, 0x37, 0xcf, 0xd9, 0x40, 0x0,
    0x0, 0x2, 0xbf, 0xf2, 0x0, 0x38, 0xdf, 0xd8,
    0x30, 0x7f, 0xfa, 0x61, 0x38, 0xc1, 0x44, 0x16,
    0xae, 0xfb, 0x60, 0x6c, 0xfd, 0x84, 0x0, 0x0,
    0x8f, 0xe9, 0x40, 0x0, 0x0, 0x0, 0x59, 0xef,
    0xb7, 0x20, 0x0, 0x0, 0x3, 0x7c, 0xf1, 0x0,
    0x0, 0x0, 0x0, 0x10,

    /* U+2278 "≸" */
    0x0, 0x0, 0x0, 0x0, 0x0, 0x0, 0x0, 0x6,
    0xc0, 0x0, 0x0, 0x0, 0xa, 0x92, 0x70, 0x0,
    0x0, 0x4e, 0xff, 0xc0, 0x26, 0xbf, 0xff, 0x51,
    0x0, 0xbf, 0xe6, 0x5d, 0x0, 0x0, 0x16, 0xbf,
    0xfd, 0x51, 0x0, 0x8a, 0x51, 0xdb, 0xdf, 0xc0,
    0x38, 0xdf, 0xf9, 0x32, 0x60, 0x0, 0x5, 0xfb,
    0xfe, 0xa1, 0x0, 0x7, 0xd7, 0xcf, 0xe1, 0x5,
    0x9e, 0xfb, 0x72, 0x0, 0xae, 0x9f, 0x40, 0x0,
    0x0, 0x10, 0x2f, 0x0, 0x0, 0x0, 0x0, 0x29,
    0x0, 0x0, 0x0,

    /* U+2279 "≹" */
    0x0, 0x0, 0x0, 0x0, 0x0, 0x0, 0x0, 0x6,
    0xc0, 0x0, 0x54, 0x0, 0xa, 0x90, 0x0, 0x6e,
    0xfb, 0x6d, 0x50, 0x0, 0x0, 0x38, 0xcf, 0xd9,
    0x40, 0x0, 0x0, 0x5e, 0xbf, 0xf2, 0x0, 0x38,
    0xdf, 0xd8, 0x40, 0x7f, 0xfa, 0xe7, 0x38, 0xc1,
    0x44, 0x15, 0xff, 0xfb, 0x60, 0x6c, 0xfe, 0xf4,
    0x0, 0x0, 0x8f, 0xec, 0xc0, 0x0, 0x0, 0x1,
    0x5e, 0xff, 0xb7, 0x20, 0x0, 0xe, 0x43, 0x7c,
    0xf1, 0x0, 0x2f, 0x0, 0x0, 0x10, 0x0, 0x29,
    0x0, 0x0, 0x0,

    /* U+227A "≺" */
    0x0, 0x0, 0x0, 0x0, 0x0, 0x0, 0x0, 0x0,
    0x0, 0x84, 0x0, 0x0, 0x0, 0x19, 0xe1, 0x0,
    0x0, 0x6, 0xeb, 0x10, 0x2, 0x5a, 0xfd, 0x50,
    0x0, 0x8f, 0xfb, 0x30, 0x0, 0x0, 0x16, 0x9d,
    0xf9, 0x20, 0x0, 0x0, 0x0, 0x3a, 0xf7, 0x0,
    0x0, 0x0, 0x0, 0x3d, 0xb0, 0x0, 0x0, 0x0,
    0x0, 0xb4, 0x0, 0x0, 0x0, 0x0, 0x1,

    /* U+227B "≻" */
    0x0, 0x0, 0x0, 0x0, 0x0, 0x74, 0x0, 0x0,
    0x0, 0x0, 0x4f, 0x60, 0x0, 0x0, 0x0, 0x3,
    0xdc, 0x40, 0x0, 0x0, 0x0, 0x7, 0xee, 0x85,
    0x10, 0x0, 0x0, 0x5, 0xdf, 0xf3, 0x0, 0x3,
    0xaf, 0xc8, 0x50, 0x1, 0xaf, 0x82, 0x0, 0x0,
    0x2d, 0xa1, 0x0, 0x0, 0x0, 0x88, 0x0, 0x0,
    0x0, 0x0, 0x20, 0x0, 0x0, 0x0, 0x0,

    /* U+227C "≼" */
    0x0, 0x0, 0x0, 0x0, 0x0, 0x0, 0x0, 0x0,
    0x2, 0xd1, 0x0, 0x0, 0x2, 0x9f, 0x80, 0x1,
    0x48, 0xdf, 0xa2, 0x0, 0xaf, 0xfd, 0x60, 0x0,
    0x0, 0x38, 0xbe, 0xfa, 0x30, 0x0, 0x78, 0x41,
    0x39, 0xfb, 0x20, 0x5b, 0xef, 0xa4, 0x19, 0xf0,
    0x0, 0x3, 0x9e, 0xc3, 0x40, 0x0, 0x0, 0x0,
    0x8f, 0x70, 0x0, 0x0, 0x0, 0x2, 0xd1, 0x0,
    0x0, 0x0, 0x0, 0x10,

    /* U+227D "≽" */
    0x10, 0x0, 0x0, 0x0, 0x0, 0xa6, 0x0, 0x0,
    0x0, 0x0, 0x3d, 0xc5, 0x0, 0x0, 0x0, 0x0,
    0x6e, 0xea, 0x52, 0x0, 0x0, 0x0, 0x3a, 0xff,
    0xf1, 0x0, 0x17, 0xdf, 0xc9, 0x60, 0x8, 0xfb,
    0x51, 0x36, 0xa0, 0xac, 0x32, 0x8e, 0xfc, 0x80,
    0x51, 0x9f, 0xb5, 0x0, 0x0, 0x2d, 0xb2, 0x0,
    0x0, 0x0, 0xa6, 0x0, 0x0, 0x0, 0x0, 0x20,
    0x0, 0x0, 0x0, 0x0,

    /* U+227E "≾" */
    0x0, 0x0, 0x0, 0x0, 0x0, 0x0, 0x0, 0x0,
    0x1, 0xb4, 0x0, 0x0, 0x1, 0x8f, 0x90, 0x1,
    0x47, 0xcf, 0xb3, 0x0, 0x7f, 0xfe, 0x71, 0x0,
    0x0, 0x27, 0xae, 0xfb, 0x50, 0x0, 0x0, 0x0,
    0x38, 0xed, 0x30, 0x0, 0x0, 0x0, 0x7, 0xf3,
    0x0, 0x0, 0x0, 0x0, 0x32, 0x1a, 0xef, 0xc6,
    0x24, 0xa4, 0x77, 0x22, 0x7c, 0xfd, 0x70, 0x0,
    0x0, 0x0, 0x0, 0x0,

    /* U+227F "≿" */
    0x10, 0x0, 0x0, 0x0, 0x0, 0x88, 0x0, 0x0,
    0x0, 0x0, 0x2c, 0xe6, 0x0, 0x0, 0x0, 0x0,
    0x5d, 0xfb, 0x63, 0x0, 0x0, 0x0, 0x39, 0xff,
    0xf3, 0x0, 0x6, 0xcf, 0xd9, 0x61, 0x6, 0xed,
    0x61, 0x0, 0x0, 0x7e, 0x50, 0x0, 0x0, 0x0,
    0x41, 0x0, 0x0, 0x0, 0x0, 0x1a, 0xef, 0xc6,
    0x24, 0xa4, 0x77, 0x22, 0x7c, 0xfd, 0x70, 0x0,
    0x0, 0x0, 0x0, 0x0,

    /* U+2280 "⊀" */
    0x0, 0x0, 0x0, 0x4, 0x30, 0x0, 0x0, 0x0,
    0xd, 0x50, 0x0, 0x0, 0x0, 0x4d, 0x74, 0x0,
    0x0, 0x0, 0xce, 0xe1, 0x0, 0x0, 0x7, 0xfb,
    0x10, 0x2, 0x69, 0xff, 0x80, 0x0, 0x8f, 0xfb,
    0x5e, 0x0, 0x0, 0x16, 0x9d, 0xfc, 0x10, 0x0,
    0x0, 0x1, 0xfa, 0xf7, 0x0, 0x0, 0x8, 0x90,
    0x2c, 0xb0, 0x0, 0x1e, 0x20, 0x0, 0xb4, 0x0,
    0x28, 0x0, 0x0, 0x1,

    /* U+2281 "⊁" */
    0x0, 0x0, 0x0, 0x60, 0x0, 0x73, 0x0, 0x4,
    0xd0, 0x0, 0x4e, 0x60, 0xb, 0x60, 0x0, 0x3,
    0xdc, 0x6e, 0x0, 0x0, 0x0, 0x7, 0xfe, 0x84,
    0x10, 0x0, 0x2, 0xe5, 0xdf, 0xf3, 0x0, 0x9,
    0xff, 0xc8, 0x50, 0x1, 0xaf, 0x82, 0x0, 0x0,
    0x2d, 0xf9, 0x0, 0x0, 0x0, 0x88, 0xe2, 0x0,
    0x0, 0x0, 0x27, 0xa0, 0x0, 0x0, 0x0, 0x9,
    0x30, 0x0, 0x0, 0x0,

    /* U+2282 "⊂" */
    0x2, 0xad, 0xee, 0xee, 0xe2, 0x1e, 0x72, 0x22,
    0x22, 0x20, 0x98, 0x0, 0x0, 0x0, 0x0, 0xb4,
    0x0, 0x0, 0x0, 0x0, 0x97, 0x0, 0x0, 0x0,
    0x0, 0x2e, 0x61, 0x11, 0x11, 0x10, 0x3, 0xbe,
    0xff, 0xff, 0xf2,

    /* U+2283 "⊃" */
    0x9e, 0xee, 0xee, 0xc7, 0x0, 0x12, 0x22, 0x22,
    0x4c, 0x80, 0x0, 0x0, 0x0, 0x1, 0xf1, 0x0,
    0x0, 0x0, 0x0, 0xc3, 0x0, 0x0, 0x0, 0x0,
    0xf1, 0x1, 0x11, 0x11, 0x2b, 0x90, 0xaf, 0xff,
    0xff, 0xd8, 0x0,

    /* U+2284 "⊄" */
    0x0, 0x0, 0x0, 0x42, 0x0, 0x0, 0x0, 0x0,
    0xf3, 0x0, 0x0, 0x0, 0x4, 0xe0, 0x0, 0x2,
    0xad, 0xee, 0xfe, 0xe2, 0x1e, 0x72, 0x2e, 0x52,
    0x20, 0x98, 0x0, 0x3f, 0x0, 0x0, 0xb4, 0x0,
    0x7a, 0x0, 0x0, 0x98, 0x0, 0xc6, 0x0, 0x0,
    0x2e, 0x73, 0xf3, 0x22, 0x20, 0x2, 0xae, 0xfe,
    0xee, 0xe2, 0x0, 0xa, 0x70, 0x0, 0x0, 0x0,
    0xf, 0x20, 0x0, 0x0, 0x0, 0x15, 0x0, 0x0,
    0x0,

    /* U+2285 "⊅" */
    0x0, 0x0, 0x2, 0x30, 0x0, 0x0, 0x0, 0xa,
    0x70, 0x0, 0x0, 0x0, 0xf, 0x20, 0x0, 0x9d,
    0xdd, 0xef, 0xc6, 0x0, 0x12, 0x22, 0xaa, 0x4c,
    0x80, 0x0, 0x0, 0xd4, 0x1, 0xf1, 0x0, 0x2,
    0xf0, 0x0, 0xc3, 0x0, 0x7, 0xb0, 0x0, 0xf1,
    0x1, 0x1c, 0x71, 0x2b, 0x90, 0xaf, 0xff, 0xff,
    0xd8, 0x0, 0x0, 0x5d, 0x0, 0x0, 0x0, 0x0,
    0xa8, 0x0, 0x0, 0x0, 0x0, 0x62, 0x0, 0x0,
    0x0,

    /* U+2286 "⊆" */
    0x1, 0x9c, 0xdd, 0xdd, 0xd2, 0x1e, 0x83, 0x33,
    0x33, 0x30, 0x88, 0x0, 0x0, 0x0, 0x0, 0xb4,
    0x0, 0x0, 0x0, 0x0, 0x97, 0x0, 0x0, 0x0,
    0x0, 0x2e, 0x61, 0x11, 0x11, 0x10, 0x3, 0xbe,
    0xff, 0xff, 0xf2, 0x0, 0x0, 0x0, 0x0, 0x0,
    0x6f, 0xff, 0xff, 0xff, 0xf3,

    /* U+2287 "⊇" */
    0x6d, 0xdd, 0xdd, 0xb7, 0x0, 0x13, 0x33, 0x33,
    0x4b, 0xa0, 0x0, 0x0, 0x0, 0x0, 0xd3, 0x0,
    0x0, 0x0, 0x0, 0xa6, 0x0, 0x0, 0x0, 0x0,
    0xd4, 0x1, 0x11, 0x11, 0x29, 0xc0, 0x7f, 0xff,
    0xff, 0xe9, 0x10, 0x0, 0x0, 0x0, 0x0, 0x0,
    0x8f, 0xff, 0xff, 0xff, 0xf1,

    /* U+2288 "⊈" */
    0x0, 0x0, 0x0, 0x21, 0x0, 0x0, 0x0, 0x0,
    0xa6, 0x0, 0x1, 0x9c, 0xdd, 0xfd, 0xd2, 0x1e,
    0x83, 0x3a, 0xa3, 0x30, 0x88, 0x0, 0xd, 0x20,
    0x0, 0xb4, 0x0, 0x4c, 0x0, 0x0, 0x97, 0x0,
    0xa6, 0x0, 0x0, 0x2e, 0x62, 0xf1, 0x11, 0x10,
    0x3, 0xbf, 0xff, 0xff, 0xf2, 0x0, 0xd, 0x30,
    0x0, 0x0, 0x6f, 0xff, 0xff, 0xff, 0xf3, 0x0,
    0xb5, 0x0, 0x0, 0x0, 0x0, 0x70, 0x0, 0x0,
    0x0,

    /* U+2289 "⊉" */
    0x0, 0x0, 0x0, 0x22, 0x0, 0x0, 0x0, 0x0,
    0xa7, 0x0, 0x6d, 0xdd, 0xdd, 0xf8, 0x0, 0x13,
    0x33, 0x39, 0xbb, 0xb0, 0x0, 0x0, 0xd, 0x30,
    0xd3, 0x0, 0x0, 0x3d, 0x0, 0xa6, 0x0, 0x0,
    0x97, 0x0, 0xd4, 0x1, 0x11, 0xf2, 0x29, 0xc0,
    0x7f, 0xff, 0xff, 0xe9, 0x10, 0x0, 0xd, 0x40,
    0x0, 0x0, 0x8f, 0xff, 0xff, 0xff, 0xf1, 0x0,
    0xa6, 0x0, 0x0, 0x0, 0x0, 0x60, 0x0, 0x0,
    0x0,

    /* U+228A "⊊" */
    0x1, 0x9c, 0xdd, 0xdd, 0xd2, 0x1e, 0x83, 0x33,
    0x33, 0x30, 0x88, 0x0, 0x0, 0x0, 0x0, 0xb4,
    0x0, 0x0, 0x0, 0x0, 0x97, 0x0, 0x0, 0x0,
    0x0, 0x2e, 0x51, 0x11, 0x11, 0x10, 0x3, 0xbe,
    0xff, 0xff, 0xf2, 0x0, 0x0, 0x2c, 0x0, 0x0,
    0x6f, 0xff, 0xff, 0xff, 0xf3, 0x0, 0x4, 0xa0,
    0x0, 0x0, 0x0, 0x0, 0x0, 0x0, 0x0,

    /* U+228B "⊋" */
    0xbd, 0xdd, 0xdc, 0xa4, 0x0, 0x33, 0x33, 0x33,
    0x6e, 0x50, 0x0, 0x0, 0x0, 0x4, 0xd0, 0x0,
    0x0, 0x0, 0x0, 0xf0, 0x0, 0x0, 0x0, 0x2,
    0xe0, 0x1, 0x11, 0x11, 0x3d, 0x60, 0xdf, 0xff,
    0xff, 0xd6, 0x0, 0x0, 0x0, 0x3b, 0x0, 0x0,
    0x8f, 0xff, 0xff, 0xff, 0xf1, 0x0, 0x5, 0x90,
    0x0, 0x0, 0x0, 0x0, 0x0, 0x0, 0x0,

    /* U+228C "⊌" */
    0x1, 0x0, 0x0, 0x10, 0x3f, 0x0, 0x0, 0xe4,
    0x3f, 0x0, 0x0, 0xe4, 0x3f, 0x0, 0x0, 0xe4,
    0x3f, 0x9, 0x0, 0xe3, 0x2f, 0x8c, 0x95, 0xf3,
    0xf, 0x38, 0x2, 0xf1, 0xa, 0xc3, 0x3c, 0xb0,
    0x1, 0xaf, 0xfa, 0x10,

    /* U+228D "⊍" */
    0x2e, 0x0, 0x0, 0xd3, 0x3f, 0x0, 0x0, 0xe4,
    0x3f, 0x0, 0x0, 0xe4, 0x3f, 0x0, 0x10, 0xe4,
    0x2f, 0x8, 0xe0, 0xf3, 0xf, 0x35, 0x92, 0xf1,
    0xa, 0xc3, 0x3b, 0xb0, 0x0, 0x9e, 0xea, 0x10,

    /* U+228E "⊎" */
    0x2e, 0x0, 0x0, 0xd3, 0x3f, 0x0, 0x0, 0xe4,
    0x3f, 0x0, 0x10, 0xe4, 0x3f, 0x0, 0xb0, 0xe4,
    0x2f, 0x3a, 0xe6, 0xf3, 0xf, 0x30, 0x92, 0xf1,
    0x9, 0xc4, 0x3c, 0xa0, 0x0, 0x9e, 0xe9, 0x10,

    /* U+228F "⊏" */
    0x4f, 0xff, 0xff, 0xff, 0xf7, 0x4e, 0x33, 0x33,
    0x33, 0x31, 0x4d, 0x0, 0x0, 0x0, 0x0, 0x4d,
    0x0, 0x0, 0x0, 0x0, 0x4d, 0x0, 0x0, 0x0,
    0x0, 0x4d, 0x0, 0x0, 0x0, 0x0, 0x4e, 0x22,
    0x22, 0x22, 0x21, 0x4f, 0xff, 0xff, 0xff, 0xf7,

    /* U+2290 "⊐" */
    0x7f, 0xff, 0xff, 0xff, 0xf3, 0x13, 0x33, 0x33,
    0x33, 0xf4, 0x0, 0x0, 0x0, 0x0, 0xe4, 0x0,
    0x0, 0x0, 0x0, 0xe4, 0x0, 0x0, 0x0, 0x0,
    0xe4, 0x0, 0x0, 0x0, 0x0, 0xe4, 0x12, 0x22,
    0x22, 0x22, 0xe4, 0x8f, 0xff, 0xff, 0xff, 0xf4,

    /* U+2291 "⊑" */
    0x4f, 0xff, 0xff, 0xff, 0xf7, 0x4e, 0x33, 0x33,
    0x33, 0x31, 0x4d, 0x0, 0x0, 0x0, 0x0, 0x4d,
    0x0, 0x0, 0x0, 0x0, 0x4d, 0x0, 0x0, 0x0,
    0x0, 0x4d, 0x0, 0x0, 0x0, 0x0, 0x4d, 0x11,
    0x11, 0x11, 0x10, 0x4f, 0xff, 0xff, 0xff, 0xf7,
    0x1, 0x11, 0x11, 0x11, 0x10, 0x4f, 0xff, 0xff,
    0xff, 0xf7, 0x2, 0x22, 0x22, 0x22, 0x21,

    /* U+2292 "⊒" */
    0xaf, 0xff, 0xff, 0xff, 0xf1, 0x23, 0x33, 0x33,
    0x34, 0xf1, 0x0, 0x0, 0x0, 0x1, 0xf1, 0x0,
    0x0, 0x0, 0x1, 0xf1, 0x0, 0x0, 0x0, 0x1,
    0xf1, 0x0, 0x0, 0x0, 0x1, 0xf1, 0x1, 0x11,
    0x11, 0x12, 0xf1, 0xbf, 0xff, 0xff, 0xff, 0xf1,
    0x11, 0x11, 0x11, 0x11, 0x10, 0xbf, 0xff, 0xff,
    0xff, 0xf1, 0x12, 0x22, 0x22, 0x22, 0x20,

    /* U+2293 "⊓" */
    0x4f, 0xff, 0xff, 0xff, 0xd4, 0xe3, 0x33, 0x33,
    0x6e, 0x4d, 0x0, 0x0, 0x4, 0xe4, 0xd0, 0x0,
    0x0, 0x4e, 0x4d, 0x0, 0x0, 0x4, 0xe4, 0xd0,
    0x0, 0x0, 0x4e, 0x4d, 0x0, 0x0, 0x4, 0xe4,
    0xd0, 0x0, 0x0, 0x4e, 0x3b, 0x0, 0x0, 0x3,
    0xb0,

    /* U+2294 "⊔" */
    0x3a, 0x0, 0x0, 0x3, 0xa4, 0xd0, 0x0, 0x0,
    0x4e, 0x4d, 0x0, 0x0, 0x4, 0xe4, 0xd0, 0x0,
    0x0, 0x4e, 0x4d, 0x0, 0x0, 0x4, 0xe4, 0xd0,
    0x0, 0x0, 0x4e, 0x4d, 0x0, 0x0, 0x4, 0xe4,
    0xe2, 0x22, 0x22, 0x6e, 0x4f, 0xff, 0xff, 0xff,
    0xe0,

    /* U+2295 "⊕" */
    0x0, 0x5c, 0xfe, 0x91, 0x0, 0x8, 0xd4, 0x63,
    0x9e, 0x20, 0x4e, 0x10, 0xe4, 0x7, 0xc0, 0x97,
    0x0, 0xe4, 0x0, 0xf1, 0xb8, 0xff, 0xff, 0xfa,
    0xd3, 0xa7, 0x33, 0xe6, 0x32, 0xe2, 0x5d, 0x0,
    0xe4, 0x5, 0xd0, 0xa, 0xb2, 0x82, 0x6e, 0x30,
    0x0, 0x8f, 0xef, 0xc3, 0x0, 0x0, 0x0, 0x21,
    0x0, 0x0,

    /* U+2296 "⊖" */
    0x0, 0x5c, 0xfe, 0x91, 0x0, 0x8, 0xd4, 0x2,
    0x9e, 0x20, 0x4e, 0x10, 0x0, 0x7, 0xc0, 0x97,
    0x0, 0x0, 0x0, 0xf1, 0xb8, 0xff, 0xff, 0xfa,
    0xd3, 0xa7, 0x33, 0x33, 0x32, 0xe2, 0x5d, 0x0,
    0x0, 0x5, 0xd0, 0xa, 0xb2, 0x0, 0x6e, 0x30,
    0x0, 0x8f, 0xef, 0xc3, 0x0, 0x0, 0x0, 0x21,
    0x0, 0x0,

    /* U+2297 "⊗" */
    0x0, 0x5c, 0xfe, 0x91, 0x0, 0x8, 0xd4, 0x2,
    0x9e, 0x20, 0x4e, 0x77, 0x1, 0xa8, 0xc0, 0x97,
    0x3e, 0x8d, 0xa0, 0xf1, 0xb4, 0x5, 0xfc, 0x0,
    0xd3, 0xa6, 0x1d, 0xbf, 0x60, 0xe2, 0x5d, 0x8a,
    0x3, 0xd6, 0xd0, 0xa, 0xc2, 0x0, 0x6e, 0x30,
    0x0, 0x8f, 0xef, 0xc3, 0x0, 0x0, 0x0, 0x21,
    0x0, 0x0,

    /* U+2298 "⊘" */
    0x0, 0x5c, 0xfe, 0x91, 0x0, 0x8, 0xd4, 0x2,
    0x9e, 0x20, 0x4e, 0x10, 0x1, 0xa8, 0xc0, 0x97,
    0x0, 0x1d, 0x90, 0xf1, 0xb4, 0x1, 0xd9, 0x0,
    0xd3, 0xa6, 0x1d, 0xa0, 0x0, 0xe2, 0x5d, 0x8a,
    0x0, 0x5, 0xd0, 0xa, 0xc2, 0x0, 0x6e, 0x30,
    0x0, 0x8f, 0xef, 0xc3, 0x0, 0x0, 0x0, 0x21,
    0x0, 0x0,

    /* U+2299 "⊙" */
    0x0, 0x5c, 0xfe, 0x91, 0x0, 0x8, 0xd4, 0x2,
    0x9e, 0x20, 0x4e, 0x10, 0x0, 0x7, 0xc0, 0x97,
    0x0, 0x0, 0x0, 0xf1, 0xb4, 0x0, 0xe8, 0x0,
    0xd3, 0xa6, 0x0, 0xa5, 0x0, 0xe2, 0x5d, 0x0,
    0x0, 0x5, 0xd0, 0xa, 0xb2, 0x0, 0x6e, 0x30,
    0x0, 0x8f, 0xef, 0xc3, 0x0, 0x0, 0x0, 0x21,
    0x0, 0x0,

    /* U+229A "⊚" */
    0x0, 0x5c, 0xfe, 0x91, 0x0, 0x8, 0xd4, 0x2,
    0x9e, 0x20, 0x4e, 0x13, 0xa9, 0x17, 0xc0, 0x97,
    0xd, 0x46, 0xb0, 0xf1, 0xb4, 0x3a, 0x0, 0xd0,
    0xd3, 0xa6, 0xd, 0x36, 0xb0, 0xe2, 0x5d, 0x3,
    0xb9, 0x15, 0xd0, 0xa, 0xb2, 0x0, 0x6e, 0x30,
    0x0, 0x8f, 0xef, 0xc3, 0x0, 0x0, 0x0, 0x21,
    0x0, 0x0,

    /* U+229B "⊛" */
    0x0, 0x5c, 0xfe, 0x91, 0x0, 0x8, 0xd4, 0x32,
    0x9e, 0x20, 0x4e, 0x20, 0xb0, 0x7, 0xc0, 0x97,
    0x97, 0xb4, 0xb3, 0xf1, 0xb4, 0x5, 0xfa, 0x0,
    0xd3, 0xa6, 0x79, 0xc7, 0xa2, 0xe2, 0x5d, 0x30,
    0xb0, 0x16, 0xd0, 0xa, 0xb2, 0x50, 0x6e, 0x30,
    0x0, 0x8f, 0xef, 0xc3, 0x0, 0x0, 0x0, 0x21,
    0x0, 0x0,

    /* U+229C "⊜" */
    0x0, 0x5c, 0xfe, 0x91, 0x0, 0x8, 0xd4, 0x2,
    0x9e, 0x20, 0x4e, 0x10, 0x0, 0x7, 0xc0, 0x97,
    0x5e, 0xee, 0xe0, 0xf1, 0xb4, 0x0, 0x0, 0x0,
    0xd3, 0xa6, 0x5f, 0xff, 0xf0, 0xe2, 0x5d, 0x0,
    0x0, 0x5, 0xd0, 0xa, 0xb2, 0x0, 0x6e, 0x30,
    0x0, 0x8f, 0xef, 0xc3, 0x0, 0x0, 0x0, 0x21,
    0x0, 0x0,

    /* U+229D "⊝" */
    0x0, 0x5c, 0xfe, 0x91, 0x0, 0x8, 0xd4, 0x2,
    0x9e, 0x20, 0x4e, 0x10, 0x0, 0x7, 0xc0, 0x97,
    0x0, 0x0, 0x0, 0xf1, 0xb4, 0x5f, 0xff, 0xf0,
    0xd3, 0xa6, 0x13, 0x33, 0x30, 0xe2, 0x5d, 0x0,
    0x0, 0x5, 0xd0, 0xa, 0xb2, 0x0, 0x6e, 0x30,
    0x0, 0x8f, 0xef, 0xc3, 0x0, 0x0, 0x0, 0x21,
    0x0, 0x0,

    /* U+229E "⊞" */
    0xef, 0xff, 0xff, 0xff, 0xf1, 0xe2, 0x11, 0x62,
    0x11, 0xe1, 0xe1, 0x0, 0xe4, 0x0, 0xe1, 0xe1,
    0x0, 0xe4, 0x0, 0xe1, 0xe7, 0xff, 0xff, 0xf8,
    0xe1, 0xe2, 0x33, 0xe6, 0x31, 0xe1, 0xe1, 0x0,
    0xe4, 0x0, 0xe1, 0xe1, 0x0, 0x72, 0x0, 0xe1,
    0xef, 0xff, 0xff, 0xff, 0xf1, 0x11, 0x11, 0x11,
    0x11, 0x10,

    /* U+229F "⊟" */
    0xef, 0xff, 0xff, 0xff, 0xf1, 0xe2, 0x11, 0x11,
    0x11, 0xe1, 0xe1, 0x0, 0x0, 0x0, 0xe1, 0xe1,
    0x0, 0x0, 0x0, 0xe1, 0xe7, 0xff, 0xff, 0xf8,
    0xe1, 0xe2, 0x33, 0x33, 0x31, 0xe1, 0xe1, 0x0,
    0x0, 0x0, 0xe1, 0xe1, 0x0, 0x0, 0x0, 0xe1,
    0xef, 0xff, 0xff, 0xff, 0xf1, 0x11, 0x11, 0x11,
    0x11, 0x10,

    /* U+22A0 "⊠" */
    0xef, 0xff, 0xff, 0xff, 0xf1, 0xe4, 0x61, 0x11,
    0x45, 0xe1, 0xe6, 0xf5, 0x3, 0xf7, 0xe1, 0xe1,
    0x4f, 0x8f, 0x70, 0xe1, 0xe1, 0x7, 0xfa, 0x0,
    0xe1, 0xe1, 0x3f, 0x9f, 0x50, 0xe1, 0xe5, 0xf7,
    0x4, 0xf5, 0xe1, 0xe4, 0x60, 0x0, 0x45, 0xe1,
    0xef, 0xff, 0xff, 0xff, 0xf1, 0x11, 0x11, 0x11,
    0x11, 0x10,

    /* U+22A1 "⊡" */
    0xef, 0xff, 0xff, 0xff, 0xf1, 0xe2, 0x11, 0x11,
    0x11, 0xe1, 0xe1, 0x0, 0x0, 0x0, 0xe1, 0xe1,
    0x0, 0x0, 0x0, 0xe1, 0xe1, 0x1, 0xf6, 0x0,
    0xe1, 0xe1, 0x0, 0xb4, 0x0, 0xe1, 0xe1, 0x0,
    0x0, 0x0, 0xe1, 0xe1, 0x0, 0x0, 0x0, 0xe1,
    0xef, 0xff, 0xff, 0xff, 0xf1, 0x11, 0x11, 0x11,
    0x11, 0x10,

    /* U+22A2 "⊢" */
    0xa0, 0x0, 0x0, 0x0, 0x0, 0xd0, 0x0, 0x0,
    0x0, 0x0, 0xd0, 0x0, 0x0, 0x0, 0x0, 0xd0,
    0x0, 0x0, 0x0, 0x0, 0xd5, 0x55, 0x55, 0x55,
    0x55, 0xd8, 0x88, 0x88, 0x88, 0x87, 0xd0, 0x0,
    0x0, 0x0, 0x0, 0xd0, 0x0, 0x0, 0x0, 0x0,
    0xd0, 0x0, 0x0, 0x0, 0x0, 0xd0, 0x0, 0x0,
    0x0, 0x0,

    /* U+22A3 "⊣" */
    0x0, 0x0, 0x0, 0x0, 0xa, 0x0, 0x0, 0x0,
    0x0, 0xd, 0x0, 0x0, 0x0, 0x0, 0xd, 0x0,
    0x0, 0x0, 0x0, 0xd, 0x45, 0x55, 0x55, 0x55,
    0x5e, 0x68, 0x88, 0x88, 0x88, 0x8e, 0x0, 0x0,
    0x0, 0x0, 0xd, 0x0, 0x0, 0x0, 0x0, 0xd,
    0x0, 0x0, 0x0, 0x0, 0xd, 0x0, 0x0, 0x0,
    0x0, 0xd,

    /* U+22A4 "⊤" */
    0xad, 0xdd, 0xdd, 0xdd, 0xdd, 0x0, 0x0, 0x58,
    0x0, 0x0, 0x0, 0x0, 0x58, 0x0, 0x0, 0x0,
    0x0, 0x58, 0x0, 0x0, 0x0, 0x0, 0x58, 0x0,
    0x0, 0x0, 0x0, 0x58, 0x0, 0x0, 0x0, 0x0,
    0x58, 0x0, 0x0, 0x0, 0x0, 0x58, 0x0, 0x0,
    0x0, 0x0, 0x58, 0x0, 0x0, 0x0, 0x0, 0x47,
    0x0, 0x0,

    /* U+22A5 "⊥" */
    0x0, 0x0, 0x46, 0x0, 0x0, 0x0, 0x0, 0x58,
    0x0, 0x0, 0x0, 0x0, 0x58, 0x0, 0x0, 0x0,
    0x0, 0x58, 0x0, 0x0, 0x0, 0x0, 0x58, 0x0,
    0x0, 0x0, 0x0, 0x58, 0x0, 0x0, 0x0, 0x0,
    0x58, 0x0, 0x0, 0x0, 0x0, 0x58, 0x0, 0x0,
    0x0, 0x0, 0x58, 0x0, 0x0, 0xbe, 0xee, 0xef,
    0xee, 0xee,

    /* U+22A6 "⊦" */
    0xa0, 0x0, 0x0, 0xd0, 0x0, 0x0, 0xd0, 0x0,
    0x0, 0xd0, 0x0, 0x0, 0xd5, 0x55, 0x50, 0xd8,
    0x88, 0x80, 0xd0, 0x0, 0x0, 0xd0, 0x0, 0x0,
    0xd0, 0x0, 0x0, 0xd0, 0x0, 0x0,

    /* U+22A7 "⊧" */
    0xa0, 0x0, 0x0, 0xd0, 0x0, 0x0, 0xd0, 0x0,
    0x0, 0xd8, 0x88, 0x80, 0xd5, 0x55, 0x50, 0xd2,
    0x22, 0x20, 0xdc, 0xcc, 0xc0, 0xd0, 0x0, 0x0,
    0xd0, 0x0, 0x0, 0xd0, 0x0, 0x0,

    /* U+22A8 "⊨" */
    0xa0, 0x0, 0x0, 0x0, 0x0, 0xd0, 0x0, 0x0,
    0x0, 0x0, 0xd0, 0x0, 0x0, 0x0, 0x0, 0xd8,
    0x88, 0x88, 0x88, 0x88, 0xd5, 0x55, 0x55, 0x55,
    0x54, 0xd2, 0x22, 0x22, 0x22, 0x21, 0xdc, 0xcc,
    0xcc, 0xcc, 0xcb, 0xd0, 0x0, 0x0, 0x0, 0x0,
    0xd0, 0x0, 0x0, 0x0, 0x0, 0xd0, 0x0, 0x0,
    0x0, 0x0,

    /* U+22A9 "⊩" */
    0xa0, 0x82, 0x0, 0x0, 0x0, 0xd0, 0xa3, 0x0,
    0x0, 0x0, 0xd0, 0xa3, 0x0, 0x0, 0x0, 0xd0,
    0xa3, 0x0, 0x0, 0x0, 0xd0, 0xa7, 0x55, 0x55,
    0x53, 0xd0, 0xa9, 0x88, 0x88, 0x85, 0xd0, 0xa3,
    0x0, 0x0, 0x0, 0xd0, 0xa3, 0x0, 0x0, 0x0,
    0xd0, 0xa3, 0x0, 0x0, 0x0, 0xd0, 0xa3, 0x0,
    0x0, 0x0,

    /* U+22AA "⊪" */
    0xa0, 0x82, 0xb, 0x0, 0x0, 0xd0, 0xa3, 0xe,
    0x0, 0x0, 0xd0, 0xa3, 0xe, 0x0, 0x0, 0xd0,
    0xa3, 0xe, 0x0, 0x0, 0xd0, 0xa3, 0xe, 0x55,
    0x55, 0xd0, 0xa3, 0xf, 0x88, 0x87, 0xd0, 0xa3,
    0xe, 0x0, 0x0, 0xd0, 0xa3, 0xe, 0x0, 0x0,
    0xd0, 0xa3, 0xe, 0x0, 0x0, 0xd0, 0xa3, 0xe,
    0x0, 0x0,

    /* U+22AB "⊫" */
    0xa0, 0x82, 0x0, 0x0, 0x0, 0xd0, 0xa3, 0x0,
    0x0, 0x0, 0xd0, 0xa3, 0x0, 0x0, 0x0, 0xd0,
    0xaa, 0x88, 0x88, 0x86, 0xd0, 0xa7, 0x55, 0x55,
    0x53, 0xd0, 0xa4, 0x22, 0x22, 0x21, 0xd0, 0xac,
    0xcc, 0xcc, 0xc8, 0xd0, 0xa3, 0x0, 0x0, 0x0,
    0xd0, 0xa3, 0x0, 0x0, 0x0, 0xd0, 0xa3, 0x0,
    0x0, 0x0,

    /* U+22AC "⊬" */
    0x0, 0x0, 0x0, 0x2, 0x0, 0xa0, 0x0, 0x0,
    0x5a, 0x0, 0xd0, 0x0, 0x0, 0xc2, 0x0, 0xd0,
    0x0, 0x3, 0xb0, 0x0, 0xd0, 0x0, 0xb, 0x30,
    0x0, 0xd5, 0x55, 0x6e, 0x55, 0x55, 0xd8, 0x88,
    0xe9, 0x88, 0x87, 0xd0, 0x1, 0xd0, 0x0, 0x0,
    0xd0, 0x8, 0x60, 0x0, 0x0, 0xd0, 0x1d, 0x0,
    0x0, 0x0, 0xd0, 0x77, 0x0, 0x0, 0x0, 0x0,
    0x40, 0x0, 0x0, 0x0,

    /* U+22AD "⊭" */
    0x0, 0x0, 0x0, 0x2, 0x0, 0xa0, 0x0, 0x0,
    0x5a, 0x0, 0xd0, 0x0, 0x0, 0xc2, 0x0, 0xd0,
    0x0, 0x3, 0xb0, 0x0, 0xd8, 0x88, 0x8c, 0xb8,
    0x88, 0xd5, 0x55, 0x7c, 0x55, 0x54, 0xd2, 0x22,
    0xa6, 0x22, 0x21, 0xdc, 0xcd, 0xec, 0xcc, 0xcb,
    0xd0, 0x9, 0x60, 0x0, 0x0, 0xd0, 0x1d, 0x0,
    0x0, 0x0, 0xd0, 0x77, 0x0, 0x0, 0x0, 0x0,
    0x40, 0x0, 0x0, 0x0,

    /* U+22AE "⊮" */
    0x0, 0x0, 0x0, 0x0, 0x20, 0xa0, 0x82, 0x0,
    0x1, 0xd0, 0xd0, 0xa3, 0x0, 0x8, 0x70, 0xd0,
    0xa3, 0x0, 0xd, 0x0, 0xd0, 0xa3, 0x0, 0x68,
    0x0, 0xd0, 0xa7, 0x55, 0xe6, 0x53, 0xd0, 0xa9,
    0x8c, 0xb8, 0x85, 0xd0, 0xa3, 0xd, 0x20, 0x0,
    0xd0, 0xa3, 0x4a, 0x0, 0x0, 0xd0, 0xa3, 0xc3,
    0x0, 0x0, 0xd0, 0xa6, 0xb0, 0x0, 0x0, 0x0,
    0x2, 0x30, 0x0, 0x0,

    /* U+22AF "⊯" */
    0x0, 0x0, 0x0, 0x0, 0x20, 0xa0, 0x82, 0x0,
    0x0, 0xd0, 0xd0, 0xa3, 0x0, 0x7, 0x70, 0xd0,
    0xa3, 0x0, 0xd, 0x10, 0xd0, 0xaa, 0x88, 0xad,
    0x86, 0xd0, 0xa7, 0x55, 0xe5, 0x53, 0xd0, 0xa4,
    0x26, 0xb2, 0x21, 0xd0, 0xac, 0xcf, 0xcc, 0xc8,
    0xd0, 0xa3, 0x4b, 0x0, 0x0, 0xd0, 0xa3, 0xb3,
    0x0, 0x0, 0xd0, 0xa6, 0xc0, 0x0, 0x0, 0x0,
    0x2, 0x30, 0x0, 0x0,

    /* U+22B0 "⊰" */
    0x0, 0x0, 0x0, 0x33, 0x0, 0x0, 0x0, 0x6,
    0xff, 0xa0, 0x0, 0x0, 0x0, 0x12, 0xf1, 0x0,
    0x0, 0x0, 0x1a, 0xe0, 0x0, 0x14, 0x7b, 0xfb,
    0x20, 0x6f, 0xff, 0xc7, 0x20, 0x0, 0x37, 0x9c,
    0xfe, 0x92, 0x0, 0x0, 0x0, 0x4, 0x9f, 0x80,
    0x0, 0x0, 0x0, 0x4, 0xf1, 0x0, 0x0, 0x3,
    0x78, 0xf0, 0x0, 0x0, 0x4, 0xbb, 0x40,

    /* U+22B1 "⊱" */
    0x0, 0x42, 0x0, 0x0, 0x0, 0x1e, 0xef, 0x20,
    0x0, 0x0, 0x6d, 0x1, 0x0, 0x0, 0x0, 0x3f,
    0x70, 0x0, 0x0, 0x0, 0x4, 0xde, 0xa6, 0x30,
    0x0, 0x0, 0x3, 0x8e, 0xff, 0xe3, 0x0, 0x4b,
    0xff, 0xb9, 0x71, 0xb, 0xe7, 0x20, 0x0, 0x0,
    0x5e, 0x10, 0x0, 0x0, 0x0, 0x4f, 0x68, 0x0,
    0x0, 0x0, 0x7, 0xca, 0x10, 0x0, 0x0,

    /* U+22B2 "⊲" */
    0x0, 0x0, 0x0, 0x0, 0x42, 0x0, 0x0, 0x1,
    0x7d, 0xf4, 0x0, 0x3, 0x9f, 0xd6, 0xf4, 0x5,
    0xcf, 0xa3, 0x0, 0xe4, 0x8f, 0xb1, 0x0, 0x0,
    0xe4, 0x29, 0xfd, 0x71, 0x0, 0xe4, 0x0, 0x6,
    0xdf, 0x93, 0xe4, 0x0, 0x0, 0x3, 0xaf, 0xf4,
    0x0, 0x0, 0x0, 0x1, 0x72,

    /* U+22B3 "⊳" */
    0x23, 0x0, 0x0, 0x0, 0x0, 0x4f, 0xd6, 0x0,
    0x0, 0x0, 0x4e, 0x7d, 0xf9, 0x20, 0x0, 0x4d,
    0x0, 0x4a, 0xfc, 0x50, 0x4d, 0x0, 0x0, 0x1c,
    0xf7, 0x4d, 0x0, 0x17, 0xdf, 0x92, 0x4d, 0x3a,
    0xfd, 0x60, 0x0, 0x4f, 0xfa, 0x30, 0x0, 0x0,
    0x37, 0x10, 0x0, 0x0, 0x0,

    /* U+22B4 "⊴" */
    0x0, 0x0, 0x0, 0x0, 0x0, 0x0, 0x0, 0x0,
    0x29, 0xf1, 0x0, 0x0, 0x5c, 0xfb, 0xf1, 0x1,
    0x8e, 0xe8, 0x11, 0xf1, 0x8f, 0xc5, 0x0, 0x1,
    0xf1, 0x7f, 0xd6, 0x10, 0x1, 0xf1, 0x0, 0x6d,
    0xf9, 0x31, 0xf1, 0x0, 0x0, 0x4a, 0xfd, 0xf1,
    0x0, 0x0, 0x0, 0x17, 0xe1, 0x34, 0x44, 0x44,
    0x44, 0x40, 0x9e, 0xee, 0xee, 0xee, 0xe1,

    /* U+22B5 "⊵" */
    0x10, 0x0, 0x0, 0x0, 0x0, 0xab, 0x50, 0x0,
    0x0, 0x0, 0xbc, 0xee, 0x81, 0x0, 0x0, 0xb7,
    0x5, 0xcf, 0xa4, 0x0, 0xb7, 0x0, 0x2, 0x9f,
    0xd0, 0xb7, 0x0, 0x4, 0xaf, 0xc0, 0xb7, 0x17,
    0xdf, 0x92, 0x0, 0xbd, 0xfd, 0x60, 0x0, 0x0,
    0xaa, 0x30, 0x0, 0x0, 0x0, 0x34, 0x44, 0x44,
    0x44, 0x40, 0x9e, 0xee, 0xee, 0xee, 0xe1,

    /* U+22B6 "⊶" */
    0x0, 0x10, 0x0, 0x0, 0x0, 0x1, 0x0, 0x9,
    0xfe, 0x30, 0x0, 0x3, 0xef, 0x80, 0x1e, 0x6,
    0xec, 0xcc, 0xce, 0xff, 0xf1, 0xe, 0x5a, 0xa6,
    0x66, 0x6b, 0xff, 0xf0, 0x4, 0xb9, 0x0, 0x0,
    0x0, 0x9b, 0x40,

    /* U+22B7 "⊷" */
    0x0, 0x10, 0x0, 0x0, 0x0, 0x1, 0x0, 0x9,
    0xfe, 0x30, 0x0, 0x3, 0xef, 0x90, 0x1f, 0xff,
    0xec, 0xcc, 0xce, 0x60, 0xe1, 0xf, 0xff, 0xa6,
    0x66, 0x6a, 0xa6, 0xe0, 0x3, 0xb9, 0x0, 0x0,
    0x0, 0x9b, 0x40,

    /* U+22B8 "⊸" */
    0x0, 0x0, 0x0, 0x0, 0x11, 0x0, 0x0, 0x0,
    0x0, 0x5f, 0xf6, 0x5c, 0xcc, 0xcc, 0xcf, 0x32,
    0xe2, 0x66, 0x66, 0x66, 0xc8, 0x7c, 0x0, 0x0,
    0x0, 0x2, 0xaa, 0x20,

    /* U+22B9 "⊹" */
    0x0, 0x0, 0x5, 0x40, 0x0, 0x0, 0x0, 0x0,
    0x98, 0x0, 0x0, 0x0, 0x0, 0x9, 0x80, 0x0,
    0x0, 0x0, 0x0, 0x98, 0x0, 0x0, 0x0, 0x0,
    0x0, 0x0, 0x0, 0x1, 0xff, 0xf8, 0x0, 0x9f,
    0xff, 0x2, 0x22, 0x10, 0x1, 0x22, 0x20, 0x0,
    0x0, 0x98, 0x0, 0x0, 0x0, 0x0, 0x9, 0x80,
    0x0, 0x0, 0x0, 0x0, 0x98, 0x0, 0x0, 0x0,
    0x0, 0x6, 0x50, 0x0, 0x0,

    /* U+22BA "⊺" */
    0x2e, 0xee, 0xc0, 0x9, 0x40, 0x0, 0x94, 0x0,
    0x9, 0x40, 0x0, 0x94, 0x0, 0x9, 0x40, 0x0,
    0x94, 0x0, 0x9, 0x40, 0x0, 0x94, 0x0, 0x8,
    0x40,

    /* U+22BB "⊻" */
    0x5, 0x10, 0x0, 0x52, 0xe, 0x70, 0x1, 0xf3,
    0x9, 0xc0, 0x6, 0xe0, 0x4, 0xf1, 0xb, 0x90,
    0x0, 0xf6, 0xf, 0x50, 0x0, 0xaa, 0x5f, 0x0,
    0x0, 0x5f, 0xbb, 0x0, 0x0, 0x1f, 0xf6, 0x0,
    0x0, 0x9, 0xc1, 0x0, 0x12, 0x22, 0x22, 0x22,
    0x9f, 0xff, 0xff, 0xfe,

    /* U+22BC "⊼" */
    0x13, 0x33, 0x33, 0x32, 0x8f, 0xff, 0xff, 0xfe,
    0x0, 0x0, 0x0, 0x0, 0x0, 0xc, 0xf2, 0x0,
    0x0, 0x1f, 0xf7, 0x0, 0x0, 0x6e, 0x9c, 0x0,
    0x0, 0xb9, 0x4f, 0x10, 0x0, 0xf5, 0xf, 0x60,
    0x5, 0xf0, 0xa, 0xa0, 0xa, 0xb0, 0x5, 0xf0,
    0xe, 0x60, 0x1, 0xf4, 0x2, 0x0, 0x0, 0x21,

    /* U+22BD "⊽" */
    0x13, 0x33, 0x33, 0x32, 0x8f, 0xff, 0xff, 0xfe,
    0x0, 0x0, 0x0, 0x0, 0xe, 0x50, 0x0, 0xe5,
    0xb, 0xa0, 0x4, 0xf1, 0x6, 0xe0, 0x9, 0xb0,
    0x1, 0xf4, 0xe, 0x70, 0x0, 0xc8, 0x3f, 0x20,
    0x0, 0x7d, 0x8d, 0x0, 0x0, 0x2f, 0xe8, 0x0,
    0x0, 0xd, 0xf3, 0x0, 0x0, 0x1, 0x20, 0x0,

    /* U+22BE "⊾" */
    0xd, 0x10, 0x0, 0x0, 0x1, 0xf1, 0x0, 0x0,
    0x0, 0x1f, 0xd7, 0x0, 0x0, 0x1, 0xf2, 0x7c,
    0x20, 0x0, 0x1f, 0x10, 0x3c, 0x0, 0x1, 0xf1,
    0x0, 0x77, 0x0, 0x1f, 0x32, 0x23, 0xc2, 0x11,
    0xff, 0xff, 0xff, 0xfc,

    /* U+22BF "⊿" */
    0x0, 0x0, 0x0, 0x9c, 0x0, 0x0, 0x9, 0xce,
    0x0, 0x0, 0x98, 0x3e, 0x0, 0x9, 0x80, 0x3e,
    0x0, 0x98, 0x0, 0x3e, 0x9, 0x80, 0x0, 0x3e,
    0x9b, 0x22, 0x22, 0x5e, 0xff, 0xff, 0xff, 0xfe,

    /* U+22C0 "⋀" */
    0x0, 0x0, 0x0, 0x10, 0x0, 0x0, 0x0, 0x0,
    0x0, 0x4f, 0xb0, 0x0, 0x0, 0x0, 0x0, 0xa,
    0xdf, 0x10, 0x0, 0x0, 0x0, 0x1, 0xf4, 0xd8,
    0x0, 0x0, 0x0, 0x0, 0x6e, 0x6, 0xe0, 0x0,
    0x0, 0x0, 0xd, 0x80, 0x1f, 0x40, 0x0, 0x0,
    0x3, 0xf2, 0x0, 0xab, 0x0, 0x0, 0x0, 0x9c,
    0x0, 0x4, 0xf1, 0x0, 0x0, 0xf, 0x50, 0x0,
    0xd, 0x70, 0x0, 0x6, 0xe0, 0x0, 0x0, 0x7d,
    0x0, 0x0, 0xc9, 0x0, 0x0, 0x1, 0xf4, 0x0,
    0x3f, 0x30, 0x0, 0x0, 0xb, 0xa0, 0x9, 0xc0,
    0x0, 0x0, 0x0, 0x5f, 0x10, 0x95, 0x0, 0x0,
    0x0, 0x0, 0xa4,

    /* U+22C1 "⋁" */
    0x1, 0x0, 0x0, 0x0, 0x0, 0x0, 0x0, 0xd8,
    0x0, 0x0, 0x0, 0x1, 0xf4, 0x6, 0xe0, 0x0,
    0x0, 0x0, 0x7e, 0x0, 0x1f, 0x50, 0x0, 0x0,
    0xd, 0x80, 0x0, 0xab, 0x0, 0x0, 0x3, 0xf2,
    0x0, 0x3, 0xf2, 0x0, 0x0, 0xab, 0x0, 0x0,
    0xd, 0x80, 0x0, 0xf, 0x50, 0x0, 0x0, 0x7e,
    0x0, 0x6, 0xe0, 0x0, 0x0, 0x1, 0xf4, 0x0,
    0xc8, 0x0, 0x0, 0x0, 0xa, 0xa0, 0x2f, 0x20,
    0x0, 0x0, 0x0, 0x4f, 0x19, 0xc0, 0x0, 0x0,
    0x0, 0x0, 0xd7, 0xe5, 0x0, 0x0, 0x0, 0x0,
    0x7, 0xff, 0x0, 0x0, 0x0, 0x0, 0x0, 0x1b,
    0x70, 0x0, 0x0,

    /* U+22C2 "⋂" */
    0x0, 0x0, 0x0, 0x0, 0x0, 0x0, 0x1, 0x9e,
    0xff, 0xb3, 0x0, 0x3, 0xea, 0x31, 0x28, 0xf6,
    0x0, 0xb9, 0x0, 0x0, 0x5, 0xf0, 0xf, 0x30,
    0x0, 0x0, 0xf, 0x30, 0xf2, 0x0, 0x0, 0x0,
    0xe4, 0xf, 0x20, 0x0, 0x0, 0xe, 0x50, 0xf2,
    0x0, 0x0, 0x0, 0xe5, 0xf, 0x20, 0x0, 0x0,
    0xe, 0x50, 0xf2, 0x0, 0x0, 0x0, 0xe5, 0xf,
    0x20, 0x0, 0x0, 0xe, 0x50, 0xf2, 0x0, 0x0,
    0x0, 0xe5, 0xf, 0x20, 0x0, 0x0, 0xe, 0x50,
    0xb1, 0x0, 0x0, 0x0, 0x93,

    /* U+22C3 "⋃" */
    0xe, 0x20, 0x0, 0x0, 0xc, 0x40, 0xf2, 0x0,
    0x0, 0x0, 0xe5, 0xf, 0x20, 0x0, 0x0, 0xe,
    0x50, 0xf2, 0x0, 0x0, 0x0, 0xe5, 0xf, 0x20,
    0x0, 0x0, 0xe, 0x50, 0xf2, 0x0, 0x0, 0x0,
    0xe5, 0xf, 0x20, 0x0, 0x0, 0xe, 0x50, 0xf2,
    0x0, 0x0, 0x0, 0xe5, 0xf, 0x20, 0x0, 0x0,
    0xe, 0x40, 0xf5, 0x0, 0x0, 0x0, 0xf3, 0xa,
    0xc0, 0x0, 0x0, 0x7e, 0x0, 0x1d, 0xd7, 0x46,
    0xbe, 0x30, 0x0, 0x6, 0xbd, 0xc8, 0x10, 0x0,

    /* U+22C4 "⋄" */
    0x0, 0x0, 0x0, 0x0, 0x0, 0xb0, 0x0, 0x0,
    0x6d, 0x40, 0x0, 0xb, 0x1b, 0x0, 0x5, 0x70,
    0x83, 0x0, 0xb0, 0x1, 0xa0, 0x48, 0x0, 0x9,
    0x3b, 0x10, 0x0, 0x2a, 0xa1, 0x0, 0x2, 0x93,
    0x80, 0x0, 0xa2, 0xb, 0x10, 0x1a, 0x0, 0x47,
    0x9, 0x30, 0x0, 0xb1, 0xb0, 0x0, 0x5, 0xd4,
    0x0, 0x0, 0xb, 0x0, 0x0, 0x0, 0x0, 0x0,

    /* U+22C5 "⋅" */
    0x5b, 0x8f,

    /* U+22C6 "⋆" */
    0x0, 0x0, 0x0, 0x0, 0x0, 0x70, 0x0, 0x3,
    0x5e, 0x33, 0x0, 0x5f, 0xfd, 0x30, 0x0, 0xde,
    0x90, 0x0, 0x15, 0x6, 0x0,

    /* U+22C7 "⋇" */
    0x2, 0x1, 0xa5, 0x2, 0x0, 0x1e, 0x72, 0xf8,
    0x2e, 0x60, 0x3, 0xf6, 0x2, 0xe9, 0x0, 0x0,
    0x4f, 0x8e, 0x90, 0x0, 0xaf, 0xff, 0xff, 0xff,
    0xf1, 0x23, 0x5f, 0xbf, 0x93, 0x30, 0x2, 0xe9,
    0x4, 0xf7, 0x0, 0xe, 0x92, 0xf8, 0x3f, 0x50,
    0x3, 0x1, 0xb6, 0x3, 0x0,

    /* U+22C8 "⋈" */
    0x0, 0x0, 0x0, 0x0, 0x0, 0x0, 0x4a, 0x0,
    0x0, 0x0, 0x0, 0x3c, 0x4f, 0xd3, 0x0, 0x0,
    0x7, 0xfe, 0x4e, 0xaf, 0x70, 0x1, 0xbf, 0x9e,
    0x4d, 0x6, 0xfb, 0x5e, 0xd2, 0x3e, 0x4d, 0x0,
    0x3f, 0xfc, 0x0, 0x3e, 0x4d, 0x3, 0xde, 0x9f,
    0xa0, 0x3e, 0x4d, 0x7f, 0xb1, 0x4, 0xed, 0x6e,
    0x4f, 0xf6, 0x0, 0x0, 0x1a, 0xfe, 0x4d, 0x20,
    0x0, 0x0, 0x0, 0x6e, 0x10, 0x0, 0x0, 0x0,
    0x0, 0x1,

    /* U+22C9 "⋉" */
    0x0, 0x0, 0x0, 0x0, 0x0, 0x0, 0x49, 0x0,
    0x0, 0x0, 0x0, 0x4a, 0x4f, 0xd2, 0x0, 0x0,
    0x9, 0xf6, 0x4e, 0xaf, 0x60, 0x2, 0xce, 0x30,
    0x4d, 0x6, 0xfa, 0x6f, 0xb1, 0x0, 0x4d, 0x0,
    0x3f, 0xfa, 0x0, 0x0, 0x4d, 0x3, 0xdd, 0xaf,
    0x70, 0x0, 0x4d, 0x7f, 0xa0, 0x5, 0xeb, 0x10,
    0x4f, 0xf6, 0x0, 0x0, 0x1c, 0xe4, 0x4c, 0x20,
    0x0, 0x0, 0x0, 0x8b, 0x10, 0x0, 0x0, 0x0,
    0x0, 0x1,

    /* U+22CA "⋊" */
    0x0, 0x0, 0x0, 0x0, 0x0, 0x0, 0xa4, 0x0,
    0x0, 0x0, 0x0, 0x94, 0x7f, 0x90, 0x0, 0x0,
    0x3d, 0xf4, 0x4, 0xec, 0x20, 0x6, 0xfa, 0xe4,
    0x0, 0x1b, 0xf6, 0xbf, 0x60, 0xd4, 0x0, 0x0,
    0xaf, 0xf3, 0x0, 0xd4, 0x0, 0x7, 0xf9, 0xdd,
    0x30, 0xd4, 0x1, 0xbe, 0x50, 0xa, 0xf7, 0xd4,
    0x4e, 0xc1, 0x0, 0x0, 0x5f, 0xf4, 0xb8, 0x0,
    0x0, 0x0, 0x2, 0xc4, 0x10, 0x0, 0x0, 0x0,
    0x0, 0x1,

    /* U+22CB "⋋" */
    0x0, 0x0, 0x0, 0x0, 0x0, 0x0, 0xa4, 0x0,
    0x0, 0x0, 0x0, 0x0, 0x6f, 0x80, 0x0, 0x0,
    0x0, 0x0, 0x3, 0xec, 0x20, 0x0, 0x0, 0x0,
    0x0, 0x1b, 0xf5, 0x0, 0x0, 0x0, 0x0, 0x0,
    0xaf, 0x90, 0x0, 0x0, 0x0, 0x7, 0xf9, 0xdd,
    0x20, 0x0, 0x1, 0xbe, 0x50, 0xa, 0xf6, 0x0,
    0x4e, 0xc1, 0x0, 0x0, 0x5f, 0xa0, 0xb8, 0x0,
    0x0, 0x0, 0x2, 0xc4, 0x10, 0x0, 0x0, 0x0,
    0x0, 0x1,

    /* U+22CC "⋌" */
    0x0, 0x0, 0x0, 0x0, 0x0, 0x0, 0x0, 0x0,
    0x0, 0x0, 0x0, 0x94, 0x0, 0x0, 0x0, 0x0,
    0x2d, 0xd2, 0x0, 0x0, 0x0, 0x6, 0xfa, 0x0,
    0x0, 0x0, 0x1, 0xaf, 0x60, 0x0, 0x0, 0x0,
    0x3e, 0xf3, 0x0, 0x0, 0x0, 0x7, 0xf9, 0xdd,
    0x30, 0x0, 0x1, 0xbe, 0x50, 0xa, 0xf6, 0x0,
    0x4e, 0xc1, 0x0, 0x0, 0x5f, 0xb1, 0xb8, 0x0,
    0x0, 0x0, 0x2, 0xc4, 0x10, 0x0, 0x0, 0x0,
    0x0, 0x1,

    /* U+22CD "⋍" */
    0x73, 0x0, 0x49, 0xb9, 0x20, 0x5e, 0xef, 0xe9,
    0x68, 0xe1, 0x0, 0x33, 0x0, 0x0, 0x10, 0x35,
    0x55, 0x55, 0x55, 0x50, 0x8d, 0xdd, 0xdd, 0xdd,
    0xd1,

    /* U+22CE "⋎" */
    0x1, 0x0, 0x0, 0x0, 0x10, 0xb, 0xa0, 0x0,
    0x6, 0xe1, 0x0, 0xd7, 0x0, 0x3f, 0x20, 0x0,
    0x4f, 0x10, 0xc7, 0x0, 0x0, 0xb, 0x84, 0xe0,
    0x0, 0x0, 0x5, 0xd9, 0x90, 0x0, 0x0, 0x0,
    0xfe, 0x40, 0x0, 0x0, 0x0, 0xcf, 0x0, 0x0,
    0x0, 0x0, 0x9d, 0x0, 0x0,

    /* U+22CF "⋏" */
    0x0, 0x0, 0x1, 0x0, 0x0, 0x0, 0x0, 0xae,
    0x0, 0x0, 0x0, 0x0, 0xdf, 0x10, 0x0, 0x0,
    0x0, 0xfd, 0x40, 0x0, 0x0, 0x6, 0xd9, 0xa0,
    0x0, 0x0, 0xc, 0x73, 0xf0, 0x0, 0x0, 0x5f,
    0x10, 0xb8, 0x0, 0x1, 0xe6, 0x0, 0x2f, 0x30,
    0xc, 0x90, 0x0, 0x5, 0xe2,

    /* U+22D0 "⋐" */
    0x0, 0x6c, 0xef, 0xff, 0xf2, 0x9, 0xf7, 0x33,
    0x33, 0x30, 0x4f, 0x20, 0x34, 0x44, 0x40, 0xa9,
    0xd, 0xfe, 0xee, 0xe2, 0xb7, 0x5d, 0x0, 0x0,
    0x0, 0xa9, 0x3f, 0x43, 0x33, 0x30, 0x5f, 0x27,
    0xef, 0xff, 0xf2, 0xa, 0xe6, 0x22, 0x22, 0x20,
    0x0, 0x7e, 0xff, 0xff, 0xf3, 0x0, 0x0, 0x0,
    0x0, 0x0,

    /* U+22D1 "⋑" */
    0x8f, 0xff, 0xfe, 0xa2, 0x0, 0x13, 0x33, 0x34,
    0xaf, 0x30, 0x24, 0x44, 0x42, 0x8, 0xe0, 0x7e,
    0xee, 0xef, 0x80, 0xf4, 0x0, 0x0, 0x2, 0xf0,
    0xd6, 0x23, 0x33, 0x37, 0xe0, 0xf4, 0x8f, 0xff,
    0xfd, 0x47, 0xe0, 0x12, 0x22, 0x23, 0x9f, 0x40,
    0x8f, 0xff, 0xff, 0xc3, 0x0, 0x0, 0x0, 0x0,
    0x0, 0x0,

    /* U+22D2 "⋒" */
    0x0, 0x0, 0x33, 0x0, 0x0, 0x0, 0x6f, 0xff,
    0xf8, 0x0, 0x7, 0xe5, 0x0, 0x3d, 0xa0, 0xf,
    0x53, 0xdd, 0x52, 0xf3, 0x4e, 0xd, 0x86, 0xf1,
    0xc7, 0x5d, 0xf, 0x20, 0xf2, 0xa8, 0x5d, 0xf,
    0x20, 0xf3, 0xa8, 0x5d, 0xf, 0x20, 0xf3, 0xa8,
    0x5d, 0xf, 0x20, 0xf3, 0xa8, 0x5d, 0xf, 0x20,
    0xf3, 0xa8,

    /* U+22D3 "⋓" */
    0x1, 0x1, 0x0, 0x10, 0x0, 0x5d, 0xf, 0x20,
    0xf3, 0xa8, 0x5d, 0xf, 0x20, 0xf3, 0xa8, 0x5d,
    0xf, 0x20, 0xf3, 0xa8, 0x5d, 0xf, 0x20, 0xf3,
    0xa8, 0x5d, 0xf, 0x20, 0xf2, 0xa8, 0x4f, 0xd,
    0x97, 0xf0, 0xc6, 0xf, 0x53, 0xbc, 0x43, 0xf2,
    0x6, 0xf6, 0x10, 0x5e, 0x80, 0x0, 0x5e, 0xff,
    0xf7, 0x0, 0x0, 0x0, 0x22, 0x0, 0x0,

    /* U+22D4 "⋔" */
    0x0, 0x1, 0x20, 0x0, 0x0, 0x5, 0xd0, 0x0,
    0x0, 0x5, 0xd0, 0x0, 0x0, 0x5c, 0xf9, 0x10,
    0x8, 0xeb, 0xeb, 0xe1, 0x1f, 0x35, 0xd0, 0xb9,
    0x3f, 0x5, 0xd0, 0x7b, 0x4e, 0x5, 0xd0, 0x7b,
    0x4e, 0x5, 0xd0, 0x7b, 0x4e, 0x5, 0xd0, 0x7b,
    0x4e, 0x5, 0xd0, 0x7b,

    /* U+22D5 "⋕" */
    0x0, 0x0, 0x0, 0x0, 0x0, 0x0, 0xf, 0x1b,
    0x70, 0x0, 0x0, 0xf, 0x1b, 0x70, 0x0, 0x0,
    0xf, 0x1b, 0x70, 0x0, 0x23, 0x3f, 0x4c, 0x83,
    0x30, 0xaf, 0xff, 0xff, 0xff, 0xf1, 0x0, 0xf,
    0x1b, 0x70, 0x0, 0x46, 0x6f, 0x7d, 0xa6, 0x60,
    0x8c, 0xcf, 0xce, 0xdc, 0xc0, 0x0, 0xf, 0x1b,
    0x70, 0x0, 0x0, 0xf, 0x1b, 0x70, 0x0, 0x0,
    0xf, 0x1b, 0x70, 0x0, 0x0, 0x8, 0x6, 0x30,
    0x0,

    /* U+22D6 "⋖" */
    0x0, 0x0, 0x0, 0x5, 0xa2, 0x0, 0x0, 0x39,
    0xee, 0x91, 0x2, 0x7d, 0xfa, 0x40, 0x0, 0x7f,
    0xc5, 0x0, 0xe, 0x80, 0x4c, 0xfb, 0x50, 0xa,
    0x50, 0x0, 0x27, 0xdf, 0xa4, 0x0, 0x0, 0x0,
    0x3, 0x9e, 0xe2, 0x0, 0x0, 0x0, 0x0, 0x41,

    /* U+22D7 "⋗" */
    0x88, 0x20, 0x0, 0x0, 0x0, 0x4b, 0xfc, 0x71,
    0x0, 0x0, 0x0, 0x16, 0xcf, 0xb5, 0x0, 0xe,
    0x80, 0x2, 0x7e, 0xf1, 0xa, 0x50, 0x27, 0xdf,
    0x91, 0x1, 0x6c, 0xfb, 0x50, 0x0, 0x7f, 0xc6,
    0x10, 0x0, 0x0, 0x42, 0x0, 0x0, 0x0, 0x0,

    /* U+22D8 "⋘" */
    0x0, 0x0, 0x0, 0x12, 0x0, 0x0, 0x30, 0x0,
    0x4, 0x0, 0x0, 0x29, 0xf5, 0x1, 0x7e, 0xa0,
    0x5, 0xde, 0x0, 0x2a, 0xfc, 0x51, 0x8f, 0xe7,
    0x16, 0xdf, 0x91, 0x3a, 0xfc, 0x41, 0x8f, 0xe6,
    0x16, 0xef, 0x81, 0x0, 0xff, 0x50, 0xb, 0xf8,
    0x0, 0x7f, 0xb1, 0x0, 0x0, 0x5d, 0xf8, 0x13,
    0xbf, 0xa2, 0x19, 0xfc, 0x40, 0x0, 0x0, 0x5c,
    0xf8, 0x13, 0xaf, 0xa3, 0x19, 0xfc, 0x50, 0x0,
    0x0, 0x4c, 0xf4, 0x2, 0xaf, 0x80, 0x18, 0xfc,
    0x0, 0x0, 0x0, 0x43, 0x0, 0x2, 0x50, 0x0,
    0x16,

    /* U+22D9 "⋙" */
    0x40, 0x0, 0x4, 0x0, 0x0, 0x31, 0x0, 0x0,
    0x0, 0xfc, 0x50, 0xb, 0xe7, 0x0, 0x7f, 0x91,
    0x0, 0x0, 0x29, 0xfd, 0x51, 0x7e, 0xe7, 0x15,
    0xdf, 0x92, 0x0, 0x0, 0x19, 0xfd, 0x61, 0x7e,
    0xe8, 0x15, 0xdf, 0xa2, 0x0, 0x0, 0x1c, 0xf5,
    0x0, 0x9f, 0xa0, 0x6, 0xfe, 0x0, 0x5, 0xdf,
    0x81, 0x3b, 0xfa, 0x21, 0x9f, 0xc4, 0x5, 0xdf,
    0x81, 0x3b, 0xfa, 0x22, 0x9f, 0xc4, 0x0, 0xde,
    0x70, 0x9, 0xf9, 0x20, 0x5f, 0xb4, 0x0, 0x0,
    0x70, 0x0, 0x5, 0x10, 0x0, 0x43, 0x0, 0x0,
    0x0,

    /* U+22DA "⋚" */
    0x0, 0x0, 0x0, 0x37, 0xc1, 0x0, 0x15, 0xae,
    0xfb, 0x60, 0x5c, 0xfd, 0x94, 0x0, 0x0, 0x9f,
    0xe9, 0x40, 0x0, 0x0, 0x1, 0x5a, 0xef, 0xb6,
    0x20, 0x0, 0x0, 0x3, 0x7c, 0xf1, 0x0, 0x0,
    0x0, 0x0, 0x10, 0xaf, 0xff, 0xff, 0xff, 0xf1,
    0x23, 0x33, 0x33, 0x33, 0x30, 0x9a, 0x51, 0x0,
    0x0, 0x0, 0x38, 0xdf, 0xc8, 0x30, 0x0, 0x0,
    0x2, 0x6b, 0xfe, 0xa0, 0x0, 0x0, 0x38, 0xdf,
    0xd0, 0x15, 0xae, 0xfb, 0x62, 0x0, 0xad, 0x94,
    0x0, 0x0, 0x0, 0x0, 0x0, 0x0, 0x0, 0x0,

    /* U+22DB "⋛" */
    0x99, 0x50, 0x0, 0x0, 0x0, 0x39, 0xef, 0xc7,
    0x20, 0x0, 0x0, 0x2, 0x7b, 0xfe, 0x90, 0x0,
    0x0, 0x27, 0xcf, 0xe0, 0x5, 0x9e, 0xfb, 0x72,
    0x0, 0xae, 0x95, 0x0, 0x0, 0x0, 0x10, 0x0,
    0x0, 0x0, 0x0, 0xaf, 0xff, 0xff, 0xff, 0xf1,
    0x23, 0x33, 0x33, 0x33, 0x30, 0x0, 0x0, 0x0,
    0x48, 0xd1, 0x0, 0x16, 0xaf, 0xfa, 0x60, 0x6d,
    0xfc, 0x83, 0x0, 0x0, 0x8f, 0xe9, 0x50, 0x0,
    0x0, 0x0, 0x49, 0xdf, 0xc7, 0x20, 0x0, 0x0,
    0x2, 0x7b, 0xf1, 0x0, 0x0, 0x0, 0x0, 0x0,

    /* U+22DC "⋜" */
    0x12, 0x22, 0x22, 0x22, 0x20, 0xbf, 0xff, 0xff,
    0xff, 0xf1, 0x0, 0x0, 0x0, 0x0, 0x10, 0x0,
    0x0, 0x2, 0x7b, 0xf1, 0x0, 0x49, 0xdf, 0xc7,
    0x30, 0x8f, 0xea, 0x51, 0x0, 0x0, 0x6d, 0xfc,
    0x83, 0x0, 0x0, 0x0, 0x16, 0xbf, 0xea, 0x50,
    0x0, 0x0, 0x0, 0x48, 0xd1,

    /* U+22DD "⋝" */
    0x12, 0x22, 0x22, 0x22, 0x20, 0xbf, 0xff, 0xff,
    0xff, 0xf1, 0x10, 0x0, 0x0, 0x0, 0x0, 0xad,
    0x84, 0x0, 0x0, 0x0, 0x15, 0xae, 0xfb, 0x61,
    0x0, 0x0, 0x0, 0x38, 0xdf, 0xd0, 0x0, 0x1,
    0x6b, 0xfe, 0xa0, 0x38, 0xdf, 0xc8, 0x30, 0x0,
    0x9a, 0x61, 0x0, 0x0, 0x0,

    /* U+22DE "⋞" */
    0x0, 0x0, 0x0, 0x0, 0x0, 0x0, 0x0, 0x0,
    0x1, 0xc1, 0x0, 0x0, 0x0, 0x6e, 0x90, 0x0,
    0x1, 0x7d, 0xe5, 0x30, 0x49, 0xcf, 0xc6, 0x6,
    0xf1, 0x9a, 0x62, 0x17, 0xed, 0x30, 0x25, 0x9c,
    0xfc, 0x50, 0x0, 0xbf, 0xfd, 0x50, 0x0, 0x0,
    0x3, 0x6a, 0xee, 0x81, 0x0, 0x0, 0x0, 0x4,
    0xce, 0x60, 0x0, 0x0, 0x0, 0x4, 0xe1, 0x0,
    0x0, 0x0, 0x0, 0x10,

    /* U+22DF "⋟" */
    0x10, 0x0, 0x0, 0x0, 0x0, 0xa5, 0x0, 0x0,
    0x0, 0x0, 0x4e, 0x91, 0x0, 0x0, 0x0, 0x32,
    0xbf, 0x93, 0x0, 0x0, 0xab, 0x23, 0xaf, 0xea,
    0x70, 0x1a, 0xf9, 0x31, 0x58, 0xc1, 0x0, 0x29,
    0xfe, 0xa7, 0x40, 0x0, 0x0, 0x2a, 0xff, 0xf1,
    0x0, 0x4c, 0xfc, 0x74, 0x10, 0x2c, 0xe7, 0x10,
    0x0, 0x0, 0xa8, 0x0, 0x0, 0x0, 0x0, 0x20,
    0x0, 0x0, 0x0, 0x0,

    /* U+22E0 "⋠" */
    0x0, 0x0, 0x0, 0x7, 0x0, 0x0, 0x0, 0x0,
    0x6b, 0x0, 0x0, 0x0, 0x0, 0xe6, 0xc1, 0x0,
    0x0, 0x6, 0xff, 0x80, 0x1, 0x48, 0xdf, 0xa2,
    0x0, 0xaf, 0xfd, 0xad, 0x0, 0x0, 0x37, 0xae,
    0xfc, 0x30, 0x0, 0x78, 0x54, 0xe8, 0xeb, 0x20,
    0x5b, 0xef, 0xd5, 0x18, 0xf0, 0x0, 0x2e, 0x8e,
    0xd3, 0x40, 0x0, 0xa7, 0x0, 0x7f, 0x70, 0x2,
    0xe1, 0x0, 0x2, 0xd1, 0x9, 0x80, 0x0, 0x0,
    0x10, 0x2, 0x10, 0x0, 0x0, 0x0,

    /* U+22E1 "⋡" */
    0x0, 0x0, 0x0, 0x7, 0x0, 0x10, 0x0, 0x0,
    0x6b, 0x0, 0xa6, 0x0, 0x0, 0xe3, 0x0, 0x3d,
    0xc4, 0x5, 0xc0, 0x0, 0x0, 0x6d, 0xee, 0x92,
    0x0, 0x0, 0x0, 0x7f, 0xff, 0xf1, 0x0, 0x17,
    0xef, 0xc8, 0x50, 0x7, 0xfe, 0xe0, 0x37, 0xa0,
    0xac, 0x3b, 0xde, 0xfc, 0x80, 0x51, 0x9f, 0xb5,
    0x0, 0x0, 0x3e, 0xf7, 0x0, 0x0, 0x0, 0xa8,
    0xe1, 0x0, 0x0, 0x0, 0x19, 0x80, 0x0, 0x0,
    0x0, 0x2, 0x10, 0x0, 0x0, 0x0,

    /* U+22E2 "⋢" */
    0x0, 0x0, 0x0, 0xb3, 0x0, 0x0, 0x0, 0x2,
    0xf1, 0x0, 0x9e, 0xee, 0xee, 0xfe, 0xe1, 0xb9,
    0x44, 0x4f, 0x84, 0x40, 0xb7, 0x0, 0x3f, 0x0,
    0x0, 0xb7, 0x0, 0x9a, 0x0, 0x0, 0xb7, 0x0,
    0xe5, 0x0, 0x0, 0xba, 0x57, 0xf6, 0x55, 0x50,
    0x9e, 0xef, 0xee, 0xee, 0xe1, 0x23, 0x3e, 0x73,
    0x33, 0x30, 0xaf, 0xff, 0xff, 0xff, 0xf1, 0x0,
    0xa9, 0x0, 0x0, 0x0, 0x0, 0xc3, 0x0, 0x0,
    0x0, 0x0, 0x0, 0x0, 0x0, 0x0,

    /* U+22E3 "⋣" */
    0x0, 0x0, 0x0, 0xb3, 0x0, 0x0, 0x0, 0x2,
    0xf1, 0x0, 0x9e, 0xee, 0xee, 0xfe, 0xe1, 0x34,
    0x44, 0x4f, 0x85, 0xf1, 0x0, 0x0, 0x3f, 0x1,
    0xf1, 0x0, 0x0, 0x9a, 0x1, 0xf1, 0x0, 0x0,
    0xe5, 0x1, 0xf1, 0x35, 0x57, 0xf6, 0x56, 0xf1,
    0x9e, 0xef, 0xee, 0xee, 0xe1, 0x23, 0x3e, 0x73,
    0x33, 0x30, 0xaf, 0xff, 0xff, 0xff, 0xf1, 0x0,
    0xa9, 0x0, 0x0, 0x0, 0x0, 0xc3, 0x0, 0x0,
    0x0, 0x0, 0x0, 0x0, 0x0, 0x0,

    /* U+22E4 "⋤" */
    0x9e, 0xee, 0xee, 0xee, 0xe1, 0xb9, 0x44, 0x44,
    0x44, 0x40, 0xb7, 0x0, 0x0, 0x0, 0x0, 0xb7,
    0x0, 0x0, 0x0, 0x0, 0xb7, 0x0, 0x0, 0x0,
    0x0, 0xba, 0x55, 0x55, 0x55, 0x50, 0x9e, 0xee,
    0xef, 0xee, 0xe1, 0x23, 0x33, 0x7f, 0x43, 0x30,
    0xaf, 0xff, 0xff, 0xff, 0xf1, 0x0, 0xb, 0x90,
    0x0, 0x0, 0x0, 0x1, 0x0, 0x0, 0x0,

    /* U+22E5 "⋥" */
    0x9e, 0xee, 0xee, 0xee, 0xe1, 0x34, 0x44, 0x44,
    0x45, 0xf1, 0x0, 0x0, 0x0, 0x1, 0xf1, 0x0,
    0x0, 0x0, 0x1, 0xf1, 0x0, 0x0, 0x0, 0x1,
    0xf1, 0x35, 0x55, 0x55, 0x56, 0xf1, 0x9e, 0xee,
    0xef, 0xee, 0xe1, 0x23, 0x33, 0x7f, 0x43, 0x30,
    0xaf, 0xff, 0xff, 0xff, 0xf1, 0x0, 0xb, 0x90,
    0x0, 0x0, 0x0, 0x1, 0x0, 0x0, 0x0,

    /* U+22E6 "⋦" */
    0x0, 0x0, 0x0, 0x37, 0xc1, 0x0, 0x15, 0xae,
    0xfb, 0x60, 0x5c, 0xfd, 0x94, 0x0, 0x0, 0x9f,
    0xe8, 0x40, 0x0, 0x0, 0x1, 0x5a, 0xef, 0xb6,
    0x20, 0x0, 0x0, 0xa, 0x8c, 0xf1, 0x0, 0x23,
    0x6e, 0x0, 0x20, 0x5e, 0xef, 0xfc, 0x68, 0xe1,
    0x73, 0x4, 0xea, 0xc9, 0x20, 0x0, 0x9, 0x80,
    0x0, 0x0, 0x0, 0x0, 0x0, 0x0, 0x0,

    /* U+22E7 "⋧" */
    0x99, 0x50, 0x0, 0x0, 0x0, 0x39, 0xef, 0xc7,
    0x20, 0x0, 0x0, 0x2, 0x7c, 0xfe, 0x90, 0x0,
    0x0, 0x27, 0xcf, 0xe0, 0x4, 0x9e, 0xfb, 0x72,
    0x0, 0xae, 0x95, 0x17, 0x0, 0x0, 0x10, 0x23,
    0x6e, 0x0, 0x10, 0x5e, 0xef, 0xfc, 0x68, 0xe1,
    0x73, 0x4, 0xea, 0xc9, 0x20, 0x0, 0x9, 0x80,
    0x0, 0x0, 0x0, 0x0, 0x0, 0x0, 0x0,

    /* U+22E8 "⋨" */
    0x0, 0x0, 0x0, 0x0, 0x0, 0x0, 0x0, 0x0,
    0x1, 0xb4, 0x0, 0x0, 0x1, 0x8f, 0x90, 0x1,
    0x47, 0xcf, 0xb3, 0x0, 0x7f, 0xfe, 0x71, 0x0,
    0x0, 0x27, 0xae, 0xfb, 0x50, 0x0, 0x0, 0x0,
    0x38, 0xed, 0x30, 0x0, 0x0, 0x3, 0x7, 0xf3,
    0x0, 0x0, 0x2f, 0x20, 0x32, 0x1a, 0xef, 0xed,
    0x24, 0xa4, 0x77, 0x24, 0xfd, 0xfd, 0x70, 0x0,
    0x7, 0xc0, 0x0, 0x0, 0x0, 0x0, 0x20, 0x0,
    0x0,

    /* U+22E9 "⋩" */
    0x10, 0x0, 0x0, 0x0, 0x0, 0x79, 0x0, 0x0,
    0x0, 0x0, 0x2c, 0xe6, 0x0, 0x0, 0x0, 0x0,
    0x5c, 0xfb, 0x63, 0x0, 0x0, 0x0, 0x28, 0xff,
    0xf4, 0x0, 0x6, 0xcf, 0xd9, 0x61, 0x5, 0xed,
    0x71, 0x0, 0x0, 0x6e, 0x50, 0x2, 0x0, 0x0,
    0x41, 0x0, 0x1f, 0x30, 0x0, 0x19, 0xef, 0xde,
    0x23, 0x94, 0x78, 0x34, 0xfe, 0xfe, 0x80, 0x0,
    0x6, 0xd0, 0x0, 0x0, 0x0, 0x0, 0x20, 0x0,
    0x0,

    /* U+22EA "⋪" */
    0x0, 0x0, 0x0, 0x4, 0x20, 0x0, 0x0, 0x0,
    0xd, 0x60, 0x0, 0x0, 0x0, 0x4f, 0x42, 0x0,
    0x0, 0x0, 0xbf, 0xf4, 0x0, 0x3, 0x9f, 0xf7,
    0xf4, 0x5, 0xcf, 0xab, 0xc0, 0xe4, 0x8f, 0xb1,
    0xe, 0x50, 0xe4, 0x29, 0xfd, 0x9e, 0x0, 0xe4,
    0x0, 0x6, 0xff, 0x93, 0xe4, 0x0, 0x2, 0xf5,
    0xaf, 0xf4, 0x0, 0x8, 0xb0, 0x1, 0x72, 0x0,
    0xe, 0x40, 0x0, 0x0, 0x0, 0x1a, 0x0, 0x0,
    0x0,

    /* U+22EB "⋫" */
    0x0, 0x0, 0x0, 0x60, 0x0, 0x0, 0x0, 0x4,
    0xf0, 0x0, 0x23, 0x0, 0xa, 0x90, 0x0, 0x4f,
    0xd6, 0x2f, 0x30, 0x0, 0x4e, 0x7d, 0xfe, 0x20,
    0x0, 0x4d, 0x0, 0xec, 0xfc, 0x50, 0x4d, 0x4,
    0xe0, 0x2c, 0xf7, 0x4d, 0xb, 0x97, 0xdf, 0x92,
    0x4d, 0x4f, 0xfd, 0x60, 0x0, 0x4f, 0xfc, 0x30,
    0x0, 0x0, 0x38, 0xf4, 0x0, 0x0, 0x0, 0x5,
    0xe0, 0x0, 0x0, 0x0, 0x5, 0x60, 0x0, 0x0,
    0x0,

    /* U+22EC "⋬" */
    0x0, 0x0, 0x0, 0x0, 0x0, 0x0, 0x0, 0x0,
    0xe, 0x40, 0x0, 0x0, 0x0, 0x4e, 0x10, 0x0,
    0x0, 0x0, 0xbe, 0xf1, 0x0, 0x0, 0x5b, 0xfb,
    0xf1, 0x1, 0x8e, 0xee, 0xb1, 0xf1, 0x8f, 0xc5,
    0xe, 0x41, 0xf1, 0x7f, 0xd6, 0x6e, 0x1, 0xf1,
    0x0, 0x6d, 0xfc, 0x31, 0xf1, 0x0, 0x3, 0xfa,
    0xfd, 0xf1, 0x0, 0x9, 0xa0, 0x17, 0xe1, 0x34,
    0x4f, 0x84, 0x44, 0x40, 0x9e, 0xff, 0xee, 0xee,
    0xe1, 0x0, 0xd6, 0x0, 0x0, 0x0, 0x0, 0xa1,
    0x0, 0x0, 0x0,

    /* U+22ED "⋭" */
    0x0, 0x0, 0x0, 0x0, 0x0, 0x0, 0x0, 0x0,
    0x6c, 0x0, 0x0, 0x0, 0x0, 0xc7, 0x0, 0x5e,
    0x71, 0x3, 0xf1, 0x0, 0x5e, 0xcf, 0xab, 0xa0,
    0x0, 0x5d, 0x3, 0xaf, 0xd6, 0x0, 0x5d, 0x0,
    0x7d, 0x7d, 0xf4, 0x5d, 0x0, 0xd8, 0x8e, 0xe4,
    0x5d, 0x6, 0xff, 0xb5, 0x0, 0x5f, 0xef, 0xb2,
    0x0, 0x0, 0x5c, 0x7f, 0x20, 0x0, 0x0, 0x14,
    0x9e, 0x44, 0x44, 0x42, 0x4e, 0xfe, 0xee, 0xee,
    0xe6, 0x4, 0xe0, 0x0, 0x0, 0x0, 0x5, 0x70,
    0x0, 0x0, 0x0,

    /* U+22EE "⋮" */
    0x0, 0xe8, 0xa6, 0x0, 0x0, 0x0, 0xe8, 0xa5,
    0x0, 0x0, 0x95, 0xe8, 0x0,

    /* U+22EF "⋯" */
    0x0, 0x0, 0x0, 0x0, 0x0, 0x6, 0xf1, 0x0,
    0xe8, 0x0, 0x7f, 0x4b, 0x0, 0xa, 0x50, 0x4,
    0xa0,

    /* U+22F0 "⋰" */
    0x0, 0x0, 0x0, 0x0, 0x0, 0x0, 0x0, 0x0,
    0x0, 0x0, 0x7f, 0x0, 0x0, 0x0, 0x0, 0x5,
    0xb0, 0x0, 0x0, 0x0, 0x0, 0x0, 0x0, 0x0,
    0x0, 0x0, 0x0, 0x0, 0x0, 0x0, 0x0, 0x0,
    0x0, 0x0, 0x0, 0xe, 0x80, 0x0, 0x0, 0x0,
    0x0, 0xa5, 0x0, 0x0, 0x0, 0x0, 0x0, 0x0,
    0x0, 0x0, 0x0, 0x0, 0x0, 0x0, 0x0, 0x4a,
    0x0, 0x0, 0x0, 0x0, 0x6, 0xf1, 0x0, 0x0,
    0x0, 0x0, 0x1, 0x0, 0x0, 0x0, 0x0, 0x0,

    /* U+22F1 "⋱" */
    0x0, 0x0, 0x0, 0x0, 0x0, 0x6, 0xf1, 0x0,
    0x0, 0x0, 0x0, 0x4b, 0x0, 0x0, 0x0, 0x0,
    0x0, 0x0, 0x0, 0x0, 0x0, 0x0, 0x0, 0x0,
    0x0, 0x0, 0x0, 0x0, 0x0, 0x0, 0x0, 0x0,
    0x0, 0x0, 0x0, 0xe, 0x80, 0x0, 0x0, 0x0,
    0x0, 0xa5, 0x0, 0x0, 0x0, 0x0, 0x0, 0x0,
    0x0, 0x0, 0x0, 0x0, 0x0, 0x0, 0x0, 0x0,
    0x0, 0x0, 0x0, 0x4, 0xa0, 0x0, 0x0, 0x0,
    0x0, 0x7f, 0x0, 0x0, 0x0, 0x0, 0x0, 0x0,

    /* U+22F2 "⋲" */
    0x0, 0x0, 0x0, 0x4b, 0xef, 0xff, 0xf9, 0x0,
    0x0, 0x9, 0xe7, 0x22, 0x22, 0x21, 0x0, 0x0,
    0x5e, 0x10, 0x0, 0x0, 0x0, 0x0, 0x0, 0xd5,
    0x0, 0x0, 0x0, 0x0, 0x2, 0x23, 0xf3, 0x22,
    0x22, 0x22, 0x21, 0x2f, 0xff, 0xff, 0xff, 0xff,
    0xff, 0xf9, 0x0, 0x0, 0xf2, 0x0, 0x0, 0x0,
    0x0, 0x0, 0x0, 0x9b, 0x0, 0x0, 0x0, 0x0,
    0x0, 0x0, 0xd, 0xb3, 0x0, 0x0, 0x0, 0x0,
    0x0, 0x0, 0x8e, 0xff, 0xff, 0xf9, 0x0, 0x0,
    0x0, 0x0, 0x12, 0x22, 0x21,

    /* U+22F3 "⋳" */
    0x0, 0x29, 0xdf, 0xff, 0xff, 0x4, 0xf9, 0x32,
    0x22, 0x22, 0x1f, 0x60, 0x0, 0x0, 0x0, 0x8b,
    0x0, 0x0, 0x0, 0x1f, 0xb8, 0x33, 0x33, 0x33,
    0x4f, 0xbf, 0xee, 0xee, 0xee, 0xef, 0x98, 0x0,
    0x0, 0x0, 0x1f, 0x2e, 0x20, 0x0, 0x0, 0x1c,
    0x7, 0xe6, 0x0, 0x0, 0x0, 0x0, 0x4c, 0xff,
    0xff, 0xff, 0x0, 0x0, 0x2, 0x22, 0x22,

    /* U+22F4 "⋴" */
    0x0, 0x8c, 0xee, 0xeb, 0xb, 0xa3, 0x10, 0x11,
    0x2e, 0x0, 0x0, 0x3c, 0x4f, 0xee, 0xee, 0xec,
    0x2e, 0x0, 0x0, 0x3c, 0xb, 0xa3, 0x0, 0x13,
    0x0, 0x8d, 0xef, 0xfb,

    /* U+22F5 "⋵" */
    0x0, 0x0, 0x79, 0x0, 0x0, 0x0, 0x0, 0x9d,
    0x0, 0x0, 0x0, 0x0, 0x0, 0x0, 0x0, 0x0,
    0x29, 0xdf, 0xff, 0xff, 0x4, 0xf9, 0x32, 0x22,
    0x22, 0x1f, 0x60, 0x0, 0x0, 0x0, 0x8b, 0x0,
    0x0, 0x0, 0x0, 0xb8, 0x22, 0x22, 0x22, 0x22,
    0xbf, 0xff, 0xff, 0xff, 0xff, 0x98, 0x0, 0x0,
    0x0, 0x0, 0x2e, 0x20, 0x0, 0x0, 0x0, 0x7,
    0xe6, 0x0, 0x0, 0x0, 0x0, 0x4c, 0xff, 0xff,
    0xff, 0x0, 0x0, 0x2, 0x22, 0x22,

    /* U+22F6 "⋶" */
    0x5f, 0xff, 0xff, 0xff, 0xff, 0x2, 0x22, 0x22,
    0x22, 0x22, 0x0, 0x29, 0xdf, 0xff, 0xff, 0x4,
    0xfa, 0x32, 0x22, 0x22, 0x1f, 0x60, 0x0, 0x0,
    0x0, 0x8c, 0x0, 0x0, 0x0, 0x0, 0xb8, 0x22,
    0x22, 0x22, 0x22, 0xbf, 0xff, 0xff, 0xff, 0xff,
    0x98, 0x0, 0x0, 0x0, 0x0, 0x2e, 0x20, 0x0,
    0x0, 0x0, 0x7, 0xe6, 0x0, 0x0, 0x0, 0x0,
    0x4c, 0xff, 0xff, 0xff, 0x0, 0x0, 0x2, 0x22,
    0x22,

    /* U+22F7 "⋷" */
    0xd, 0xdd, 0xdd, 0xda, 0x2, 0x22, 0x22, 0x21,
    0x0, 0x8c, 0xee, 0xeb, 0xb, 0xa3, 0x10, 0x0,
    0x2e, 0x0, 0x0, 0x0, 0x4f, 0xee, 0xee, 0xeb,
    0x2e, 0x0, 0x0, 0x0, 0xb, 0xa3, 0x0, 0x0,
    0x0, 0x8d, 0xef, 0xfb,

    /* U+22F8 "⋸" */
    0x0, 0x29, 0xdf, 0xff, 0xff, 0x4, 0xfa, 0x32,
    0x22, 0x22, 0x1f, 0x60, 0x0, 0x0, 0x0, 0x7c,
    0x0, 0x0, 0x0, 0x0, 0xb8, 0x22, 0x22, 0x22,
    0x22, 0xbf, 0xff, 0xff, 0xff, 0xff, 0x98, 0x0,
    0x0, 0x0, 0x0, 0x2e, 0x20, 0x0, 0x0, 0x0,
    0x7, 0xe4, 0x0, 0x0, 0x0, 0x0, 0x5d, 0xfd,
    0xdd, 0xdd, 0x1, 0x11, 0x23, 0x44, 0x44, 0x5f,
    0xff, 0xff, 0xff, 0xff, 0x0, 0x0, 0x0, 0x0,
    0x0,

    /* U+22F9 "⋹" */
    0x0, 0x3a, 0xdf, 0xff, 0xfd, 0x6, 0xf9, 0x32,
    0x22, 0x21, 0x3f, 0x50, 0x0, 0x0, 0x0, 0xac,
    0x44, 0x44, 0x44, 0x43, 0xde, 0xdd, 0xdd, 0xdd,
    0xdb, 0xd5, 0x22, 0x22, 0x22, 0x21, 0xbf, 0xff,
    0xff, 0xff, 0xfd, 0x4e, 0x10, 0x0, 0x0, 0x0,
    0x9, 0xd5, 0x0, 0x0, 0x0, 0x0, 0x6d, 0xff,
    0xff, 0xfd, 0x0, 0x0, 0x12, 0x22, 0x21,

    /* U+22FA "⋺" */
    0x2f, 0xff, 0xff, 0xd8, 0x10, 0x0, 0x0, 0x2,
    0x22, 0x22, 0x4b, 0xd2, 0x0, 0x0, 0x0, 0x0,
    0x0, 0x0, 0x9c, 0x0, 0x0, 0x0, 0x0, 0x0,
    0x0, 0xe, 0x40, 0x0, 0x4, 0x44, 0x44, 0x44,
    0x4b, 0xa4, 0x42, 0x2c, 0xcc, 0xcc, 0xcc, 0xce,
    0xec, 0xc7, 0x0, 0x0, 0x0, 0x0, 0xb, 0x70,
    0x0, 0x0, 0x0, 0x0, 0x0, 0x4f, 0x10, 0x0,
    0x0, 0x0, 0x0, 0x17, 0xf5, 0x0, 0x0, 0x2f,
    0xff, 0xff, 0xfb, 0x30, 0x0, 0x0, 0x2, 0x22,
    0x22, 0x0, 0x0, 0x0, 0x0,

    /* U+22FB "⋻" */
    0xef, 0xff, 0xfd, 0xa2, 0x0, 0x12, 0x22, 0x23,
    0x9f, 0x50, 0x20, 0x0, 0x0, 0x5, 0xf2, 0xe2,
    0x0, 0x0, 0x0, 0xa9, 0xe6, 0x44, 0x44, 0x44,
    0x8c, 0xed, 0xcc, 0xcc, 0xcc, 0xdd, 0xe2, 0x0,
    0x0, 0x0, 0x7a, 0x91, 0x0, 0x0, 0x1, 0xe3,
    0x0, 0x0, 0x0, 0x5e, 0x70, 0xef, 0xff, 0xff,
    0xc5, 0x0, 0x22, 0x22, 0x20, 0x0, 0x0,

    /* U+22FC "⋼" */
    0xae, 0xee, 0xc8, 0x0, 0x11, 0x1, 0x3a, 0xc0,
    0xb3, 0x0, 0x0, 0xe3, 0xbf, 0xee, 0xee, 0xf5,
    0xb4, 0x0, 0x0, 0xd3, 0x21, 0x0, 0x29, 0xc0,
    0xbf, 0xfe, 0xd8, 0x10,

    /* U+22FD "⋽" */
    0xcf, 0xff, 0xff, 0xff, 0xf8, 0x12, 0x22, 0x22,
    0x22, 0x21, 0xcf, 0xff, 0xfe, 0xa3, 0x0, 0x12,
    0x22, 0x23, 0x8f, 0x70, 0x0, 0x0, 0x0, 0x3,
    0xf4, 0x0, 0x0, 0x0, 0x0, 0x8b, 0x34, 0x44,
    0x44, 0x44, 0x7e, 0xac, 0xcc, 0xcc, 0xcc, 0xdf,
    0x0, 0x0, 0x0, 0x0, 0x5c, 0x0, 0x0, 0x0,
    0x0, 0xd5, 0x0, 0x0, 0x0, 0x4d, 0x90, 0xcf,
    0xff, 0xff, 0xd6, 0x0, 0x12, 0x22, 0x21, 0x0,
    0x0,

    /* U+22FE "⋾" */
    0x3d, 0xdd, 0xdd, 0xd6, 0x2, 0x22, 0x22, 0x21,
    0x4e, 0xee, 0xda, 0x30, 0x0, 0x0, 0x26, 0xe3,
    0x0, 0x0, 0x0, 0x7a, 0x4e, 0xee, 0xee, 0xfc,
    0x0, 0x0, 0x0, 0x7a, 0x0, 0x0, 0x15, 0xe3,
    0x4f, 0xfe, 0xeb, 0x40,

    /* U+22FF "⋿" */
    0x1, 0x11, 0x11, 0x11, 0x11, 0x4f, 0xff, 0xff,
    0xff, 0xff, 0x4d, 0x11, 0x11, 0x11, 0x11, 0x4d,
    0x0, 0x0, 0x0, 0x0, 0x4d, 0x0, 0x0, 0x0,
    0x0, 0x4e, 0x55, 0x55, 0x55, 0x54, 0x4f, 0xdd,
    0xdd, 0xdd, 0xdc, 0x4d, 0x0, 0x0, 0x0, 0x0,
    0x4d, 0x0, 0x0, 0x0, 0x0, 0x4e, 0x22, 0x22,
    0x22, 0x22, 0x4f, 0xff, 0xff, 0xff, 0xff,

    /* U+2300 "⌀" */
    0x0, 0x0, 0x10, 0x0, 0x0, 0x9, 0xfd, 0xe8,
    0xd0, 0x9, 0xb1, 0x5, 0xf8, 0x1, 0xe0, 0x4,
    0xe5, 0xe0, 0x3c, 0x4, 0xe3, 0xe, 0x1, 0xe5,
    0xe2, 0x1, 0xe0, 0xa, 0xf3, 0x1, 0xc7, 0x1,
    0xd9, 0xed, 0xe7, 0x0, 0x0, 0x0, 0x10, 0x0,
    0x0,

    /* U+2301 "⌁" */
    0x0, 0x0, 0x0, 0x9, 0x10, 0xd4, 0x0, 0xce,
    0x7f, 0xfb, 0x20, 0x5e, 0xd1, 0xac, 0x0, 0x6,
    0x0, 0x10,

    /* U+2302 "⌂" */
    0x0, 0x1, 0x0, 0x0, 0x5, 0xf4, 0x0, 0x4,
    0xe5, 0xe3, 0x3, 0xe3, 0x4, 0xe2, 0xe5, 0x0,
    0x6, 0xdf, 0x20, 0x0, 0x3e, 0xf2, 0x0, 0x3,
    0xef, 0x42, 0x22, 0x5e, 0xff, 0xff, 0xff, 0xe0,

    /* U+2303 "⌃" */
    0x0, 0x0, 0x0, 0x0, 0x1, 0xdb, 0x0, 0x1,
    0xdc, 0xdb, 0x0, 0xda, 0x1, 0xd9, 0x3, 0x0,
    0x1, 0x10,

    /* U+2304 "⌄" */
    0x3, 0x0, 0x1, 0x20, 0xda, 0x1, 0xd9, 0x1,
    0xdc, 0xea, 0x0, 0x1, 0xda, 0x0,

    /* U+2305 "⌅" */
    0xc, 0xcc, 0xcc, 0xa0, 0x66, 0x66, 0x65, 0x0,
    0x7, 0x40, 0x0, 0x8, 0xff, 0x40, 0x8, 0xe3,
    0x6f, 0x40, 0x92, 0x0, 0x66,

    /* U+2306 "⌆" */
    0x3, 0x33, 0x33, 0x20, 0xff, 0xff, 0xfc, 0x6,
    0x66, 0x66, 0x50, 0xbb, 0xbb, 0xb9, 0x0, 0x7,
    0x40, 0x0, 0x8, 0xff, 0x40, 0x8, 0xe3, 0x6f,
    0x40, 0x92, 0x0, 0x66,

    /* U+2307 "⌇" */
    0x0, 0x6, 0x80, 0xc6, 0x9, 0xb0, 0x1d, 0x60,
    0x99, 0x2f, 0x4b, 0x80, 0xb8, 0x3, 0xf3, 0x9,
    0x90, 0xc6, 0x2, 0x0,

    /* U+27E8 "⟨" */
    0x0, 0x72, 0x2, 0xf0, 0x7, 0xb0, 0xc, 0x60,
    0x1f, 0x10, 0x6c, 0x0, 0xa7, 0x0, 0x8a, 0x0,
    0x3e, 0x0, 0xe, 0x40, 0x9, 0x90, 0x4, 0xe0,
    0x0, 0xe2,

    /* U+27E9 "⟩" */
    0x62, 0x0, 0x99, 0x0, 0x4e, 0x0, 0xe, 0x30,
    0xa, 0x80, 0x5, 0xd0, 0x0, 0xf2, 0x3, 0xf0,
    0x8, 0xa0, 0xd, 0x50, 0x1f, 0x10, 0x6b, 0x0,
    0xb6, 0x0
};


/*---------------------
 *  GLYPH DESCRIPTION
 *--------------------*/

static const lv_font_fmt_txt_glyph_dsc_t glyph_dsc[] = {
    {.bitmap_index = 0, .adv_w = 0, .box_w = 0, .box_h = 0, .ofs_x = 0, .ofs_y = 0} /* id = 0 reserved */,
    {.bitmap_index = 0, .adv_w = 71, .box_w = 0, .box_h = 0, .ofs_x = 0, .ofs_y = 0},
    {.bitmap_index = 0, .adv_w = 90, .box_w = 2, .box_h = 10, .ofs_x = 2, .ofs_y = 0},
    {.bitmap_index = 10, .adv_w = 103, .box_w = 5, .box_h = 4, .ofs_x = 1, .ofs_y = 6},
    {.bitmap_index = 20, .adv_w = 188, .box_w = 10, .box_h = 10, .ofs_x = 1, .ofs_y = 0},
    {.bitmap_index = 70, .adv_w = 143, .box_w = 7, .box_h = 13, .ofs_x = 1, .ofs_y = -2},
    {.bitmap_index = 116, .adv_w = 213, .box_w = 13, .box_h = 10, .ofs_x = 0, .ofs_y = 0},
    {.bitmap_index = 181, .adv_w = 175, .box_w = 11, .box_h = 10, .ofs_x = 0, .ofs_y = 0},
    {.bitmap_index = 236, .adv_w = 62, .box_w = 2, .box_h = 4, .ofs_x = 1, .ofs_y = 6},
    {.bitmap_index = 240, .adv_w = 87, .box_w = 4, .box_h = 13, .ofs_x = 1, .ofs_y = -2},
    {.bitmap_index = 266, .adv_w = 87, .box_w = 4, .box_h = 13, .ofs_x = 1, .ofs_y = -2},
    {.bitmap_index = 292, .adv_w = 112, .box_w = 7, .box_h = 7, .ofs_x = 0, .ofs_y = 3},
    {.bitmap_index = 317, .adv_w = 188, .box_w = 10, .box_h = 9, .ofs_x = 1, .ofs_y = 0},
    {.bitmap_index = 362, .adv_w = 71, .box_w = 3, .box_h = 4, .ofs_x = 1, .ofs_y = -2},
    {.bitmap_index = 368, .adv_w = 81, .box_w = 5, .box_h = 2, .ofs_x = 0, .ofs_y = 3},
    {.bitmap_index = 373, .adv_w = 71, .box_w = 2, .box_h = 2, .ofs_x = 1, .ofs_y = 0},
    {.bitmap_index = 375, .adv_w = 75, .box_w = 5, .box_h = 12, .ofs_x = 0, .ofs_y = -2},
    {.bitmap_index = 405, .adv_w = 143, .box_w = 8, .box_h = 10, .ofs_x = 0, .ofs_y = 0},
    {.bitmap_index = 445, .adv_w = 143, .box_w = 7, .box_h = 10, .ofs_x = 1, .ofs_y = 0},
    {.bitmap_index = 480, .adv_w = 143, .box_w = 7, .box_h = 10, .ofs_x = 1, .ofs_y = 0},
    {.bitmap_index = 515, .adv_w = 143, .box_w = 7, .box_h = 10, .ofs_x = 1, .ofs_y = 0},
    {.bitmap_index = 550, .adv_w = 143, .box_w = 9, .box_h = 10, .ofs_x = 0, .ofs_y = 0},
    {.bitmap_index = 595, .adv_w = 143, .box_w = 7, .box_h = 10, .ofs_x = 1, .ofs_y = 0},
    {.bitmap_index = 630, .adv_w = 143, .box_w = 9, .box_h = 10, .ofs_x = 0, .ofs_y = 0},
    {.bitmap_index = 675, .adv_w = 143, .box_w = 7, .box_h = 10, .ofs_x = 1, .ofs_y = 0},
    {.bitmap_index = 710, .adv_w = 143, .box_w = 8, .box_h = 10, .ofs_x = 0, .ofs_y = 0},
    {.bitmap_index = 750, .adv_w = 143, .box_w = 8, .box_h = 10, .ofs_x = 0, .ofs_y = 0},
    {.bitmap_index = 790, .adv_w = 75, .box_w = 3, .box_h = 7, .ofs_x = 1, .ofs_y = 0},
    {.bitmap_index = 801, .adv_w = 75, .box_w = 3, .box_h = 9, .ofs_x = 1, .ofs_y = -2},
    {.bitmap_index = 815, .adv_w = 188, .box_w = 10, .box_h = 9, .ofs_x = 1, .ofs_y = 0},
    {.bitmap_index = 860, .adv_w = 188, .box_w = 10, .box_h = 5, .ofs_x = 1, .ofs_y = 2},
    {.bitmap_index = 885, .adv_w = 188, .box_w = 10, .box_h = 9, .ofs_x = 1, .ofs_y = 0},
    {.bitmap_index = 930, .adv_w = 119, .box_w = 6, .box_h = 10, .ofs_x = 1, .ofs_y = 0},
    {.bitmap_index = 960, .adv_w = 224, .box_w = 14, .box_h = 13, .ofs_x = 0, .ofs_y = -2},
    {.bitmap_index = 1051, .adv_w = 153, .box_w = 10, .box_h = 10, .ofs_x = 0, .ofs_y = 0},
    {.bitmap_index = 1101, .adv_w = 154, .box_w = 8, .box_h = 10, .ofs_x = 1, .ofs_y = 0},
    {.bitmap_index = 1141, .adv_w = 156, .box_w = 10, .box_h = 10, .ofs_x = 0, .ofs_y = 0},
    {.bitmap_index = 1191, .adv_w = 172, .box_w = 9, .box_h = 10, .ofs_x = 1, .ofs_y = 0},
    {.bitmap_index = 1236, .adv_w = 142, .box_w = 7, .box_h = 10, .ofs_x = 1, .ofs_y = 0},
    {.bitmap_index = 1271, .adv_w = 129, .box_w = 7, .box_h = 10, .ofs_x = 1, .ofs_y = 0},
    {.bitmap_index = 1306, .adv_w = 174, .box_w = 10, .box_h = 10, .ofs_x = 0, .ofs_y = 0},
    {.bitmap_index = 1356, .adv_w = 168, .box_w = 9, .box_h = 10, .ofs_x = 1, .ofs_y = 0},
    {.bitmap_index = 1401, .adv_w = 66, .box_w = 2, .box_h = 10, .ofs_x = 1, .ofs_y = 0},
    {.bitmap_index = 1411, .adv_w = 66, .box_w = 4, .box_h = 13, .ofs_x = -1, .ofs_y = -3},
    {.bitmap_index = 1437, .adv_w = 147, .box_w = 9, .box_h = 10, .ofs_x = 1, .ofs_y = 0},
    {.bitmap_index = 1482, .adv_w = 125, .box_w = 7, .box_h = 10, .ofs_x = 1, .ofs_y = 0},
    {.bitmap_index = 1517, .adv_w = 193, .box_w = 10, .box_h = 10, .ofs_x = 1, .ofs_y = 0},
    {.bitmap_index = 1567, .adv_w = 168, .box_w = 9, .box_h = 10, .ofs_x = 1, .ofs_y = 0},
    {.bitmap_index = 1612, .adv_w = 176, .box_w = 11, .box_h = 10, .ofs_x = 0, .ofs_y = 0},
    {.bitmap_index = 1667, .adv_w = 135, .box_w = 7, .box_h = 10, .ofs_x = 1, .ofs_y = 0},
    {.bitmap_index = 1702, .adv_w = 176, .box_w = 11, .box_h = 12, .ofs_x = 0, .ofs_y = -2},
    {.bitmap_index = 1768, .adv_w = 156, .box_w = 9, .box_h = 10, .ofs_x = 1, .ofs_y = 0},
    {.bitmap_index = 1813, .adv_w = 142, .box_w = 9, .box_h = 10, .ofs_x = 0, .ofs_y = 0},
    {.bitmap_index = 1858, .adv_w = 137, .box_w = 10, .box_h = 10, .ofs_x = -1, .ofs_y = 0},
    {.bitmap_index = 1908, .adv_w = 164, .box_w = 9, .box_h = 10, .ofs_x = 1, .ofs_y = 0},
    {.bitmap_index = 1953, .adv_w = 153, .box_w = 10, .box_h = 10, .ofs_x = 0, .ofs_y = 0},
    {.bitmap_index = 2003, .adv_w = 221, .box_w = 14, .box_h = 10, .ofs_x = 0, .ofs_y = 0},
    {.bitmap_index = 2073, .adv_w = 153, .box_w = 10, .box_h = 10, .ofs_x = 0, .ofs_y = 0},
    {.bitmap_index = 2123, .adv_w = 137, .box_w = 10, .box_h = 10, .ofs_x = -1, .ofs_y = 0},
    {.bitmap_index = 2173, .adv_w = 153, .box_w = 9, .box_h = 10, .ofs_x = 0, .ofs_y = 0},
    {.bitmap_index = 2218, .adv_w = 87, .box_w = 4, .box_h = 13, .ofs_x = 1, .ofs_y = -2},
    {.bitmap_index = 2244, .adv_w = 75, .box_w = 5, .box_h = 12, .ofs_x = 0, .ofs_y = -2},
    {.bitmap_index = 2274, .adv_w = 87, .box_w = 4, .box_h = 13, .ofs_x = 1, .ofs_y = -2},
    {.bitmap_index = 2300, .adv_w = 188, .box_w = 10, .box_h = 4, .ofs_x = 1, .ofs_y = 7},
    {.bitmap_index = 2320, .adv_w = 112, .box_w = 9, .box_h = 1, .ofs_x = -1, .ofs_y = -3},
    {.bitmap_index = 2325, .adv_w = 112, .box_w = 4, .box_h = 3, .ofs_x = 1, .ofs_y = 9},
    {.bitmap_index = 2331, .adv_w = 137, .box_w = 8, .box_h = 8, .ofs_x = 0, .ofs_y = 0},
    {.bitmap_index = 2363, .adv_w = 142, .box_w = 8, .box_h = 11, .ofs_x = 1, .ofs_y = 0},
    {.bitmap_index = 2407, .adv_w = 123, .box_w = 7, .box_h = 8, .ofs_x = 0, .ofs_y = 0},
    {.bitmap_index = 2435, .adv_w = 142, .box_w = 8, .box_h = 11, .ofs_x = 0, .ofs_y = 0},
    {.bitmap_index = 2479, .adv_w = 138, .box_w = 8, .box_h = 8, .ofs_x = 0, .ofs_y = 0},
    {.bitmap_index = 2511, .adv_w = 79, .box_w = 6, .box_h = 11, .ofs_x = 0, .ofs_y = 0},
    {.bitmap_index = 2544, .adv_w = 142, .box_w = 8, .box_h = 11, .ofs_x = 0, .ofs_y = -3},
    {.bitmap_index = 2588, .adv_w = 142, .box_w = 7, .box_h = 11, .ofs_x = 1, .ofs_y = 0},
    {.bitmap_index = 2627, .adv_w = 62, .box_w = 2, .box_h = 11, .ofs_x = 1, .ofs_y = 0},
    {.bitmap_index = 2638, .adv_w = 62, .box_w = 4, .box_h = 14, .ofs_x = -1, .ofs_y = -3},
    {.bitmap_index = 2666, .adv_w = 130, .box_w = 8, .box_h = 11, .ofs_x = 1, .ofs_y = 0},
    {.bitmap_index = 2710, .adv_w = 62, .box_w = 2, .box_h = 11, .ofs_x = 1, .ofs_y = 0},
    {.bitmap_index = 2721, .adv_w = 218, .box_w = 12, .box_h = 8, .ofs_x = 1, .ofs_y = 0},
    {.bitmap_index = 2769, .adv_w = 142, .box_w = 7, .box_h = 8, .ofs_x = 1, .ofs_y = 0},
    {.bitmap_index = 2797, .adv_w = 137, .box_w = 8, .box_h = 8, .ofs_x = 0, .ofs_y = 0},
    {.bitmap_index = 2829, .adv_w = 142, .box_w = 8, .box_h = 11, .ofs_x = 1, .ofs_y = -3},
    {.bitmap_index = 2873, .adv_w = 142, .box_w = 8, .box_h = 11, .ofs_x = 0, .ofs_y = -3},
    {.bitmap_index = 2917, .adv_w = 92, .box_w = 5, .box_h = 9, .ofs_x = 1, .ofs_y = 0},
    {.bitmap_index = 2940, .adv_w = 117, .box_w = 7, .box_h = 8, .ofs_x = 0, .ofs_y = 0},
    {.bitmap_index = 2968, .adv_w = 88, .box_w = 6, .box_h = 10, .ofs_x = 0, .ofs_y = 0},
    {.bitmap_index = 2998, .adv_w = 142, .box_w = 7, .box_h = 8, .ofs_x = 1, .ofs_y = 0},
    {.bitmap_index = 3026, .adv_w = 133, .box_w = 8, .box_h = 8, .ofs_x = 0, .ofs_y = 0},
    {.bitmap_index = 3058, .adv_w = 183, .box_w = 11, .box_h = 8, .ofs_x = 0, .ofs_y = 0},
    {.bitmap_index = 3102, .adv_w = 133, .box_w = 8, .box_h = 8, .ofs_x = 0, .ofs_y = 0},
    {.bitmap_index = 3134, .adv_w = 133, .box_w = 8, .box_h = 11, .ofs_x = 0, .ofs_y = -3},
    {.bitmap_index = 3178, .adv_w = 118, .box_w = 7, .box_h = 8, .ofs_x = 0, .ofs_y = 0},
    {.bitmap_index = 3206, .adv_w = 143, .box_w = 7, .box_h = 13, .ofs_x = 1, .ofs_y = -2},
    {.bitmap_index = 3252, .adv_w = 75, .box_w = 2, .box_h = 15, .ofs_x = 1, .ofs_y = -4},
    {.bitmap_index = 3267, .adv_w = 143, .box_w = 7, .box_h = 13, .ofs_x = 1, .ofs_y = -2},
    {.bitmap_index = 3313, .adv_w = 188, .box_w = 10, .box_h = 4, .ofs_x = 1, .ofs_y = 3},
    {.bitmap_index = 3333, .adv_w = 112, .box_w = 5, .box_h = 5, .ofs_x = 1, .ofs_y = 6},
    {.bitmap_index = 3346, .adv_w = 188, .box_w = 10, .box_h = 9, .ofs_x = 1, .ofs_y = 0},
    {.bitmap_index = 3391, .adv_w = 90, .box_w = 5, .box_h = 5, .ofs_x = 0, .ofs_y = 5},
    {.bitmap_index = 3404, .adv_w = 90, .box_w = 5, .box_h = 5, .ofs_x = 0, .ofs_y = 5},
    {.bitmap_index = 3417, .adv_w = 71, .box_w = 2, .box_h = 2, .ofs_x = 1, .ofs_y = 4},
    {.bitmap_index = 3419, .adv_w = 90, .box_w = 5, .box_h = 5, .ofs_x = 0, .ofs_y = 5},
    {.bitmap_index = 3432, .adv_w = 217, .box_w = 14, .box_h = 12, .ofs_x = 0, .ofs_y = -1},
    {.bitmap_index = 3516, .adv_w = 217, .box_w = 13, .box_h = 11, .ofs_x = 0, .ofs_y = 0},
    {.bitmap_index = 3588, .adv_w = 217, .box_w = 14, .box_h = 12, .ofs_x = 0, .ofs_y = -1},
    {.bitmap_index = 3672, .adv_w = 188, .box_w = 9, .box_h = 9, .ofs_x = 1, .ofs_y = 0},
    {.bitmap_index = 3713, .adv_w = 188, .box_w = 10, .box_h = 7, .ofs_x = 1, .ofs_y = 1},
    {.bitmap_index = 3748, .adv_w = 153, .box_w = 10, .box_h = 10, .ofs_x = 0, .ofs_y = 0},
    {.bitmap_index = 3798, .adv_w = 154, .box_w = 8, .box_h = 10, .ofs_x = 1, .ofs_y = 0},
    {.bitmap_index = 3838, .adv_w = 125, .box_w = 7, .box_h = 10, .ofs_x = 1, .ofs_y = 0},
    {.bitmap_index = 3873, .adv_w = 153, .box_w = 10, .box_h = 10, .ofs_x = 0, .ofs_y = 0},
    {.bitmap_index = 3923, .adv_w = 142, .box_w = 7, .box_h = 10, .ofs_x = 1, .ofs_y = 0},
    {.bitmap_index = 3958, .adv_w = 153, .box_w = 9, .box_h = 10, .ofs_x = 0, .ofs_y = 0},
    {.bitmap_index = 4003, .adv_w = 168, .box_w = 9, .box_h = 10, .ofs_x = 1, .ofs_y = 0},
    {.bitmap_index = 4048, .adv_w = 176, .box_w = 11, .box_h = 10, .ofs_x = 0, .ofs_y = 0},
    {.bitmap_index = 4103, .adv_w = 66, .box_w = 2, .box_h = 10, .ofs_x = 1, .ofs_y = 0},
    {.bitmap_index = 4113, .adv_w = 147, .box_w = 9, .box_h = 10, .ofs_x = 1, .ofs_y = 0},
    {.bitmap_index = 4158, .adv_w = 153, .box_w = 10, .box_h = 10, .ofs_x = 0, .ofs_y = 0},
    {.bitmap_index = 4208, .adv_w = 193, .box_w = 10, .box_h = 10, .ofs_x = 1, .ofs_y = 0},
    {.bitmap_index = 4258, .adv_w = 168, .box_w = 9, .box_h = 10, .ofs_x = 1, .ofs_y = 0},
    {.bitmap_index = 4303, .adv_w = 142, .box_w = 7, .box_h = 10, .ofs_x = 1, .ofs_y = 0},
    {.bitmap_index = 4338, .adv_w = 176, .box_w = 11, .box_h = 10, .ofs_x = 0, .ofs_y = 0},
    {.bitmap_index = 4393, .adv_w = 168, .box_w = 9, .box_h = 10, .ofs_x = 1, .ofs_y = 0},
    {.bitmap_index = 4438, .adv_w = 135, .box_w = 7, .box_h = 10, .ofs_x = 1, .ofs_y = 0},
    {.bitmap_index = 4473, .adv_w = 142, .box_w = 7, .box_h = 10, .ofs_x = 1, .ofs_y = 0},
    {.bitmap_index = 4508, .adv_w = 137, .box_w = 10, .box_h = 10, .ofs_x = -1, .ofs_y = 0},
    {.bitmap_index = 4558, .adv_w = 137, .box_w = 10, .box_h = 10, .ofs_x = -1, .ofs_y = 0},
    {.bitmap_index = 4608, .adv_w = 176, .box_w = 11, .box_h = 10, .ofs_x = 0, .ofs_y = 0},
    {.bitmap_index = 4663, .adv_w = 153, .box_w = 10, .box_h = 10, .ofs_x = 0, .ofs_y = 0},
    {.bitmap_index = 4713, .adv_w = 176, .box_w = 11, .box_h = 10, .ofs_x = 0, .ofs_y = 0},
    {.bitmap_index = 4768, .adv_w = 171, .box_w = 11, .box_h = 10, .ofs_x = 0, .ofs_y = 0},
    {.bitmap_index = 4823, .adv_w = 66, .box_w = 5, .box_h = 14, .ofs_x = 0, .ofs_y = 0},
    {.bitmap_index = 4858, .adv_w = 137, .box_w = 10, .box_h = 14, .ofs_x = -1, .ofs_y = 0},
    {.bitmap_index = 4928, .adv_w = 148, .box_w = 9, .box_h = 12, .ofs_x = 0, .ofs_y = 0},
    {.bitmap_index = 4982, .adv_w = 121, .box_w = 7, .box_h = 12, .ofs_x = 0, .ofs_y = 0},
    {.bitmap_index = 5024, .adv_w = 142, .box_w = 7, .box_h = 15, .ofs_x = 1, .ofs_y = -3},
    {.bitmap_index = 5077, .adv_w = 76, .box_w = 4, .box_h = 12, .ofs_x = 1, .ofs_y = 0},
    {.bitmap_index = 5101, .adv_w = 130, .box_w = 7, .box_h = 14, .ofs_x = 1, .ofs_y = 0},
    {.bitmap_index = 5150, .adv_w = 148, .box_w = 9, .box_h = 8, .ofs_x = 0, .ofs_y = 0},
    {.bitmap_index = 5186, .adv_w = 143, .box_w = 7, .box_h = 14, .ofs_x = 1, .ofs_y = -3},
    {.bitmap_index = 5235, .adv_w = 133, .box_w = 8, .box_h = 11, .ofs_x = 0, .ofs_y = -3},
    {.bitmap_index = 5279, .adv_w = 137, .box_w = 8, .box_h = 10, .ofs_x = 0, .ofs_y = 0},
    {.bitmap_index = 5319, .adv_w = 121, .box_w = 7, .box_h = 8, .ofs_x = 0, .ofs_y = 0},
    {.bitmap_index = 5347, .adv_w = 122, .box_w = 7, .box_h = 14, .ofs_x = 0, .ofs_y = -3},
    {.bitmap_index = 5396, .adv_w = 142, .box_w = 7, .box_h = 11, .ofs_x = 1, .ofs_y = -3},
    {.bitmap_index = 5435, .adv_w = 137, .box_w = 8, .box_h = 11, .ofs_x = 0, .ofs_y = 0},
    {.bitmap_index = 5479, .adv_w = 76, .box_w = 4, .box_h = 8, .ofs_x = 1, .ofs_y = 0},
    {.bitmap_index = 5495, .adv_w = 132, .box_w = 7, .box_h = 8, .ofs_x = 1, .ofs_y = 0},
    {.bitmap_index = 5523, .adv_w = 133, .box_w = 8, .box_h = 11, .ofs_x = 0, .ofs_y = 0},
    {.bitmap_index = 5567, .adv_w = 143, .box_w = 8, .box_h = 11, .ofs_x = 1, .ofs_y = -3},
    {.bitmap_index = 5611, .adv_w = 125, .box_w = 8, .box_h = 8, .ofs_x = 0, .ofs_y = 0},
    {.bitmap_index = 5643, .adv_w = 125, .box_w = 7, .box_h = 14, .ofs_x = 0, .ofs_y = -3},
    {.bitmap_index = 5692, .adv_w = 137, .box_w = 8, .box_h = 8, .ofs_x = 0, .ofs_y = 0},
    {.bitmap_index = 5724, .adv_w = 135, .box_w = 9, .box_h = 8, .ofs_x = 0, .ofs_y = 0},
    {.bitmap_index = 5760, .adv_w = 142, .box_w = 8, .box_h = 11, .ofs_x = 1, .ofs_y = -3},
    {.bitmap_index = 5804, .adv_w = 131, .box_w = 7, .box_h = 11, .ofs_x = 0, .ofs_y = -3},
    {.bitmap_index = 5843, .adv_w = 142, .box_w = 9, .box_h = 8, .ofs_x = 0, .ofs_y = 0},
    {.bitmap_index = 5879, .adv_w = 135, .box_w = 8, .box_h = 8, .ofs_x = 0, .ofs_y = 0},
    {.bitmap_index = 5911, .adv_w = 130, .box_w = 7, .box_h = 8, .ofs_x = 1, .ofs_y = 0},
    {.bitmap_index = 5939, .adv_w = 148, .box_w = 9, .box_h = 11, .ofs_x = 0, .ofs_y = -3},
    {.bitmap_index = 5989, .adv_w = 129, .box_w = 8, .box_h = 11, .ofs_x = 0, .ofs_y = -3},
    {.bitmap_index = 6033, .adv_w = 148, .box_w = 9, .box_h = 11, .ofs_x = 0, .ofs_y = -3},
    {.bitmap_index = 6083, .adv_w = 188, .box_w = 11, .box_h = 8, .ofs_x = 0, .ofs_y = 0},
    {.bitmap_index = 6127, .adv_w = 90, .box_w = 6, .box_h = 5, .ofs_x = 0, .ofs_y = 5},
    {.bitmap_index = 6142, .adv_w = 90, .box_w = 6, .box_h = 5, .ofs_x = 0, .ofs_y = 5},
    {.bitmap_index = 6157, .adv_w = 90, .box_w = 5, .box_h = 5, .ofs_x = 0, .ofs_y = 5},
    {.bitmap_index = 6170, .adv_w = 90, .box_w = 6, .box_h = 5, .ofs_x = 0, .ofs_y = 5},
    {.bitmap_index = 6185, .adv_w = 90, .box_w = 5, .box_h = 5, .ofs_x = 0, .ofs_y = 5},
    {.bitmap_index = 6198, .adv_w = 90, .box_w = 6, .box_h = 5, .ofs_x = 0, .ofs_y = 5},
    {.bitmap_index = 6213, .adv_w = 90, .box_w = 6, .box_h = 5, .ofs_x = 0, .ofs_y = 5},
    {.bitmap_index = 6228, .adv_w = 90, .box_w = 6, .box_h = 7, .ofs_x = 0, .ofs_y = 0},
    {.bitmap_index = 6249, .adv_w = 90, .box_w = 5, .box_h = 7, .ofs_x = 0, .ofs_y = 0},
    {.bitmap_index = 6267, .adv_w = 90, .box_w = 5, .box_h = 7, .ofs_x = 0, .ofs_y = 0},
    {.bitmap_index = 6285, .adv_w = 90, .box_w = 5, .box_h = 7, .ofs_x = 0, .ofs_y = 0},
    {.bitmap_index = 6303, .adv_w = 90, .box_w = 6, .box_h = 7, .ofs_x = 0, .ofs_y = 0},
    {.bitmap_index = 6324, .adv_w = 90, .box_w = 5, .box_h = 7, .ofs_x = 0, .ofs_y = 0},
    {.bitmap_index = 6342, .adv_w = 90, .box_w = 6, .box_h = 7, .ofs_x = 0, .ofs_y = 0},
    {.bitmap_index = 6363, .adv_w = 90, .box_w = 5, .box_h = 7, .ofs_x = 0, .ofs_y = 0},
    {.bitmap_index = 6381, .adv_w = 90, .box_w = 6, .box_h = 7, .ofs_x = 0, .ofs_y = 0},
    {.bitmap_index = 6402, .adv_w = 90, .box_w = 6, .box_h = 7, .ofs_x = 0, .ofs_y = 0},
    {.bitmap_index = 6423, .adv_w = 188, .box_w = 11, .box_h = 7, .ofs_x = 0, .ofs_y = 1},
    {.bitmap_index = 6462, .adv_w = 188, .box_w = 7, .box_h = 11, .ofs_x = 2, .ofs_y = 0},
    {.bitmap_index = 6501, .adv_w = 188, .box_w = 12, .box_h = 7, .ofs_x = 0, .ofs_y = 1},
    {.bitmap_index = 6543, .adv_w = 188, .box_w = 7, .box_h = 12, .ofs_x = 2, .ofs_y = -1},
    {.bitmap_index = 6585, .adv_w = 188, .box_w = 12, .box_h = 7, .ofs_x = 0, .ofs_y = 1},
    {.bitmap_index = 6627, .adv_w = 188, .box_w = 7, .box_h = 12, .ofs_x = 2, .ofs_y = -1},
    {.bitmap_index = 6669, .adv_w = 188, .box_w = 9, .box_h = 9, .ofs_x = 1, .ofs_y = 0},
    {.bitmap_index = 6710, .adv_w = 188, .box_w = 8, .box_h = 9, .ofs_x = 2, .ofs_y = 0},
    {.bitmap_index = 6746, .adv_w = 188, .box_w = 8, .box_h = 8, .ofs_x = 2, .ofs_y = 0},
    {.bitmap_index = 6778, .adv_w = 188, .box_w = 9, .box_h = 8, .ofs_x = 1, .ofs_y = 0},
    {.bitmap_index = 6814, .adv_w = 188, .box_w = 11, .box_h = 7, .ofs_x = 0, .ofs_y = 1},
    {.bitmap_index = 6853, .adv_w = 188, .box_w = 12, .box_h = 7, .ofs_x = 0, .ofs_y = 1},
    {.bitmap_index = 6895, .adv_w = 188, .box_w = 12, .box_h = 6, .ofs_x = 0, .ofs_y = 1},
    {.bitmap_index = 6931, .adv_w = 188, .box_w = 13, .box_h = 6, .ofs_x = -1, .ofs_y = 1},
    {.bitmap_index = 6970, .adv_w = 188, .box_w = 11, .box_h = 7, .ofs_x = 0, .ofs_y = 1},
    {.bitmap_index = 7009, .adv_w = 188, .box_w = 7, .box_h = 11, .ofs_x = 2, .ofs_y = 0},
    {.bitmap_index = 7048, .adv_w = 188, .box_w = 12, .box_h = 7, .ofs_x = 0, .ofs_y = 1},
    {.bitmap_index = 7090, .adv_w = 188, .box_w = 7, .box_h = 12, .ofs_x = 2, .ofs_y = -1},
    {.bitmap_index = 7132, .adv_w = 188, .box_w = 11, .box_h = 7, .ofs_x = 0, .ofs_y = 1},
    {.bitmap_index = 7171, .adv_w = 188, .box_w = 12, .box_h = 7, .ofs_x = 0, .ofs_y = 1},
    {.bitmap_index = 7213, .adv_w = 188, .box_w = 11, .box_h = 7, .ofs_x = 0, .ofs_y = 1},
    {.bitmap_index = 7252, .adv_w = 188, .box_w = 7, .box_h = 11, .ofs_x = 2, .ofs_y = 0},
    {.bitmap_index = 7291, .adv_w = 188, .box_w = 12, .box_h = 7, .ofs_x = 0, .ofs_y = 1},
    {.bitmap_index = 7333, .adv_w = 188, .box_w = 7, .box_h = 12, .ofs_x = 2, .ofs_y = -1},
    {.bitmap_index = 7375, .adv_w = 188, .box_w = 7, .box_h = 11, .ofs_x = 2, .ofs_y = 0},
    {.bitmap_index = 7414, .adv_w = 188, .box_w = 11, .box_h = 7, .ofs_x = 0, .ofs_y = 1},
    {.bitmap_index = 7453, .adv_w = 188, .box_w = 12, .box_h = 7, .ofs_x = 0, .ofs_y = 1},
    {.bitmap_index = 7495, .adv_w = 188, .box_w = 11, .box_h = 7, .ofs_x = 0, .ofs_y = 1},
    {.bitmap_index = 7534, .adv_w = 188, .box_w = 12, .box_h = 7, .ofs_x = 0, .ofs_y = 1},
    {.bitmap_index = 7576, .adv_w = 188, .box_w = 12, .box_h = 7, .ofs_x = 0, .ofs_y = 1},
    {.bitmap_index = 7618, .adv_w = 188, .box_w = 12, .box_h = 7, .ofs_x = 0, .ofs_y = 1},
    {.bitmap_index = 7660, .adv_w = 188, .box_w = 8, .box_h = 12, .ofs_x = 2, .ofs_y = -1},
    {.bitmap_index = 7708, .adv_w = 188, .box_w = 7, .box_h = 11, .ofs_x = 2, .ofs_y = 0},
    {.bitmap_index = 7747, .adv_w = 188, .box_w = 8, .box_h = 11, .ofs_x = 2, .ofs_y = 0},
    {.bitmap_index = 7791, .adv_w = 188, .box_w = 7, .box_h = 12, .ofs_x = 2, .ofs_y = -1},
    {.bitmap_index = 7833, .adv_w = 188, .box_w = 8, .box_h = 12, .ofs_x = 2, .ofs_y = -1},
    {.bitmap_index = 7881, .adv_w = 188, .box_w = 8, .box_h = 10, .ofs_x = 3, .ofs_y = -1},
    {.bitmap_index = 7921, .adv_w = 188, .box_w = 10, .box_h = 8, .ofs_x = 0, .ofs_y = 1},
    {.bitmap_index = 7961, .adv_w = 188, .box_w = 12, .box_h = 8, .ofs_x = 0, .ofs_y = 2},
    {.bitmap_index = 8009, .adv_w = 188, .box_w = 12, .box_h = 8, .ofs_x = 0, .ofs_y = 2},
    {.bitmap_index = 8057, .adv_w = 188, .box_w = 11, .box_h = 10, .ofs_x = 1, .ofs_y = 0},
    {.bitmap_index = 8112, .adv_w = 188, .box_w = 11, .box_h = 11, .ofs_x = 0, .ofs_y = -1},
    {.bitmap_index = 8173, .adv_w = 188, .box_w = 10, .box_h = 10, .ofs_x = 1, .ofs_y = 0},
    {.bitmap_index = 8223, .adv_w = 188, .box_w = 10, .box_h = 10, .ofs_x = 1, .ofs_y = 0},
    {.bitmap_index = 8273, .adv_w = 188, .box_w = 11, .box_h = 5, .ofs_x = 0, .ofs_y = 3},
    {.bitmap_index = 8301, .adv_w = 188, .box_w = 11, .box_h = 4, .ofs_x = 0, .ofs_y = 1},
    {.bitmap_index = 8323, .adv_w = 188, .box_w = 4, .box_h = 11, .ofs_x = 5, .ofs_y = 0},
    {.bitmap_index = 8345, .adv_w = 188, .box_w = 5, .box_h = 11, .ofs_x = 2, .ofs_y = 0},
    {.bitmap_index = 8373, .adv_w = 188, .box_w = 12, .box_h = 5, .ofs_x = 0, .ofs_y = 3},
    {.bitmap_index = 8403, .adv_w = 188, .box_w = 12, .box_h = 4, .ofs_x = 0, .ofs_y = 1},
    {.bitmap_index = 8427, .adv_w = 188, .box_w = 4, .box_h = 11, .ofs_x = 5, .ofs_y = 0},
    {.bitmap_index = 8449, .adv_w = 188, .box_w = 5, .box_h = 11, .ofs_x = 2, .ofs_y = 0},
    {.bitmap_index = 8477, .adv_w = 188, .box_w = 12, .box_h = 11, .ofs_x = 0, .ofs_y = -1},
    {.bitmap_index = 8543, .adv_w = 188, .box_w = 11, .box_h = 12, .ofs_x = 0, .ofs_y = -1},
    {.bitmap_index = 8609, .adv_w = 188, .box_w = 12, .box_h = 11, .ofs_x = 0, .ofs_y = -1},
    {.bitmap_index = 8675, .adv_w = 188, .box_w = 11, .box_h = 11, .ofs_x = 0, .ofs_y = -1},
    {.bitmap_index = 8736, .adv_w = 188, .box_w = 11, .box_h = 11, .ofs_x = 0, .ofs_y = 0},
    {.bitmap_index = 8797, .adv_w = 188, .box_w = 12, .box_h = 11, .ofs_x = 0, .ofs_y = -1},
    {.bitmap_index = 8863, .adv_w = 188, .box_w = 11, .box_h = 12, .ofs_x = 0, .ofs_y = -1},
    {.bitmap_index = 8929, .adv_w = 188, .box_w = 12, .box_h = 9, .ofs_x = 0, .ofs_y = 0},
    {.bitmap_index = 8983, .adv_w = 188, .box_w = 12, .box_h = 9, .ofs_x = 0, .ofs_y = 0},
    {.bitmap_index = 9037, .adv_w = 188, .box_w = 11, .box_h = 7, .ofs_x = 0, .ofs_y = 1},
    {.bitmap_index = 9076, .adv_w = 188, .box_w = 12, .box_h = 7, .ofs_x = 0, .ofs_y = 1},
    {.bitmap_index = 9118, .adv_w = 188, .box_w = 12, .box_h = 7, .ofs_x = 0, .ofs_y = 1},
    {.bitmap_index = 9160, .adv_w = 188, .box_w = 11, .box_h = 7, .ofs_x = 0, .ofs_y = 1},
    {.bitmap_index = 9199, .adv_w = 188, .box_w = 7, .box_h = 11, .ofs_x = 2, .ofs_y = 0},
    {.bitmap_index = 9238, .adv_w = 188, .box_w = 12, .box_h = 7, .ofs_x = 0, .ofs_y = 1},
    {.bitmap_index = 9280, .adv_w = 188, .box_w = 7, .box_h = 12, .ofs_x = 2, .ofs_y = -1},
    {.bitmap_index = 9322, .adv_w = 188, .box_w = 12, .box_h = 7, .ofs_x = 0, .ofs_y = 1},
    {.bitmap_index = 9364, .adv_w = 153, .box_w = 10, .box_h = 11, .ofs_x = 0, .ofs_y = 0},
    {.bitmap_index = 9419, .adv_w = 143, .box_w = 8, .box_h = 12, .ofs_x = 0, .ofs_y = -1},
    {.bitmap_index = 9467, .adv_w = 116, .box_w = 7, .box_h = 11, .ofs_x = 0, .ofs_y = -1},
    {.bitmap_index = 9506, .adv_w = 142, .box_w = 7, .box_h = 11, .ofs_x = 1, .ofs_y = 0},
    {.bitmap_index = 9545, .adv_w = 142, .box_w = 7, .box_h = 12, .ofs_x = 1, .ofs_y = -1},
    {.bitmap_index = 9587, .adv_w = 195, .box_w = 11, .box_h = 11, .ofs_x = 1, .ofs_y = -1},
    {.bitmap_index = 9648, .adv_w = 150, .box_w = 11, .box_h = 11, .ofs_x = -1, .ofs_y = 0},
    {.bitmap_index = 9709, .adv_w = 150, .box_w = 11, .box_h = 11, .ofs_x = -1, .ofs_y = 0},
    {.bitmap_index = 9770, .adv_w = 195, .box_w = 10, .box_h = 11, .ofs_x = 1, .ofs_y = -1},
    {.bitmap_index = 9825, .adv_w = 195, .box_w = 10, .box_h = 14, .ofs_x = 1, .ofs_y = -2},
    {.bitmap_index = 9895, .adv_w = 161, .box_w = 8, .box_h = 7, .ofs_x = 1, .ofs_y = 1},
    {.bitmap_index = 9923, .adv_w = 195, .box_w = 10, .box_h = 11, .ofs_x = 1, .ofs_y = -1},
    {.bitmap_index = 9978, .adv_w = 195, .box_w = 10, .box_h = 14, .ofs_x = 1, .ofs_y = -2},
    {.bitmap_index = 10048, .adv_w = 161, .box_w = 8, .box_h = 7, .ofs_x = 1, .ofs_y = 1},
    {.bitmap_index = 10076, .adv_w = 143, .box_w = 5, .box_h = 7, .ofs_x = 2, .ofs_y = 0},
    {.bitmap_index = 10094, .adv_w = 170, .box_w = 9, .box_h = 14, .ofs_x = 1, .ofs_y = -3},
    {.bitmap_index = 10157, .adv_w = 170, .box_w = 9, .box_h = 14, .ofs_x = 1, .ofs_y = -3},
    {.bitmap_index = 10220, .adv_w = 151, .box_w = 10, .box_h = 14, .ofs_x = 0, .ofs_y = -3},
    {.bitmap_index = 10290, .adv_w = 188, .box_w = 10, .box_h = 2, .ofs_x = 1, .ofs_y = 3},
    {.bitmap_index = 10300, .adv_w = 188, .box_w = 10, .box_h = 9, .ofs_x = 1, .ofs_y = 0},
    {.bitmap_index = 10345, .adv_w = 188, .box_w = 10, .box_h = 11, .ofs_x = 1, .ofs_y = 0},
    {.bitmap_index = 10400, .adv_w = 75, .box_w = 5, .box_h = 13, .ofs_x = 0, .ofs_y = -2},
    {.bitmap_index = 10433, .adv_w = 143, .box_w = 6, .box_h = 12, .ofs_x = 2, .ofs_y = -1},
    {.bitmap_index = 10469, .adv_w = 188, .box_w = 9, .box_h = 9, .ofs_x = 1, .ofs_y = 0},
    {.bitmap_index = 10510, .adv_w = 140, .box_w = 5, .box_h = 5, .ofs_x = 2, .ofs_y = 2},
    {.bitmap_index = 10523, .adv_w = 140, .box_w = 5, .box_h = 5, .ofs_x = 2, .ofs_y = 2},
    {.bitmap_index = 10536, .adv_w = 143, .box_w = 9, .box_h = 13, .ofs_x = 0, .ofs_y = -1},
    {.bitmap_index = 10595, .adv_w = 143, .box_w = 10, .box_h = 14, .ofs_x = 0, .ofs_y = -1},
    {.bitmap_index = 10665, .adv_w = 143, .box_w = 9, .box_h = 14, .ofs_x = 0, .ofs_y = -1},
    {.bitmap_index = 10728, .adv_w = 160, .box_w = 8, .box_h = 6, .ofs_x = 1, .ofs_y = 1},
    {.bitmap_index = 10752, .adv_w = 187, .box_w = 9, .box_h = 6, .ofs_x = 1, .ofs_y = 1},
    {.bitmap_index = 10779, .adv_w = 188, .box_w = 9, .box_h = 9, .ofs_x = 1, .ofs_y = 1},
    {.bitmap_index = 10820, .adv_w = 201, .box_w = 10, .box_h = 11, .ofs_x = 1, .ofs_y = 0},
    {.bitmap_index = 10875, .adv_w = 201, .box_w = 10, .box_h = 12, .ofs_x = 1, .ofs_y = -1},
    {.bitmap_index = 10935, .adv_w = 188, .box_w = 10, .box_h = 12, .ofs_x = 1, .ofs_y = -1},
    {.bitmap_index = 10995, .adv_w = 112, .box_w = 3, .box_h = 14, .ofs_x = 2, .ofs_y = -3},
    {.bitmap_index = 11016, .adv_w = 112, .box_w = 7, .box_h = 14, .ofs_x = 0, .ofs_y = -3},
    {.bitmap_index = 11065, .adv_w = 112, .box_w = 5, .box_h = 14, .ofs_x = 1, .ofs_y = -3},
    {.bitmap_index = 11100, .adv_w = 112, .box_w = 7, .box_h = 14, .ofs_x = 0, .ofs_y = -3},
    {.bitmap_index = 11149, .adv_w = 164, .box_w = 8, .box_h = 9, .ofs_x = 1, .ofs_y = 0},
    {.bitmap_index = 11185, .adv_w = 164, .box_w = 8, .box_h = 9, .ofs_x = 1, .ofs_y = 0},
    {.bitmap_index = 11221, .adv_w = 164, .box_w = 8, .box_h = 9, .ofs_x = 1, .ofs_y = 0},
    {.bitmap_index = 11257, .adv_w = 164, .box_w = 8, .box_h = 9, .ofs_x = 1, .ofs_y = 0},
    {.bitmap_index = 11293, .adv_w = 117, .box_w = 7, .box_h = 14, .ofs_x = 0, .ofs_y = -3},
    {.bitmap_index = 11342, .adv_w = 177, .box_w = 11, .box_h = 14, .ofs_x = 0, .ofs_y = -3},
    {.bitmap_index = 11419, .adv_w = 237, .box_w = 14, .box_h = 14, .ofs_x = 0, .ofs_y = -3},
    {.bitmap_index = 11517, .adv_w = 117, .box_w = 7, .box_h = 14, .ofs_x = 0, .ofs_y = -3},
    {.bitmap_index = 11566, .adv_w = 177, .box_w = 11, .box_h = 14, .ofs_x = 0, .ofs_y = -3},
    {.bitmap_index = 11643, .adv_w = 237, .box_w = 14, .box_h = 14, .ofs_x = 0, .ofs_y = -3},
    {.bitmap_index = 11741, .adv_w = 117, .box_w = 8, .box_h = 14, .ofs_x = 0, .ofs_y = -3},
    {.bitmap_index = 11797, .adv_w = 117, .box_w = 8, .box_h = 14, .ofs_x = 0, .ofs_y = -3},
    {.bitmap_index = 11853, .adv_w = 117, .box_w = 8, .box_h = 14, .ofs_x = 0, .ofs_y = -3},
    {.bitmap_index = 11909, .adv_w = 143, .box_w = 9, .box_h = 8, .ofs_x = 0, .ofs_y = 1},
    {.bitmap_index = 11945, .adv_w = 143, .box_w = 9, .box_h = 8, .ofs_x = 0, .ofs_y = 1},
    {.bitmap_index = 11981, .adv_w = 58, .box_w = 2, .box_h = 8, .ofs_x = 1, .ofs_y = 1},
    {.bitmap_index = 11989, .adv_w = 143, .box_w = 9, .box_h = 8, .ofs_x = 0, .ofs_y = 1},
    {.bitmap_index = 12025, .adv_w = 188, .box_w = 10, .box_h = 5, .ofs_x = 1, .ofs_y = 3},
    {.bitmap_index = 12050, .adv_w = 188, .box_w = 10, .box_h = 7, .ofs_x = 1, .ofs_y = 1},
    {.bitmap_index = 12085, .adv_w = 188, .box_w = 10, .box_h = 7, .ofs_x = 1, .ofs_y = 1},
    {.bitmap_index = 12120, .adv_w = 188, .box_w = 10, .box_h = 7, .ofs_x = 1, .ofs_y = 1},
    {.bitmap_index = 12155, .adv_w = 188, .box_w = 10, .box_h = 4, .ofs_x = 1, .ofs_y = 2},
    {.bitmap_index = 12175, .adv_w = 188, .box_w = 10, .box_h = 4, .ofs_x = 1, .ofs_y = 2},
    {.bitmap_index = 12195, .adv_w = 188, .box_w = 10, .box_h = 5, .ofs_x = 1, .ofs_y = 2},
    {.bitmap_index = 12220, .adv_w = 188, .box_w = 10, .box_h = 9, .ofs_x = 1, .ofs_y = 0},
    {.bitmap_index = 12265, .adv_w = 84, .box_w = 3, .box_h = 9, .ofs_x = 1, .ofs_y = 0},
    {.bitmap_index = 12279, .adv_w = 188, .box_w = 10, .box_h = 8, .ofs_x = 1, .ofs_y = 0},
    {.bitmap_index = 12319, .adv_w = 188, .box_w = 10, .box_h = 6, .ofs_x = 1, .ofs_y = 1},
    {.bitmap_index = 12349, .adv_w = 188, .box_w = 10, .box_h = 5, .ofs_x = 1, .ofs_y = 2},
    {.bitmap_index = 12374, .adv_w = 188, .box_w = 10, .box_h = 9, .ofs_x = 1, .ofs_y = 0},
    {.bitmap_index = 12419, .adv_w = 188, .box_w = 10, .box_h = 8, .ofs_x = 1, .ofs_y = 1},
    {.bitmap_index = 12459, .adv_w = 188, .box_w = 10, .box_h = 10, .ofs_x = 1, .ofs_y = -1},
    {.bitmap_index = 12509, .adv_w = 188, .box_w = 10, .box_h = 11, .ofs_x = 1, .ofs_y = -1},
    {.bitmap_index = 12564, .adv_w = 188, .box_w = 10, .box_h = 6, .ofs_x = 1, .ofs_y = 1},
    {.bitmap_index = 12594, .adv_w = 188, .box_w = 10, .box_h = 9, .ofs_x = 1, .ofs_y = 0},
    {.bitmap_index = 12639, .adv_w = 188, .box_w = 10, .box_h = 8, .ofs_x = 1, .ofs_y = 1},
    {.bitmap_index = 12679, .adv_w = 188, .box_w = 10, .box_h = 9, .ofs_x = 1, .ofs_y = 0},
    {.bitmap_index = 12724, .adv_w = 188, .box_w = 10, .box_h = 8, .ofs_x = 1, .ofs_y = 1},
    {.bitmap_index = 12764, .adv_w = 188, .box_w = 10, .box_h = 7, .ofs_x = 1, .ofs_y = 1},
    {.bitmap_index = 12799, .adv_w = 188, .box_w = 10, .box_h = 9, .ofs_x = 1, .ofs_y = 0},
    {.bitmap_index = 12844, .adv_w = 188, .box_w = 10, .box_h = 7, .ofs_x = 1, .ofs_y = 2},
    {.bitmap_index = 12879, .adv_w = 188, .box_w = 10, .box_h = 7, .ofs_x = 1, .ofs_y = 2},
    {.bitmap_index = 12914, .adv_w = 188, .box_w = 10, .box_h = 9, .ofs_x = 1, .ofs_y = 0},
    {.bitmap_index = 12959, .adv_w = 188, .box_w = 10, .box_h = 9, .ofs_x = 1, .ofs_y = 0},
    {.bitmap_index = 13004, .adv_w = 188, .box_w = 10, .box_h = 9, .ofs_x = 1, .ofs_y = 0},
    {.bitmap_index = 13049, .adv_w = 224, .box_w = 12, .box_h = 6, .ofs_x = 1, .ofs_y = 1},
    {.bitmap_index = 13085, .adv_w = 224, .box_w = 12, .box_h = 6, .ofs_x = 1, .ofs_y = 1},
    {.bitmap_index = 13121, .adv_w = 188, .box_w = 10, .box_h = 5, .ofs_x = 1, .ofs_y = 2},
    {.bitmap_index = 13146, .adv_w = 188, .box_w = 10, .box_h = 9, .ofs_x = 1, .ofs_y = 2},
    {.bitmap_index = 13191, .adv_w = 188, .box_w = 10, .box_h = 8, .ofs_x = 1, .ofs_y = 2},
    {.bitmap_index = 13231, .adv_w = 188, .box_w = 10, .box_h = 10, .ofs_x = 1, .ofs_y = 2},
    {.bitmap_index = 13281, .adv_w = 188, .box_w = 10, .box_h = 10, .ofs_x = 1, .ofs_y = 2},
    {.bitmap_index = 13331, .adv_w = 188, .box_w = 10, .box_h = 10, .ofs_x = 1, .ofs_y = 2},
    {.bitmap_index = 13381, .adv_w = 188, .box_w = 10, .box_h = 10, .ofs_x = 1, .ofs_y = 2},
    {.bitmap_index = 13431, .adv_w = 188, .box_w = 10, .box_h = 9, .ofs_x = 1, .ofs_y = 2},
    {.bitmap_index = 13476, .adv_w = 188, .box_w = 10, .box_h = 9, .ofs_x = 1, .ofs_y = 2},
    {.bitmap_index = 13521, .adv_w = 188, .box_w = 10, .box_h = 10, .ofs_x = 1, .ofs_y = 2},
    {.bitmap_index = 13571, .adv_w = 188, .box_w = 10, .box_h = 9, .ofs_x = 1, .ofs_y = 0},
    {.bitmap_index = 13616, .adv_w = 188, .box_w = 10, .box_h = 7, .ofs_x = 1, .ofs_y = 1},
    {.bitmap_index = 13651, .adv_w = 188, .box_w = 10, .box_h = 10, .ofs_x = 1, .ofs_y = -1},
    {.bitmap_index = 13701, .adv_w = 188, .box_w = 10, .box_h = 9, .ofs_x = 1, .ofs_y = 0},
    {.bitmap_index = 13746, .adv_w = 188, .box_w = 10, .box_h = 9, .ofs_x = 1, .ofs_y = 0},
    {.bitmap_index = 13791, .adv_w = 188, .box_w = 10, .box_h = 9, .ofs_x = 1, .ofs_y = 0},
    {.bitmap_index = 13836, .adv_w = 188, .box_w = 10, .box_h = 11, .ofs_x = 1, .ofs_y = -2},
    {.bitmap_index = 13891, .adv_w = 188, .box_w = 10, .box_h = 11, .ofs_x = 1, .ofs_y = -2},
    {.bitmap_index = 13946, .adv_w = 188, .box_w = 10, .box_h = 12, .ofs_x = 1, .ofs_y = -3},
    {.bitmap_index = 14006, .adv_w = 188, .box_w = 10, .box_h = 12, .ofs_x = 1, .ofs_y = -3},
    {.bitmap_index = 14066, .adv_w = 235, .box_w = 13, .box_h = 9, .ofs_x = 1, .ofs_y = 0},
    {.bitmap_index = 14125, .adv_w = 235, .box_w = 13, .box_h = 9, .ofs_x = 1, .ofs_y = 0},
    {.bitmap_index = 14184, .adv_w = 104, .box_w = 5, .box_h = 13, .ofs_x = 1, .ofs_y = -2},
    {.bitmap_index = 14217, .adv_w = 188, .box_w = 10, .box_h = 9, .ofs_x = 1, .ofs_y = 0},
    {.bitmap_index = 14262, .adv_w = 188, .box_w = 10, .box_h = 10, .ofs_x = 1, .ofs_y = 0},
    {.bitmap_index = 14312, .adv_w = 188, .box_w = 10, .box_h = 10, .ofs_x = 1, .ofs_y = -1},
    {.bitmap_index = 14362, .adv_w = 188, .box_w = 10, .box_h = 12, .ofs_x = 1, .ofs_y = -2},
    {.bitmap_index = 14422, .adv_w = 188, .box_w = 10, .box_h = 12, .ofs_x = 1, .ofs_y = -2},
    {.bitmap_index = 14482, .adv_w = 188, .box_w = 10, .box_h = 9, .ofs_x = 1, .ofs_y = -1},
    {.bitmap_index = 14527, .adv_w = 188, .box_w = 10, .box_h = 10, .ofs_x = 1, .ofs_y = -1},
    {.bitmap_index = 14577, .adv_w = 188, .box_w = 10, .box_h = 12, .ofs_x = 1, .ofs_y = -2},
    {.bitmap_index = 14637, .adv_w = 188, .box_w = 10, .box_h = 12, .ofs_x = 1, .ofs_y = -2},
    {.bitmap_index = 14697, .adv_w = 188, .box_w = 10, .box_h = 12, .ofs_x = 1, .ofs_y = -2},
    {.bitmap_index = 14757, .adv_w = 188, .box_w = 10, .box_h = 12, .ofs_x = 1, .ofs_y = -2},
    {.bitmap_index = 14817, .adv_w = 188, .box_w = 10, .box_h = 15, .ofs_x = 1, .ofs_y = -3},
    {.bitmap_index = 14892, .adv_w = 188, .box_w = 10, .box_h = 15, .ofs_x = 1, .ofs_y = -3},
    {.bitmap_index = 14967, .adv_w = 188, .box_w = 10, .box_h = 11, .ofs_x = 1, .ofs_y = -1},
    {.bitmap_index = 15022, .adv_w = 188, .box_w = 10, .box_h = 11, .ofs_x = 1, .ofs_y = -1},
    {.bitmap_index = 15077, .adv_w = 188, .box_w = 10, .box_h = 12, .ofs_x = 1, .ofs_y = -2},
    {.bitmap_index = 15137, .adv_w = 188, .box_w = 10, .box_h = 12, .ofs_x = 1, .ofs_y = -2},
    {.bitmap_index = 15197, .adv_w = 188, .box_w = 10, .box_h = 12, .ofs_x = 1, .ofs_y = -2},
    {.bitmap_index = 15257, .adv_w = 188, .box_w = 10, .box_h = 12, .ofs_x = 1, .ofs_y = -2},
    {.bitmap_index = 15317, .adv_w = 188, .box_w = 10, .box_h = 12, .ofs_x = 1, .ofs_y = -1},
    {.bitmap_index = 15377, .adv_w = 188, .box_w = 10, .box_h = 12, .ofs_x = 1, .ofs_y = -2},
    {.bitmap_index = 15437, .adv_w = 188, .box_w = 10, .box_h = 7, .ofs_x = 1, .ofs_y = 1},
    {.bitmap_index = 15472, .adv_w = 188, .box_w = 10, .box_h = 7, .ofs_x = 1, .ofs_y = 1},
    {.bitmap_index = 15507, .adv_w = 188, .box_w = 10, .box_h = 13, .ofs_x = 1, .ofs_y = -2},
    {.bitmap_index = 15572, .adv_w = 188, .box_w = 10, .box_h = 13, .ofs_x = 1, .ofs_y = -2},
    {.bitmap_index = 15637, .adv_w = 188, .box_w = 10, .box_h = 9, .ofs_x = 1, .ofs_y = 0},
    {.bitmap_index = 15682, .adv_w = 188, .box_w = 10, .box_h = 9, .ofs_x = 1, .ofs_y = 0},
    {.bitmap_index = 15727, .adv_w = 188, .box_w = 10, .box_h = 13, .ofs_x = 1, .ofs_y = -2},
    {.bitmap_index = 15792, .adv_w = 188, .box_w = 10, .box_h = 13, .ofs_x = 1, .ofs_y = -2},
    {.bitmap_index = 15857, .adv_w = 188, .box_w = 10, .box_h = 11, .ofs_x = 1, .ofs_y = -2},
    {.bitmap_index = 15912, .adv_w = 188, .box_w = 10, .box_h = 11, .ofs_x = 1, .ofs_y = -2},
    {.bitmap_index = 15967, .adv_w = 164, .box_w = 8, .box_h = 9, .ofs_x = 1, .ofs_y = 0},
    {.bitmap_index = 16003, .adv_w = 164, .box_w = 8, .box_h = 8, .ofs_x = 1, .ofs_y = 0},
    {.bitmap_index = 16035, .adv_w = 164, .box_w = 8, .box_h = 8, .ofs_x = 1, .ofs_y = 0},
    {.bitmap_index = 16067, .adv_w = 188, .box_w = 10, .box_h = 8, .ofs_x = 1, .ofs_y = 0},
    {.bitmap_index = 16107, .adv_w = 188, .box_w = 10, .box_h = 8, .ofs_x = 1, .ofs_y = 0},
    {.bitmap_index = 16147, .adv_w = 188, .box_w = 10, .box_h = 11, .ofs_x = 1, .ofs_y = -2},
    {.bitmap_index = 16202, .adv_w = 188, .box_w = 10, .box_h = 11, .ofs_x = 1, .ofs_y = -2},
    {.bitmap_index = 16257, .adv_w = 175, .box_w = 9, .box_h = 9, .ofs_x = 1, .ofs_y = 0},
    {.bitmap_index = 16298, .adv_w = 175, .box_w = 9, .box_h = 9, .ofs_x = 1, .ofs_y = 0},
    {.bitmap_index = 16339, .adv_w = 188, .box_w = 10, .box_h = 10, .ofs_x = 1, .ofs_y = -1},
    {.bitmap_index = 16389, .adv_w = 188, .box_w = 10, .box_h = 10, .ofs_x = 1, .ofs_y = -1},
    {.bitmap_index = 16439, .adv_w = 188, .box_w = 10, .box_h = 10, .ofs_x = 1, .ofs_y = -1},
    {.bitmap_index = 16489, .adv_w = 188, .box_w = 10, .box_h = 10, .ofs_x = 1, .ofs_y = -1},
    {.bitmap_index = 16539, .adv_w = 188, .box_w = 10, .box_h = 10, .ofs_x = 1, .ofs_y = -1},
    {.bitmap_index = 16589, .adv_w = 188, .box_w = 10, .box_h = 10, .ofs_x = 1, .ofs_y = -1},
    {.bitmap_index = 16639, .adv_w = 188, .box_w = 10, .box_h = 10, .ofs_x = 1, .ofs_y = -1},
    {.bitmap_index = 16689, .adv_w = 188, .box_w = 10, .box_h = 10, .ofs_x = 1, .ofs_y = -1},
    {.bitmap_index = 16739, .adv_w = 188, .box_w = 10, .box_h = 10, .ofs_x = 1, .ofs_y = -1},
    {.bitmap_index = 16789, .adv_w = 188, .box_w = 10, .box_h = 10, .ofs_x = 1, .ofs_y = -1},
    {.bitmap_index = 16839, .adv_w = 188, .box_w = 10, .box_h = 10, .ofs_x = 1, .ofs_y = -1},
    {.bitmap_index = 16889, .adv_w = 188, .box_w = 10, .box_h = 10, .ofs_x = 1, .ofs_y = -1},
    {.bitmap_index = 16939, .adv_w = 188, .box_w = 10, .box_h = 10, .ofs_x = 1, .ofs_y = -1},
    {.bitmap_index = 16989, .adv_w = 195, .box_w = 10, .box_h = 10, .ofs_x = 1, .ofs_y = 0},
    {.bitmap_index = 17039, .adv_w = 195, .box_w = 10, .box_h = 10, .ofs_x = 1, .ofs_y = 0},
    {.bitmap_index = 17089, .adv_w = 195, .box_w = 10, .box_h = 10, .ofs_x = 1, .ofs_y = 0},
    {.bitmap_index = 17139, .adv_w = 195, .box_w = 10, .box_h = 10, .ofs_x = 1, .ofs_y = 0},
    {.bitmap_index = 17189, .adv_w = 117, .box_w = 6, .box_h = 10, .ofs_x = 1, .ofs_y = 0},
    {.bitmap_index = 17219, .adv_w = 117, .box_w = 6, .box_h = 10, .ofs_x = 1, .ofs_y = 0},
    {.bitmap_index = 17249, .adv_w = 195, .box_w = 10, .box_h = 10, .ofs_x = 1, .ofs_y = 0},
    {.bitmap_index = 17299, .adv_w = 195, .box_w = 10, .box_h = 10, .ofs_x = 1, .ofs_y = 0},
    {.bitmap_index = 17349, .adv_w = 195, .box_w = 10, .box_h = 10, .ofs_x = 1, .ofs_y = 0},
    {.bitmap_index = 17399, .adv_w = 195, .box_w = 10, .box_h = 10, .ofs_x = 1, .ofs_y = 0},
    {.bitmap_index = 17449, .adv_w = 195, .box_w = 10, .box_h = 12, .ofs_x = 1, .ofs_y = -1},
    {.bitmap_index = 17509, .adv_w = 195, .box_w = 10, .box_h = 12, .ofs_x = 1, .ofs_y = -1},
    {.bitmap_index = 17569, .adv_w = 195, .box_w = 10, .box_h = 12, .ofs_x = 1, .ofs_y = -1},
    {.bitmap_index = 17629, .adv_w = 195, .box_w = 10, .box_h = 12, .ofs_x = 1, .ofs_y = -1},
    {.bitmap_index = 17689, .adv_w = 188, .box_w = 10, .box_h = 11, .ofs_x = 1, .ofs_y = -1},
    {.bitmap_index = 17744, .adv_w = 188, .box_w = 10, .box_h = 11, .ofs_x = 1, .ofs_y = -1},
    {.bitmap_index = 17799, .adv_w = 188, .box_w = 10, .box_h = 9, .ofs_x = 1, .ofs_y = 0},
    {.bitmap_index = 17844, .adv_w = 188, .box_w = 10, .box_h = 9, .ofs_x = 1, .ofs_y = 0},
    {.bitmap_index = 17889, .adv_w = 188, .box_w = 10, .box_h = 11, .ofs_x = 1, .ofs_y = -1},
    {.bitmap_index = 17944, .adv_w = 188, .box_w = 10, .box_h = 11, .ofs_x = 1, .ofs_y = -1},
    {.bitmap_index = 17999, .adv_w = 224, .box_w = 14, .box_h = 5, .ofs_x = 0, .ofs_y = 2},
    {.bitmap_index = 18034, .adv_w = 224, .box_w = 14, .box_h = 5, .ofs_x = 0, .ofs_y = 2},
    {.bitmap_index = 18069, .adv_w = 188, .box_w = 11, .box_h = 5, .ofs_x = 0, .ofs_y = 2},
    {.bitmap_index = 18097, .adv_w = 188, .box_w = 11, .box_h = 11, .ofs_x = 0, .ofs_y = -1},
    {.bitmap_index = 18158, .adv_w = 117, .box_w = 5, .box_h = 10, .ofs_x = 1, .ofs_y = 0},
    {.bitmap_index = 18183, .adv_w = 164, .box_w = 8, .box_h = 11, .ofs_x = 1, .ofs_y = 0},
    {.bitmap_index = 18227, .adv_w = 164, .box_w = 8, .box_h = 12, .ofs_x = 1, .ofs_y = -1},
    {.bitmap_index = 18275, .adv_w = 164, .box_w = 8, .box_h = 12, .ofs_x = 1, .ofs_y = -1},
    {.bitmap_index = 18323, .adv_w = 188, .box_w = 9, .box_h = 8, .ofs_x = 1, .ofs_y = 0},
    {.bitmap_index = 18359, .adv_w = 188, .box_w = 8, .box_h = 8, .ofs_x = 2, .ofs_y = 0},
    {.bitmap_index = 18391, .adv_w = 184, .box_w = 13, .box_h = 14, .ofs_x = -1, .ofs_y = -3},
    {.bitmap_index = 18482, .adv_w = 184, .box_w = 13, .box_h = 14, .ofs_x = -1, .ofs_y = -3},
    {.bitmap_index = 18573, .adv_w = 184, .box_w = 11, .box_h = 14, .ofs_x = 0, .ofs_y = -3},
    {.bitmap_index = 18650, .adv_w = 184, .box_w = 11, .box_h = 13, .ofs_x = 0, .ofs_y = -3},
    {.bitmap_index = 18722, .adv_w = 111, .box_w = 7, .box_h = 16, .ofs_x = 0, .ofs_y = -4},
    {.bitmap_index = 18778, .adv_w = 71, .box_w = 2, .box_h = 2, .ofs_x = 1, .ofs_y = 4},
    {.bitmap_index = 18780, .adv_w = 140, .box_w = 7, .box_h = 6, .ofs_x = 1, .ofs_y = 2},
    {.bitmap_index = 18801, .adv_w = 188, .box_w = 10, .box_h = 9, .ofs_x = 1, .ofs_y = 0},
    {.bitmap_index = 18846, .adv_w = 224, .box_w = 12, .box_h = 11, .ofs_x = 1, .ofs_y = -1},
    {.bitmap_index = 18912, .adv_w = 224, .box_w = 12, .box_h = 11, .ofs_x = 1, .ofs_y = -1},
    {.bitmap_index = 18978, .adv_w = 224, .box_w = 12, .box_h = 11, .ofs_x = 1, .ofs_y = -1},
    {.bitmap_index = 19044, .adv_w = 224, .box_w = 12, .box_h = 11, .ofs_x = 1, .ofs_y = -1},
    {.bitmap_index = 19110, .adv_w = 224, .box_w = 12, .box_h = 11, .ofs_x = 1, .ofs_y = -1},
    {.bitmap_index = 19176, .adv_w = 188, .box_w = 10, .box_h = 5, .ofs_x = 1, .ofs_y = 2},
    {.bitmap_index = 19201, .adv_w = 164, .box_w = 10, .box_h = 9, .ofs_x = 0, .ofs_y = 0},
    {.bitmap_index = 19246, .adv_w = 164, .box_w = 10, .box_h = 9, .ofs_x = 0, .ofs_y = 0},
    {.bitmap_index = 19291, .adv_w = 188, .box_w = 10, .box_h = 10, .ofs_x = 1, .ofs_y = -1},
    {.bitmap_index = 19341, .adv_w = 188, .box_w = 10, .box_h = 10, .ofs_x = 1, .ofs_y = -1},
    {.bitmap_index = 19391, .adv_w = 188, .box_w = 10, .box_h = 10, .ofs_x = 1, .ofs_y = 0},
    {.bitmap_index = 19441, .adv_w = 188, .box_w = 10, .box_h = 11, .ofs_x = 1, .ofs_y = -1},
    {.bitmap_index = 19496, .adv_w = 188, .box_w = 8, .box_h = 11, .ofs_x = 2, .ofs_y = 0},
    {.bitmap_index = 19540, .adv_w = 188, .box_w = 10, .box_h = 13, .ofs_x = 1, .ofs_y = -2},
    {.bitmap_index = 19605, .adv_w = 188, .box_w = 10, .box_h = 8, .ofs_x = 1, .ofs_y = 0},
    {.bitmap_index = 19645, .adv_w = 188, .box_w = 10, .box_h = 8, .ofs_x = 1, .ofs_y = 0},
    {.bitmap_index = 19685, .adv_w = 319, .box_w = 18, .box_h = 9, .ofs_x = 1, .ofs_y = 0},
    {.bitmap_index = 19766, .adv_w = 319, .box_w = 18, .box_h = 9, .ofs_x = 1, .ofs_y = 0},
    {.bitmap_index = 19847, .adv_w = 188, .box_w = 10, .box_h = 16, .ofs_x = 1, .ofs_y = -4},
    {.bitmap_index = 19927, .adv_w = 188, .box_w = 10, .box_h = 16, .ofs_x = 1, .ofs_y = -4},
    {.bitmap_index = 20007, .adv_w = 188, .box_w = 10, .box_h = 9, .ofs_x = 1, .ofs_y = 0},
    {.bitmap_index = 20052, .adv_w = 188, .box_w = 10, .box_h = 9, .ofs_x = 1, .ofs_y = 0},
    {.bitmap_index = 20097, .adv_w = 188, .box_w = 10, .box_h = 12, .ofs_x = 1, .ofs_y = -2},
    {.bitmap_index = 20157, .adv_w = 188, .box_w = 10, .box_h = 12, .ofs_x = 1, .ofs_y = -2},
    {.bitmap_index = 20217, .adv_w = 188, .box_w = 10, .box_h = 14, .ofs_x = 1, .ofs_y = -3},
    {.bitmap_index = 20287, .adv_w = 188, .box_w = 10, .box_h = 14, .ofs_x = 1, .ofs_y = -3},
    {.bitmap_index = 20357, .adv_w = 188, .box_w = 10, .box_h = 14, .ofs_x = 1, .ofs_y = -3},
    {.bitmap_index = 20427, .adv_w = 188, .box_w = 10, .box_h = 14, .ofs_x = 1, .ofs_y = -3},
    {.bitmap_index = 20497, .adv_w = 188, .box_w = 10, .box_h = 11, .ofs_x = 1, .ofs_y = -2},
    {.bitmap_index = 20552, .adv_w = 188, .box_w = 10, .box_h = 11, .ofs_x = 1, .ofs_y = -2},
    {.bitmap_index = 20607, .adv_w = 188, .box_w = 10, .box_h = 11, .ofs_x = 1, .ofs_y = -3},
    {.bitmap_index = 20662, .adv_w = 188, .box_w = 10, .box_h = 11, .ofs_x = 1, .ofs_y = -3},
    {.bitmap_index = 20717, .adv_w = 188, .box_w = 10, .box_h = 13, .ofs_x = 1, .ofs_y = -3},
    {.bitmap_index = 20782, .adv_w = 188, .box_w = 10, .box_h = 13, .ofs_x = 1, .ofs_y = -3},
    {.bitmap_index = 20847, .adv_w = 188, .box_w = 10, .box_h = 13, .ofs_x = 1, .ofs_y = -2},
    {.bitmap_index = 20912, .adv_w = 188, .box_w = 10, .box_h = 13, .ofs_x = 1, .ofs_y = -2},
    {.bitmap_index = 20977, .adv_w = 188, .box_w = 10, .box_h = 15, .ofs_x = 1, .ofs_y = -3},
    {.bitmap_index = 21052, .adv_w = 188, .box_w = 10, .box_h = 15, .ofs_x = 1, .ofs_y = -3},
    {.bitmap_index = 21127, .adv_w = 224, .box_w = 2, .box_h = 13, .ofs_x = 6, .ofs_y = -2},
    {.bitmap_index = 21140, .adv_w = 224, .box_w = 11, .box_h = 3, .ofs_x = 1, .ofs_y = 3},
    {.bitmap_index = 21157, .adv_w = 224, .box_w = 11, .box_h = 13, .ofs_x = 1, .ofs_y = -2},
    {.bitmap_index = 21229, .adv_w = 224, .box_w = 11, .box_h = 13, .ofs_x = 1, .ofs_y = -2},
    {.bitmap_index = 21301, .adv_w = 224, .box_w = 14, .box_h = 11, .ofs_x = 0, .ofs_y = -1},
    {.bitmap_index = 21378, .adv_w = 195, .box_w = 10, .box_h = 11, .ofs_x = 1, .ofs_y = -1},
    {.bitmap_index = 21433, .adv_w = 161, .box_w = 8, .box_h = 7, .ofs_x = 1, .ofs_y = 1},
    {.bitmap_index = 21461, .adv_w = 195, .box_w = 10, .box_h = 14, .ofs_x = 1, .ofs_y = -1},
    {.bitmap_index = 21531, .adv_w = 195, .box_w = 10, .box_h = 13, .ofs_x = 1, .ofs_y = -1},
    {.bitmap_index = 21596, .adv_w = 161, .box_w = 8, .box_h = 9, .ofs_x = 1, .ofs_y = 1},
    {.bitmap_index = 21632, .adv_w = 195, .box_w = 10, .box_h = 13, .ofs_x = 1, .ofs_y = -3},
    {.bitmap_index = 21697, .adv_w = 195, .box_w = 10, .box_h = 11, .ofs_x = 1, .ofs_y = -1},
    {.bitmap_index = 21752, .adv_w = 224, .box_w = 14, .box_h = 11, .ofs_x = 0, .ofs_y = -1},
    {.bitmap_index = 21829, .adv_w = 195, .box_w = 10, .box_h = 11, .ofs_x = 1, .ofs_y = -1},
    {.bitmap_index = 21884, .adv_w = 161, .box_w = 8, .box_h = 7, .ofs_x = 1, .ofs_y = 1},
    {.bitmap_index = 21912, .adv_w = 195, .box_w = 10, .box_h = 13, .ofs_x = 1, .ofs_y = -1},
    {.bitmap_index = 21977, .adv_w = 161, .box_w = 8, .box_h = 9, .ofs_x = 1, .ofs_y = 1},
    {.bitmap_index = 22013, .adv_w = 195, .box_w = 10, .box_h = 11, .ofs_x = 1, .ofs_y = 0},
    {.bitmap_index = 22068, .adv_w = 135, .box_w = 9, .box_h = 9, .ofs_x = 0, .ofs_y = -1},
    {.bitmap_index = 22109, .adv_w = 135, .box_w = 7, .box_h = 5, .ofs_x = 1, .ofs_y = 2},
    {.bitmap_index = 22127, .adv_w = 142, .box_w = 7, .box_h = 9, .ofs_x = 1, .ofs_y = 0},
    {.bitmap_index = 22159, .adv_w = 188, .box_w = 7, .box_h = 5, .ofs_x = 2, .ofs_y = 6},
    {.bitmap_index = 22177, .adv_w = 188, .box_w = 7, .box_h = 4, .ofs_x = 2, .ofs_y = 0},
    {.bitmap_index = 22191, .adv_w = 188, .box_w = 7, .box_h = 6, .ofs_x = 2, .ofs_y = 0},
    {.bitmap_index = 22212, .adv_w = 188, .box_w = 7, .box_h = 8, .ofs_x = 2, .ofs_y = 0},
    {.bitmap_index = 22240, .adv_w = 109, .box_w = 3, .box_h = 13, .ofs_x = 2, .ofs_y = -1},
    {.bitmap_index = 22260, .adv_w = 87, .box_w = 4, .box_h = 13, .ofs_x = 1, .ofs_y = -2},
    {.bitmap_index = 22286, .adv_w = 87, .box_w = 4, .box_h = 13, .ofs_x = 1, .ofs_y = -2}
};

/*---------------------
 *  CHARACTER MAPPING
 *--------------------*/

static const uint16_t unicode_list_1[] = {
    0x0, 0x1, 0x2, 0x3, 0x7, 0x9, 0xc, 0xd,
    0xe, 0x27, 0x47
};

static const uint8_t glyph_id_ofs_list_4[] = {
    0, 0, 0, 0, 1, 2, 3, 4,
    5, 6, 0, 0, 0, 0, 0, 0,
    7, 8, 9, 10, 11, 12, 13, 14,
    15, 16
};

/*Collect the unicode lists and glyph_id offsets*/
static const lv_font_fmt_txt_cmap_t cmaps[] =
{
    {
        .range_start = 32, .range_length = 95, .glyph_id_start = 1,
        .unicode_list = NULL, .glyph_id_ofs_list = NULL, .list_length = 0, .type = LV_FONT_FMT_TXT_CMAP_FORMAT0_TINY
    },
    {
        .range_start = 176, .range_length = 72, .glyph_id_start = 96,
        .unicode_list = unicode_list_1, .glyph_id_ofs_list = NULL, .list_length = 11, .type = LV_FONT_FMT_TXT_CMAP_SPARSE_TINY
    },
    {
        .range_start = 913, .range_length = 17, .glyph_id_start = 107,
        .unicode_list = NULL, .glyph_id_ofs_list = NULL, .list_length = 0, .type = LV_FONT_FMT_TXT_CMAP_FORMAT0_TINY
    },
    {
        .range_start = 931, .range_length = 39, .glyph_id_start = 124,
        .unicode_list = NULL, .glyph_id_ofs_list = NULL, .list_length = 0, .type = LV_FONT_FMT_TXT_CMAP_FORMAT0_TINY
    },
    {
        .range_start = 8304, .range_length = 26, .glyph_id_start = 163,
        .unicode_list = NULL, .glyph_id_ofs_list = glyph_id_ofs_list_4, .list_length = 26, .type = LV_FONT_FMT_TXT_CMAP_FORMAT0_FULL
    },
    {
        .range_start = 8592, .range_length = 69, .glyph_id_start = 180,
        .unicode_list = NULL, .glyph_id_ofs_list = NULL, .list_length = 0, .type = LV_FONT_FMT_TXT_CMAP_FORMAT0_TINY
    },
    {
        .range_start = 8704, .range_length = 8, .glyph_id_start = 249,
        .unicode_list = NULL, .glyph_id_ofs_list = NULL, .list_length = 0, .type = LV_FONT_FMT_TXT_CMAP_FORMAT0_TINY
    },
    {
        .range_start = 8712, .range_length = 256, .glyph_id_start = 257,
        .unicode_list = NULL, .glyph_id_ofs_list = NULL, .list_length = 0, .type = LV_FONT_FMT_TXT_CMAP_FORMAT0_TINY
    },
    {
        .range_start = 10216, .range_length = 2, .glyph_id_start = 513,
        .unicode_list = NULL, .glyph_id_ofs_list = NULL, .list_length = 0, .type = LV_FONT_FMT_TXT_CMAP_FORMAT0_TINY
    }
};



/*--------------------
 *  ALL CUSTOM DATA
 *--------------------*/

#if LVGL_VERSION_MAJOR == 8
/*Store all the custom data of the font*/
static  lv_font_fmt_txt_glyph_cache_t cache;
#endif

#if LVGL_VERSION_MAJOR >= 8
static const lv_font_fmt_txt_dsc_t font_dsc = {
#else
static lv_font_fmt_txt_dsc_t font_dsc = {
#endif
    .glyph_bitmap = glyph_bitmap,
    .glyph_dsc = glyph_dsc,
    .cmaps = cmaps,
    .kern_dsc = NULL,
    .kern_scale = 0,
    .cmap_num = 9,
    .bpp = 4,
    .kern_classes = 0,
    .bitmap_format = 0,
#if LVGL_VERSION_MAJOR == 8
    .cache = &cache
#endif
};



/*-----------------
 *  PUBLIC FONT
 *----------------*/

/*Initialize a public general font descriptor*/
#if LVGL_VERSION_MAJOR >= 8
const lv_font_t lv_font_math_14 = {
#else
lv_font_t lv_font_math_14 = {
#endif
    .get_glyph_dsc = lv_font_get_glyph_dsc_fmt_txt,    /*Function pointer to get glyph's data*/
    .get_glyph_bitmap = lv_font_get_bitmap_fmt_txt,    /*Function pointer to get glyph's bitmap*/
    .line_height = 18,          /*The maximum line height required by the font*/
    .base_line = 4,             /*Baseline measured from the bottom of the line*/
#if !(LVGL_VERSION_MAJOR == 6 && LVGL_VERSION_MINOR == 0)
    .subpx = LV_FONT_SUBPX_NONE,
#endif
#if LV_VERSION_CHECK(7, 4, 0) || LVGL_VERSION_MAJOR >= 8
    .underline_position = -1,
    .underline_thickness = 1,
#endif
    .dsc = &font_dsc,          /*The custom font data. Will be accessed by `get_glyph_bitmap/dsc` */
#if LV_VERSION_CHECK(8, 2, 0) || LVGL_VERSION_MAJOR >= 9
    .fallback = NULL,
#endif
    .user_data = NULL,
};



#endif /*#if LV_FONT_MATH_14*/

