/*******************************************************************************
 * Generated by lv_font_conv.
 * Regenerate with:
 *   lv_font_conv --no-compress --no-prefilter --bpp 4 --size 18 \
 *     --font DejaVuSans.ttf \
 *     -r 0x20-0x7F,0x00B0-0x00B1,0x00B2-0x00B3,0x00B7,0x00B9,0x00BC-0x00BE,0x00D7,0x00F7,0x0391-0x03C9,0x2070,0x2074-0x2079,0x2080-0x2089,0x2190-0x21D4,0x2200-0x22FF,0x2300-0x2307,0x27E8-0x27E9 \
 *     --format lvgl --lv-font-name lv_font_math_18 \
 *     -o lv_font_math_18.c --force-fast-kern-format
 ******************************************************************************/

#ifdef LV_LVGL_H_INCLUDE_SIMPLE
#include "lvgl.h"
#else
#include "lvgl.h"
#endif

#ifndef LV_FONT_MATH_18
#define LV_FONT_MATH_18 1
#endif

#if LV_FONT_MATH_18

/*-----------------
 *    BITMAPS
 *----------------*/

/*Store the image of the glyphs*/
static LV_ATTRIBUTE_LARGE_CONST const uint8_t glyph_bitmap[] = {
    /* U+0020 " " */

    /* U+0021 "!" */
    0x4f, 0x84, 0xf8, 0x4f, 0x84, 0xf8, 0x4f, 0x84,
    0xf7, 0x3f, 0x72, 0xf6, 0x1d, 0x40, 0x0, 0x3,
    0x14, 0xf8, 0x4f, 0x80,

    /* U+0022 "\"" */
    0x4f, 0x30, 0xf8, 0x4f, 0x30, 0xf8, 0x4f, 0x30,
    0xf8, 0x4f, 0x30, 0xf8, 0x3d, 0x20, 0xc7,

    /* U+0023 "#" */
    0x0, 0x0, 0xa, 0xc0, 0xa, 0xb0, 0x0, 0x0,
    0x0, 0xe8, 0x0, 0xe8, 0x0, 0x0, 0x0, 0x1f,
    0x40, 0x2f, 0x40, 0x0, 0x1, 0x16, 0xf2, 0x16,
    0xf2, 0x10, 0x9, 0xff, 0xff, 0xff, 0xff, 0xff,
    0xb0, 0x24, 0x4e, 0xa4, 0x4e, 0xa4, 0x42, 0x0,
    0x1, 0xf4, 0x2, 0xf4, 0x0, 0x0, 0x11, 0x6f,
    0x11, 0x6f, 0x11, 0x0, 0x9f, 0xff, 0xff, 0xff,
    0xff, 0xfb, 0x2, 0x44, 0xf9, 0x44, 0xf9, 0x44,
    0x20, 0x0, 0x2f, 0x40, 0x2f, 0x30, 0x0, 0x0,
    0x6, 0xf0, 0x6, 0xf0, 0x0, 0x0, 0x0, 0xac,
    0x0, 0xac, 0x0, 0x0, 0x0,

    /* U+0024 "$" */
    0x0, 0x0, 0xc1, 0x0, 0x0, 0x0, 0xc, 0x10,
    0x0, 0x0, 0x0, 0xc1, 0x0, 0x0, 0x3b, 0xef,
    0xfe, 0xb1, 0x1f, 0xd5, 0xd4, 0x6b, 0x26, 0xf3,
    0xc, 0x10, 0x0, 0x6f, 0x40, 0xc1, 0x0, 0x1,
    0xef, 0x9e, 0x40, 0x0, 0x1, 0x9d, 0xff, 0xe8,
    0x0, 0x0, 0xc, 0x5a, 0xf8, 0x0, 0x0, 0xc1,
    0xc, 0xd1, 0x0, 0xc, 0x10, 0xdd, 0x8c, 0x74,
    0xd6, 0xbf, 0x72, 0x8d, 0xef, 0xfc, 0x60, 0x0,
    0x0, 0xd1, 0x0, 0x0, 0x0, 0xc, 0x10, 0x0,
    0x0, 0x0, 0x60, 0x0, 0x0,

    /* U+0025 "%" */
    0x9, 0xee, 0xa1, 0x0, 0x0, 0x5f, 0x10, 0x0,
    0x9e, 0x33, 0xea, 0x0, 0x1, 0xe6, 0x0, 0x0,
    0xe7, 0x0, 0x6f, 0x0, 0xa, 0xc0, 0x0, 0x0,
    0xe7, 0x0, 0x6f, 0x0, 0x4f, 0x20, 0x0, 0x0,
    0xad, 0x11, 0xcb, 0x0, 0xd8, 0x0, 0x0, 0x0,
    0x1b, 0xff, 0xc2, 0x8, 0xd0, 0x0, 0x0, 0x0,
    0x0, 0x1, 0x0, 0x2f, 0x40, 0x7d, 0xd8, 0x0,
    0x0, 0x0, 0x0, 0xca, 0x6, 0xf5, 0x4e, 0x80,
    0x0, 0x0, 0x6, 0xe1, 0xc, 0x90, 0x7, 0xf0,
    0x0, 0x0, 0x1f, 0x50, 0xe, 0x70, 0x5, 0xf1,
    0x0, 0x0, 0xab, 0x0, 0xd, 0x90, 0x7, 0xf0,
    0x0, 0x4, 0xf2, 0x0, 0x7, 0xf4, 0x3e, 0x90,
    0x0, 0xe, 0x70, 0x0, 0x0, 0x8e, 0xe9, 0x0,

    /* U+0026 "&" */
    0x0, 0x2a, 0xef, 0xd9, 0x0, 0x0, 0x0, 0xd,
    0xf8, 0x69, 0xe2, 0x0, 0x0, 0x4, 0xf7, 0x0,
    0x0, 0x0, 0x0, 0x0, 0x4f, 0x70, 0x0, 0x0,
    0x0, 0x0, 0x0, 0xde, 0x20, 0x0, 0x0, 0x0,
    0x0, 0x2d, 0xfe, 0x20, 0x0, 0x0, 0x0, 0x1e,
    0xb1, 0xde, 0x20, 0x0, 0xdc, 0x8, 0xf1, 0x1,
    0xde, 0x30, 0xf, 0x80, 0xcd, 0x0, 0x1, 0xde,
    0x37, 0xf2, 0xc, 0xf0, 0x0, 0x1, 0xdf, 0xe9,
    0x0, 0x8f, 0x90, 0x0, 0x4, 0xff, 0x40, 0x0,
    0xcf, 0xc7, 0x7a, 0xfd, 0xee, 0x20, 0x0, 0x7d,
    0xff, 0xc6, 0x3, 0xfe, 0x20,

    /* U+0027 "'" */
    0x4f, 0x34, 0xf3, 0x4f, 0x34, 0xf3, 0x3d, 0x20,

    /* U+0028 "(" */
    0x0, 0x2f, 0x50, 0xa, 0xc0, 0x2, 0xf5, 0x0,
    0x9f, 0x0, 0xe, 0xb0, 0x2, 0xf8, 0x0, 0x5f,
    0x50, 0x6, 0xf4, 0x0, 0x6f, 0x40, 0x5, 0xf5,
    0x0, 0x2f, 0x80, 0x0, 0xeb, 0x0, 0x9, 0xf0,
    0x0, 0x2f, 0x50, 0x0, 0xac, 0x0, 0x2, 0xf5,

    /* U+0029 ")" */
    0x4f, 0x20, 0x0, 0xcb, 0x0, 0x5, 0xf2, 0x0,
    0xf, 0x90, 0x0, 0xbe, 0x0, 0x7, 0xf2, 0x0,
    0x5f, 0x50, 0x4, 0xf6, 0x0, 0x4f, 0x60, 0x5,
    0xf5, 0x0, 0x7f, 0x20, 0xb, 0xe0, 0x0, 0xf9,
    0x0, 0x5f, 0x20, 0xc, 0xb0, 0x4, 0xf2, 0x0,

    /* U+002A "*" */
    0x0, 0x0, 0xf0, 0x0, 0x0, 0x30, 0xf, 0x0,
    0x30, 0x3d, 0x91, 0xf1, 0x9d, 0x30, 0x7, 0xdf,
    0xd7, 0x0, 0x0, 0x4c, 0xfc, 0x40, 0x2, 0xcc,
    0x2f, 0x2c, 0xc2, 0x15, 0x0, 0xf0, 0x5, 0x10,
    0x0, 0xf, 0x0, 0x0, 0x0, 0x0, 0x20, 0x0,
    0x0,

    /* U+002B "+" */
    0x0, 0x0, 0x0, 0x30, 0x0, 0x0, 0x0, 0x0,
    0x0, 0x3f, 0x40, 0x0, 0x0, 0x0, 0x0, 0x3,
    0xf4, 0x0, 0x0, 0x0, 0x0, 0x0, 0x3f, 0x40,
    0x0, 0x0, 0x0, 0x0, 0x3, 0xf4, 0x0, 0x0,
    0x0, 0x22, 0x22, 0x5f, 0x62, 0x22, 0x20, 0x1f,
    0xff, 0xff, 0xff, 0xff, 0xff, 0x20, 0x55, 0x55,
    0x7f, 0x85, 0x55, 0x50, 0x0, 0x0, 0x3, 0xf4,
    0x0, 0x0, 0x0, 0x0, 0x0, 0x3f, 0x40, 0x0,
    0x0, 0x0, 0x0, 0x3, 0xf4, 0x0, 0x0, 0x0,
    0x0, 0x0, 0x3f, 0x40, 0x0, 0x0,

    /* U+002C "," */
    0x4, 0x40, 0xef, 0xf, 0xc3, 0xf4, 0x7c, 0x0,

    /* U+002D "-" */
    0x2, 0x22, 0x21, 0x2f, 0xff, 0xf9, 0x5, 0x55,
    0x53,

    /* U+002E "." */
    0x3, 0x21, 0xfc, 0x1f, 0xc0,

    /* U+002F "/" */
    0x0, 0x0, 0x9e, 0x0, 0x0, 0xe, 0x90, 0x0,
    0x3, 0xf4, 0x0, 0x0, 0x8f, 0x0, 0x0, 0xd,
    0xa0, 0x0, 0x2, 0xf5, 0x0, 0x0, 0x7f, 0x0,
    0x0, 0xc, 0xb0, 0x0, 0x1, 0xf6, 0x0, 0x0,
    0x6f, 0x10, 0x0, 0xb, 0xc0, 0x0, 0x1, 0xf7,
    0x0, 0x0, 0x5f, 0x20, 0x0, 0xa, 0xd0, 0x0,
    0x0, 0x74, 0x0, 0x0, 0x0,

    /* U+0030 "0" */
    0x0, 0x6d, 0xfe, 0x91, 0x0, 0x7, 0xfc, 0x68,
    0xfd, 0x0, 0x1f, 0xc0, 0x0, 0x5f, 0x80, 0x7f,
    0x50, 0x0, 0xe, 0xe0, 0xaf, 0x10, 0x0, 0xa,
    0xf1, 0xcf, 0x0, 0x0, 0x8, 0xf3, 0xcf, 0x0,
    0x0, 0x8, 0xf3, 0xcf, 0x0, 0x0, 0x8, 0xf3,
    0xaf, 0x10, 0x0, 0xa, 0xf1, 0x7f, 0x50, 0x0,
    0xe, 0xe0, 0x1f, 0xc0, 0x0, 0x5f, 0x80, 0x7,
    0xfc, 0x68, 0xfd, 0x10, 0x0, 0x6d, 0xfe, 0x91,
    0x0,

    /* U+0031 "1" */
    0x7, 0xae, 0xfe, 0x0, 0x0, 0xfe, 0xbf, 0xe0,
    0x0, 0x2, 0x0, 0xde, 0x0, 0x0, 0x0, 0xd,
    0xe0, 0x0, 0x0, 0x0, 0xde, 0x0, 0x0, 0x0,
    0xd, 0xe0, 0x0, 0x0, 0x0, 0xde, 0x0, 0x0,
    0x0, 0xd, 0xe0, 0x0, 0x0, 0x0, 0xde, 0x0,
    0x0, 0x0, 0xd, 0xe0, 0x0, 0x0, 0x0, 0xde,
    0x0, 0x0, 0x57, 0x7e, 0xf7, 0x76, 0xc, 0xff,
    0xff, 0xff, 0xc0,

    /* U+0032 "2" */
    0x27, 0xce, 0xfc, 0x70, 0x9, 0xfc, 0x88, 0xcf,
    0xc0, 0x41, 0x0, 0x0, 0xaf, 0x60, 0x0, 0x0,
    0x4, 0xf8, 0x0, 0x0, 0x0, 0x5f, 0x70, 0x0,
    0x0, 0xd, 0xf1, 0x0, 0x0, 0xa, 0xf6, 0x0,
    0x0, 0x9, 0xf7, 0x0, 0x0, 0x9, 0xf7, 0x0,
    0x0, 0xa, 0xf7, 0x0, 0x0, 0xa, 0xf7, 0x0,
    0x0, 0x8, 0xfd, 0x77, 0x77, 0x75, 0xbf, 0xff,
    0xff, 0xff, 0xa0,

    /* U+0033 "3" */
    0x19, 0xde, 0xfd, 0x92, 0x0, 0x3d, 0xa8, 0x8a,
    0xff, 0x20, 0x0, 0x0, 0x0, 0x5f, 0x90, 0x0,
    0x0, 0x0, 0x2f, 0xa0, 0x0, 0x2, 0x24, 0xcf,
    0x50, 0x0, 0x5f, 0xff, 0xe7, 0x0, 0x0, 0x15,
    0x58, 0xd7, 0x0, 0x0, 0x0, 0x0, 0x3f, 0x80,
    0x0, 0x0, 0x0, 0xd, 0xe0, 0x0, 0x0, 0x0,
    0xd, 0xf0, 0x20, 0x0, 0x0, 0x5f, 0xc0, 0xae,
    0xa8, 0x8c, 0xff, 0x30, 0x4a, 0xdf, 0xfd, 0x92,
    0x0,

    /* U+0034 "4" */
    0x0, 0x0, 0x1, 0xef, 0x90, 0x0, 0x0, 0x0,
    0x9f, 0xf9, 0x0, 0x0, 0x0, 0x3f, 0x7f, 0x90,
    0x0, 0x0, 0xd, 0xa3, 0xf9, 0x0, 0x0, 0x8,
    0xe1, 0x3f, 0x90, 0x0, 0x2, 0xf6, 0x3, 0xf9,
    0x0, 0x0, 0xcc, 0x0, 0x3f, 0x90, 0x0, 0x6f,
    0x20, 0x3, 0xf9, 0x0, 0xf, 0xa2, 0x22, 0x5f,
    0x92, 0x2, 0xff, 0xff, 0xff, 0xff, 0xf7, 0x5,
    0x55, 0x55, 0x7f, 0xb5, 0x20, 0x0, 0x0, 0x3,
    0xf9, 0x0, 0x0, 0x0, 0x0, 0x3f, 0x90, 0x0,

    /* U+0035 "5" */
    0x1f, 0xff, 0xff, 0xfe, 0x1, 0xfc, 0x77, 0x77,
    0x70, 0x1f, 0x90, 0x0, 0x0, 0x1, 0xf9, 0x11,
    0x0, 0x0, 0x1f, 0xff, 0xff, 0xa1, 0x0, 0xc8,
    0x57, 0xbf, 0xd1, 0x0, 0x0, 0x0, 0x9f, 0x80,
    0x0, 0x0, 0x0, 0xfc, 0x0, 0x0, 0x0, 0xe,
    0xd0, 0x0, 0x0, 0x1, 0xfc, 0x20, 0x0, 0x0,
    0xaf, 0x79, 0xea, 0x89, 0xdf, 0xc0, 0x4b, 0xef,
    0xfc, 0x70, 0x0,

    /* U+0036 "6" */
    0x0, 0x18, 0xdf, 0xeb, 0x40, 0x1, 0xdf, 0xb8,
    0x8b, 0x60, 0xc, 0xe3, 0x0, 0x0, 0x0, 0x3f,
    0x70, 0x0, 0x0, 0x0, 0x8f, 0x4b, 0xff, 0xd6,
    0x0, 0xaf, 0xec, 0x56, 0xdf, 0x70, 0xbf, 0xd0,
    0x0, 0xe, 0xf0, 0xbf, 0x70, 0x0, 0x9, 0xf3,
    0x9f, 0x60, 0x0, 0x8, 0xf4, 0x5f, 0x70, 0x0,
    0x9, 0xf3, 0x1f, 0xe0, 0x0, 0x1f, 0xe0, 0x6,
    0xfd, 0x78, 0xef, 0x50, 0x0, 0x4c, 0xff, 0xb4,
    0x0,

    /* U+0037 "7" */
    0x8f, 0xff, 0xff, 0xff, 0xe3, 0x77, 0x77, 0x7a,
    0xfa, 0x0, 0x0, 0x0, 0x9f, 0x30, 0x0, 0x0,
    0xf, 0xd0, 0x0, 0x0, 0x6, 0xf7, 0x0, 0x0,
    0x0, 0xcf, 0x10, 0x0, 0x0, 0x2f, 0xa0, 0x0,
    0x0, 0x9, 0xf4, 0x0, 0x0, 0x0, 0xee, 0x0,
    0x0, 0x0, 0x5f, 0x80, 0x0, 0x0, 0xb, 0xf2,
    0x0, 0x0, 0x2, 0xfb, 0x0, 0x0, 0x0, 0x8f,
    0x50, 0x0, 0x0,

    /* U+0038 "8" */
    0x1, 0x8d, 0xfe, 0xb5, 0x0, 0xd, 0xf9, 0x67,
    0xdf, 0x70, 0x5f, 0x70, 0x0, 0x1f, 0xd0, 0x6f,
    0x60, 0x0, 0xe, 0xd0, 0x2f, 0xe5, 0x23, 0xaf,
    0x50, 0x5, 0xef, 0xff, 0xe3, 0x0, 0x4, 0xb8,
    0x56, 0xdf, 0x40, 0x3f, 0x60, 0x0, 0xe, 0xe0,
    0xaf, 0x10, 0x0, 0x9, 0xf2, 0xcf, 0x10, 0x0,
    0xa, 0xf2, 0x9f, 0x70, 0x0, 0x1e, 0xf0, 0x2f,
    0xfa, 0x68, 0xef, 0x60, 0x1, 0x9d, 0xff, 0xc5,
    0x0,

    /* U+0039 "9" */
    0x1, 0x9e, 0xfe, 0x80, 0x0, 0x1e, 0xf9, 0x69,
    0xfc, 0x0, 0x8f, 0x60, 0x0, 0x6f, 0x60, 0xcf,
    0x0, 0x0, 0xf, 0xc0, 0xdf, 0x0, 0x0, 0xf,
    0xf0, 0xaf, 0x30, 0x0, 0x3f, 0xf2, 0x3f, 0xd5,
    0x24, 0xdf, 0xf2, 0x5, 0xef, 0xff, 0xaa, 0xf1,
    0x0, 0x3, 0x41, 0xd, 0xf0, 0x0, 0x0, 0x0,
    0x2f, 0xa0, 0x0, 0x0, 0x0, 0xcf, 0x30, 0xe,
    0xa8, 0x9e, 0xf6, 0x0, 0x9, 0xdf, 0xeb, 0x40,
    0x0,

    /* U+003A ":" */
    0x33, 0xef, 0xef, 0x0, 0x0, 0x0, 0x0, 0x33,
    0xef, 0xef,

    /* U+003B ";" */
    0x3, 0x30, 0xef, 0xe, 0xf0, 0x0, 0x0, 0x0,
    0x0, 0x0, 0x0, 0x44, 0xe, 0xf0, 0xfc, 0x3f,
    0x47, 0xc0,

    /* U+003C "<" */
    0x0, 0x0, 0x0, 0x0, 0x0, 0x2, 0x0, 0x0,
    0x0, 0x0, 0x1, 0x6c, 0xf2, 0x0, 0x0, 0x0,
    0x5b, 0xff, 0xc7, 0x0, 0x0, 0x49, 0xff, 0xd8,
    0x20, 0x0, 0x8, 0xef, 0xe9, 0x30, 0x0, 0x0,
    0x1, 0xff, 0xb1, 0x0, 0x0, 0x0, 0x0, 0x5,
    0xbf, 0xfc, 0x61, 0x0, 0x0, 0x0, 0x0, 0x16,
    0xcf, 0xfb, 0x50, 0x0, 0x0, 0x0, 0x0, 0x28,
    0xdf, 0xfa, 0x10, 0x0, 0x0, 0x0, 0x0, 0x39,
    0xe2, 0x0, 0x0, 0x0, 0x0, 0x0, 0x0, 0x0,

    /* U+003D "=" */
    0x2, 0x22, 0x22, 0x22, 0x22, 0x22, 0x1, 0xff,
    0xff, 0xff, 0xff, 0xff, 0xf2, 0x5, 0x55, 0x55,
    0x55, 0x55, 0x55, 0x0, 0x0, 0x0, 0x0, 0x0,
    0x0, 0x0, 0x2, 0x22, 0x22, 0x22, 0x22, 0x22,
    0x1, 0xff, 0xff, 0xff, 0xff, 0xff, 0xf2, 0x5,
    0x55, 0x55, 0x55, 0x55, 0x55, 0x0,

    /* U+003E ">" */
    0x2, 0x0, 0x0, 0x0, 0x0, 0x0, 0x1, 0xfc,
    0x71, 0x0, 0x0, 0x0, 0x0, 0x6, 0xcf, 0xfb,
    0x50, 0x0, 0x0, 0x0, 0x0, 0x27, 0xdf, 0xfa,
    0x40, 0x0, 0x0, 0x0, 0x0, 0x28, 0xef, 0xe9,
    0x0, 0x0, 0x0, 0x0, 0x1, 0xaf, 0xf2, 0x0,
    0x0, 0x0, 0x6b, 0xff, 0xb5, 0x0, 0x0, 0x5a,
    0xff, 0xd7, 0x10, 0x0, 0x9, 0xff, 0xe8, 0x20,
    0x0, 0x0, 0x1, 0xf9, 0x40, 0x0, 0x0, 0x0,
    0x0, 0x0, 0x0, 0x0, 0x0, 0x0, 0x0, 0x0,

    /* U+003F "?" */
    0x29, 0xdf, 0xe9, 0x10, 0xbe, 0x87, 0xaf, 0xc0,
    0x40, 0x0, 0xa, 0xf3, 0x0, 0x0, 0x9, 0xf3,
    0x0, 0x0, 0x3f, 0xc0, 0x0, 0x3, 0xfd, 0x10,
    0x0, 0x1f, 0xd1, 0x0, 0x0, 0x6f, 0x40, 0x0,
    0x0, 0x8f, 0x20, 0x0, 0x0, 0x48, 0x10, 0x0,
    0x0, 0x13, 0x0, 0x0, 0x0, 0x9f, 0x30, 0x0,
    0x0, 0x9f, 0x30, 0x0,

    /* U+0040 "@" */
    0x0, 0x0, 0x0, 0x0, 0x0, 0x0, 0x0, 0x0,
    0x0, 0x0, 0x28, 0xdf, 0xfe, 0xb5, 0x0, 0x0,
    0x0, 0x9, 0xfb, 0x74, 0x35, 0x9e, 0xd2, 0x0,
    0x0, 0xbe, 0x40, 0x0, 0x0, 0x1, 0xae, 0x30,
    0x9, 0xe1, 0x0, 0x0, 0x0, 0x0, 0x9, 0xd0,
    0x2f, 0x40, 0x4, 0xdf, 0xe8, 0x8c, 0x0, 0xe5,
    0x7d, 0x0, 0x1f, 0xc4, 0x4b, 0xfc, 0x0, 0xaa,
    0xb8, 0x0, 0x8e, 0x0, 0x0, 0xec, 0x0, 0x8b,
    0xc7, 0x0, 0xab, 0x0, 0x0, 0xac, 0x0, 0xaa,
    0xb8, 0x0, 0x8d, 0x0, 0x0, 0xdc, 0x1, 0xf5,
    0x8b, 0x0, 0x3f, 0x91, 0x18, 0xfc, 0x4d, 0xb0,
    0x3f, 0x20, 0x6, 0xff, 0xfb, 0x9f, 0xe8, 0x0,
    0xb, 0xc0, 0x0, 0x2, 0x10, 0x12, 0x0, 0x0,
    0x1, 0xeb, 0x10, 0x0, 0x0, 0x1, 0x40, 0x0,
    0x0, 0x2c, 0xe8, 0x31, 0x13, 0x8e, 0xd0, 0x0,
    0x0, 0x0, 0x6c, 0xff, 0xff, 0xd6, 0x0, 0x0,
    0x0, 0x0, 0x0, 0x2, 0x21, 0x0, 0x0, 0x0,

    /* U+0041 "A" */
    0x0, 0x0, 0x1f, 0xf5, 0x0, 0x0, 0x0, 0x0,
    0x6, 0xfd, 0xb0, 0x0, 0x0, 0x0, 0x0, 0xcb,
    0x6f, 0x20, 0x0, 0x0, 0x0, 0x3f, 0x51, 0xf8,
    0x0, 0x0, 0x0, 0x9, 0xf0, 0xb, 0xe0, 0x0,
    0x0, 0x0, 0xea, 0x0, 0x5f, 0x40, 0x0, 0x0,
    0x5f, 0x40, 0x0, 0xea, 0x0, 0x0, 0xb, 0xe2,
    0x22, 0x2a, 0xf1, 0x0, 0x2, 0xff, 0xff, 0xff,
    0xff, 0x60, 0x0, 0x8f, 0x65, 0x55, 0x55, 0xdd,
    0x0, 0xe, 0xd0, 0x0, 0x0, 0x7, 0xf3, 0x4,
    0xf7, 0x0, 0x0, 0x0, 0x2f, 0x90, 0xaf, 0x20,
    0x0, 0x0, 0x0, 0xdf, 0x0,

    /* U+0042 "B" */
    0x3f, 0xff, 0xff, 0xda, 0x20, 0x3, 0xfb, 0x77,
    0x7a, 0xff, 0x20, 0x3f, 0x80, 0x0, 0x7, 0xf7,
    0x3, 0xf8, 0x0, 0x0, 0x5f, 0x70, 0x3f, 0x91,
    0x12, 0x4d, 0xe1, 0x3, 0xff, 0xff, 0xff, 0xd2,
    0x0, 0x3f, 0xa4, 0x45, 0x7e, 0xe2, 0x3, 0xf8,
    0x0, 0x0, 0x2f, 0xb0, 0x3f, 0x80, 0x0, 0x0,
    0xdf, 0x3, 0xf8, 0x0, 0x0, 0xe, 0xf0, 0x3f,
    0x80, 0x0, 0x3, 0xfd, 0x3, 0xfc, 0x77, 0x79,
    0xff, 0x40, 0x3f, 0xff, 0xff, 0xeb, 0x30, 0x0,

    /* U+0043 "C" */
    0x0, 0x6, 0xce, 0xfe, 0xb5, 0x0, 0x2d, 0xfc,
    0x87, 0x8c, 0xf8, 0xd, 0xf6, 0x0, 0x0, 0x3,
    0x76, 0xf9, 0x0, 0x0, 0x0, 0x0, 0xbf, 0x20,
    0x0, 0x0, 0x0, 0xe, 0xf0, 0x0, 0x0, 0x0,
    0x0, 0xfe, 0x0, 0x0, 0x0, 0x0, 0xe, 0xf0,
    0x0, 0x0, 0x0, 0x0, 0xbf, 0x20, 0x0, 0x0,
    0x0, 0x6, 0xf9, 0x0, 0x0, 0x0, 0x0, 0xd,
    0xf6, 0x0, 0x0, 0x4, 0x70, 0x2d, 0xfc, 0x87,
    0x8c, 0xf8, 0x0, 0x6, 0xce, 0xfe, 0xb5, 0x0,

    /* U+0044 "D" */
    0x3f, 0xff, 0xfe, 0xda, 0x40, 0x0, 0x3f, 0xb7,
    0x77, 0xae, 0xfc, 0x10, 0x3f, 0x80, 0x0, 0x0,
    0x9f, 0xc0, 0x3f, 0x80, 0x0, 0x0, 0xb, 0xf4,
    0x3f, 0x80, 0x0, 0x0, 0x5, 0xf9, 0x3f, 0x80,
    0x0, 0x0, 0x2, 0xfb, 0x3f, 0x80, 0x0, 0x0,
    0x1, 0xfc, 0x3f, 0x80, 0x0, 0x0, 0x2, 0xfb,
    0x3f, 0x80, 0x0, 0x0, 0x5, 0xf9, 0x3f, 0x80,
    0x0, 0x0, 0xc, 0xf4, 0x3f, 0x80, 0x0, 0x0,
    0x9f, 0xc0, 0x3f, 0xc7, 0x77, 0xae, 0xfc, 0x10,
    0x3f, 0xff, 0xff, 0xda, 0x40, 0x0,

    /* U+0045 "E" */
    0x3f, 0xff, 0xff, 0xff, 0xf1, 0x3f, 0xc7, 0x77,
    0x77, 0x70, 0x3f, 0x80, 0x0, 0x0, 0x0, 0x3f,
    0x80, 0x0, 0x0, 0x0, 0x3f, 0x92, 0x22, 0x22,
    0x10, 0x3f, 0xff, 0xff, 0xff, 0xc0, 0x3f, 0xb5,
    0x55, 0x55, 0x40, 0x3f, 0x80, 0x0, 0x0, 0x0,
    0x3f, 0x80, 0x0, 0x0, 0x0, 0x3f, 0x80, 0x0,
    0x0, 0x0, 0x3f, 0x80, 0x0, 0x0, 0x0, 0x3f,
    0xc7, 0x77, 0x77, 0x71, 0x3f, 0xff, 0xff, 0xff,
    0xf3,

    /* U+0046 "F" */
    0x3f, 0xff, 0xff, 0xff, 0x53, 0xfc, 0x77, 0x77,
    0x72, 0x3f, 0x80, 0x0, 0x0, 0x3, 0xf8, 0x0,
    0x0, 0x0, 0x3f, 0x92, 0x22, 0x21, 0x3, 0xff,
    0xff, 0xff, 0xc0, 0x3f, 0xb5, 0x55, 0x53, 0x3,
    0xf8, 0x0, 0x0, 0x0, 0x3f, 0x80, 0x0, 0x0,
    0x3, 0xf8, 0x0, 0x0, 0x0, 0x3f, 0x80, 0x0,
    0x0, 0x3, 0xf8, 0x0, 0x0, 0x0, 0x3f, 0x80,
    0x0, 0x0, 0x0,

    /* U+0047 "G" */
    0x0, 0x6, 0xbe, 0xfe, 0xc8, 0x10, 0x2, 0xdf,
    0xd8, 0x78, 0xaf, 0xf1, 0xd, 0xf6, 0x0, 0x0,
    0x0, 0x81, 0x6f, 0x90, 0x0, 0x0, 0x0, 0x0,
    0xbf, 0x20, 0x0, 0x0, 0x0, 0x0, 0xef, 0x0,
    0x0, 0x2, 0x22, 0x20, 0xfe, 0x0, 0x0, 0x3f,
    0xff, 0xf7, 0xef, 0x0, 0x0, 0x5, 0x58, 0xf7,
    0xbf, 0x20, 0x0, 0x0, 0x4, 0xf7, 0x6f, 0x80,
    0x0, 0x0, 0x4, 0xf7, 0xd, 0xf6, 0x0, 0x0,
    0x4, 0xf7, 0x2, 0xdf, 0xd8, 0x78, 0xaf, 0xf5,
    0x0, 0x6, 0xbe, 0xff, 0xc8, 0x20,

    /* U+0048 "H" */
    0x3f, 0x80, 0x0, 0x0, 0xf, 0xc3, 0xf8, 0x0,
    0x0, 0x0, 0xfc, 0x3f, 0x80, 0x0, 0x0, 0xf,
    0xc3, 0xf8, 0x0, 0x0, 0x0, 0xfc, 0x3f, 0x92,
    0x22, 0x22, 0x2f, 0xc3, 0xff, 0xff, 0xff, 0xff,
    0xfc, 0x3f, 0xb5, 0x55, 0x55, 0x5f, 0xc3, 0xf8,
    0x0, 0x0, 0x0, 0xfc, 0x3f, 0x80, 0x0, 0x0,
    0xf, 0xc3, 0xf8, 0x0, 0x0, 0x0, 0xfc, 0x3f,
    0x80, 0x0, 0x0, 0xf, 0xc3, 0xf8, 0x0, 0x0,
    0x0, 0xfc, 0x3f, 0x80, 0x0, 0x0, 0xf, 0xc0,

    /* U+0049 "I" */
    0x3f, 0x83, 0xf8, 0x3f, 0x83, 0xf8, 0x3f, 0x83,
    0xf8, 0x3f, 0x83, 0xf8, 0x3f, 0x83, 0xf8, 0x3f,
    0x83, 0xf8, 0x3f, 0x80,

    /* U+004A "J" */
    0x0, 0x3f, 0x80, 0x3, 0xf8, 0x0, 0x3f, 0x80,
    0x3, 0xf8, 0x0, 0x3f, 0x80, 0x3, 0xf8, 0x0,
    0x3f, 0x80, 0x3, 0xf8, 0x0, 0x3f, 0x80, 0x3,
    0xf8, 0x0, 0x3f, 0x80, 0x3, 0xf8, 0x0, 0x3f,
    0x80, 0x4, 0xf7, 0x0, 0x9f, 0x47, 0xaf, 0xd0,
    0xee, 0xa2, 0x0,

    /* U+004B "K" */
    0x3f, 0x80, 0x0, 0x3, 0xef, 0x30, 0x3f, 0x80,
    0x0, 0x3f, 0xe3, 0x0, 0x3f, 0x80, 0x4, 0xfe,
    0x20, 0x0, 0x3f, 0x80, 0x5f, 0xd1, 0x0, 0x0,
    0x3f, 0x86, 0xfc, 0x10, 0x0, 0x0, 0x3f, 0xdf,
    0xc0, 0x0, 0x0, 0x0, 0x3f, 0xff, 0xa0, 0x0,
    0x0, 0x0, 0x3f, 0x9a, 0xfa, 0x0, 0x0, 0x0,
    0x3f, 0x80, 0xaf, 0xa0, 0x0, 0x0, 0x3f, 0x80,
    0xa, 0xfa, 0x0, 0x0, 0x3f, 0x80, 0x0, 0xaf,
    0xa0, 0x0, 0x3f, 0x80, 0x0, 0xa, 0xfa, 0x0,
    0x3f, 0x80, 0x0, 0x0, 0xaf, 0xa0,

    /* U+004C "L" */
    0x3f, 0x80, 0x0, 0x0, 0x3, 0xf8, 0x0, 0x0,
    0x0, 0x3f, 0x80, 0x0, 0x0, 0x3, 0xf8, 0x0,
    0x0, 0x0, 0x3f, 0x80, 0x0, 0x0, 0x3, 0xf8,
    0x0, 0x0, 0x0, 0x3f, 0x80, 0x0, 0x0, 0x3,
    0xf8, 0x0, 0x0, 0x0, 0x3f, 0x80, 0x0, 0x0,
    0x3, 0xf8, 0x0, 0x0, 0x0, 0x3f, 0x80, 0x0,
    0x0, 0x3, 0xfc, 0x77, 0x77, 0x77, 0x3f, 0xff,
    0xff, 0xff, 0xf0,

    /* U+004D "M" */
    0x3f, 0xf9, 0x0, 0x0, 0x1, 0xff, 0xc3, 0xff,
    0xf0, 0x0, 0x0, 0x7f, 0xfc, 0x3f, 0xaf, 0x50,
    0x0, 0xd, 0xbf, 0xc3, 0xf7, 0xcb, 0x0, 0x3,
    0xf5, 0xfc, 0x3f, 0x76, 0xf1, 0x0, 0x9e, 0xf,
    0xc3, 0xf7, 0xf, 0x70, 0xe, 0x80, 0xfc, 0x3f,
    0x70, 0xad, 0x5, 0xf2, 0xf, 0xc3, 0xf7, 0x4,
    0xf4, 0xbc, 0x0, 0xfc, 0x3f, 0x70, 0xe, 0xbf,
    0x60, 0xf, 0xc3, 0xf7, 0x0, 0x8f, 0xf1, 0x0,
    0xfc, 0x3f, 0x70, 0x1, 0x86, 0x0, 0xf, 0xc3,
    0xf7, 0x0, 0x0, 0x0, 0x0, 0xfc, 0x3f, 0x70,
    0x0, 0x0, 0x0, 0xf, 0xc0,

    /* U+004E "N" */
    0x3f, 0xf6, 0x0, 0x0, 0xf, 0xb3, 0xff, 0xe0,
    0x0, 0x0, 0xfb, 0x3f, 0xcf, 0x70, 0x0, 0xf,
    0xb3, 0xf7, 0xcf, 0x10, 0x0, 0xfb, 0x3f, 0x73,
    0xf8, 0x0, 0xf, 0xb3, 0xf7, 0xb, 0xf1, 0x0,
    0xfb, 0x3f, 0x70, 0x2f, 0xa0, 0xf, 0xb3, 0xf7,
    0x0, 0xaf, 0x20, 0xfb, 0x3f, 0x70, 0x2, 0xfb,
    0xf, 0xb3, 0xf7, 0x0, 0x9, 0xf4, 0xfb, 0x3f,
    0x70, 0x0, 0x1f, 0xcf, 0xb3, 0xf7, 0x0, 0x0,
    0x7f, 0xfb, 0x3f, 0x70, 0x0, 0x0, 0xef, 0xb0,

    /* U+004F "O" */
    0x0, 0x7, 0xcf, 0xfd, 0x81, 0x0, 0x0, 0x2d,
    0xfb, 0x77, 0xaf, 0xe3, 0x0, 0xd, 0xf5, 0x0,
    0x0, 0x3f, 0xe1, 0x6, 0xf9, 0x0, 0x0, 0x0,
    0x6f, 0x90, 0xbf, 0x20, 0x0, 0x0, 0x0, 0xfe,
    0xe, 0xf0, 0x0, 0x0, 0x0, 0xc, 0xf1, 0xfe,
    0x0, 0x0, 0x0, 0x0, 0xbf, 0x2e, 0xf0, 0x0,
    0x0, 0x0, 0xc, 0xf1, 0xbf, 0x20, 0x0, 0x0,
    0x0, 0xfe, 0x6, 0xf9, 0x0, 0x0, 0x0, 0x6f,
    0x90, 0xd, 0xf5, 0x0, 0x0, 0x3f, 0xe1, 0x0,
    0x2d, 0xfb, 0x77, 0xaf, 0xe3, 0x0, 0x0, 0x7,
    0xcf, 0xfd, 0x81, 0x0, 0x0,

    /* U+0050 "P" */
    0x3f, 0xff, 0xff, 0xc6, 0x0, 0x3f, 0xb7, 0x78,
    0xef, 0x90, 0x3f, 0x80, 0x0, 0x1e, 0xf1, 0x3f,
    0x80, 0x0, 0xa, 0xf3, 0x3f, 0x80, 0x0, 0xd,
    0xf2, 0x3f, 0x92, 0x23, 0xaf, 0xc0, 0x3f, 0xff,
    0xff, 0xfc, 0x10, 0x3f, 0xb5, 0x44, 0x10, 0x0,
    0x3f, 0x80, 0x0, 0x0, 0x0, 0x3f, 0x80, 0x0,
    0x0, 0x0, 0x3f, 0x80, 0x0, 0x0, 0x0, 0x3f,
    0x80, 0x0, 0x0, 0x0, 0x3f, 0x80, 0x0, 0x0,
    0x0,

    /* U+0051 "Q" */
    0x0, 0x7, 0xcf, 0xfd, 0x81, 0x0, 0x0, 0x2d,
    0xfb, 0x77, 0xaf, 0xe3, 0x0, 0xd, 0xf5, 0x0,
    0x0, 0x3f, 0xe1, 0x6, 0xf9, 0x0, 0x0, 0x0,
    0x6f, 0x90, 0xbf, 0x20, 0x0, 0x0, 0x0, 0xfe,
    0xe, 0xf0, 0x0, 0x0, 0x0, 0xc, 0xf1, 0xfe,
    0x0, 0x0, 0x0, 0x0, 0xbf, 0x2e, 0xf0, 0x0,
    0x0, 0x0, 0xc, 0xf0, 0xbf, 0x20, 0x0, 0x0,
    0x0, 0xfe, 0x6, 0xf8, 0x0, 0x0, 0x0, 0x6f,
    0x80, 0xd, 0xf5, 0x0, 0x0, 0x3e, 0xe1, 0x0,
    0x2d, 0xfb, 0x77, 0xaf, 0xe3, 0x0, 0x0, 0x7,
    0xcf, 0xff, 0xd1, 0x0, 0x0, 0x0, 0x0, 0x0,
    0xaf, 0x70, 0x0, 0x0, 0x0, 0x0, 0x0, 0xbf,
    0x70, 0x0,

    /* U+0052 "R" */
    0x3f, 0xff, 0xff, 0xc7, 0x0, 0x3, 0xfb, 0x77,
    0x8d, 0xf9, 0x0, 0x3f, 0x80, 0x0, 0xe, 0xf1,
    0x3, 0xf8, 0x0, 0x0, 0xaf, 0x30, 0x3f, 0x80,
    0x0, 0xc, 0xf2, 0x3, 0xf9, 0x22, 0x39, 0xfc,
    0x0, 0x3f, 0xff, 0xff, 0xfa, 0x10, 0x3, 0xfb,
    0x55, 0x7e, 0xc0, 0x0, 0x3f, 0x80, 0x0, 0x3f,
    0xa0, 0x3, 0xf8, 0x0, 0x0, 0xaf, 0x30, 0x3f,
    0x80, 0x0, 0x2, 0xfb, 0x3, 0xf8, 0x0, 0x0,
    0xa, 0xf3, 0x3f, 0x80, 0x0, 0x0, 0x2f, 0xb0,

    /* U+0053 "S" */
    0x1, 0x9d, 0xfe, 0xd9, 0x40, 0x2f, 0xfa, 0x77,
    0xae, 0xa0, 0xaf, 0x50, 0x0, 0x0, 0x20, 0xcf,
    0x0, 0x0, 0x0, 0x0, 0xaf, 0x50, 0x0, 0x0,
    0x0, 0x2f, 0xfd, 0x96, 0x20, 0x0, 0x2, 0x9d,
    0xff, 0xfc, 0x20, 0x0, 0x0, 0x14, 0xaf, 0xd0,
    0x0, 0x0, 0x0, 0xa, 0xf4, 0x0, 0x0, 0x0,
    0x7, 0xf6, 0x40, 0x0, 0x0, 0xc, 0xf3, 0xcf,
    0xa7, 0x78, 0xdf, 0xa0, 0x38, 0xce, 0xfe, 0xc6,
    0x0,

    /* U+0054 "T" */
    0xf, 0xff, 0xff, 0xff, 0xff, 0xff, 0x0, 0x77,
    0x77, 0xaf, 0xa7, 0x77, 0x70, 0x0, 0x0, 0x6,
    0xf6, 0x0, 0x0, 0x0, 0x0, 0x0, 0x6f, 0x60,
    0x0, 0x0, 0x0, 0x0, 0x6, 0xf6, 0x0, 0x0,
    0x0, 0x0, 0x0, 0x6f, 0x60, 0x0, 0x0, 0x0,
    0x0, 0x6, 0xf6, 0x0, 0x0, 0x0, 0x0, 0x0,
    0x6f, 0x60, 0x0, 0x0, 0x0, 0x0, 0x6, 0xf6,
    0x0, 0x0, 0x0, 0x0, 0x0, 0x6f, 0x60, 0x0,
    0x0, 0x0, 0x0, 0x6, 0xf6, 0x0, 0x0, 0x0,
    0x0, 0x0, 0x6f, 0x60, 0x0, 0x0, 0x0, 0x0,
    0x6, 0xf6, 0x0, 0x0, 0x0,

    /* U+0055 "U" */
    0x7f, 0x50, 0x0, 0x0, 0x2f, 0x97, 0xf5, 0x0,
    0x0, 0x2, 0xf9, 0x7f, 0x50, 0x0, 0x0, 0x2f,
    0x97, 0xf5, 0x0, 0x0, 0x2, 0xf9, 0x7f, 0x50,
    0x0, 0x0, 0x2f, 0x97, 0xf5, 0x0, 0x0, 0x2,
    0xf9, 0x7f, 0x50, 0x0, 0x0, 0x2f, 0x97, 0xf5,
    0x0, 0x0, 0x2, 0xf9, 0x6f, 0x60, 0x0, 0x0,
    0x3f, 0x94, 0xf8, 0x0, 0x0, 0x6, 0xf7, 0xe,
    0xe1, 0x0, 0x0, 0xcf, 0x20, 0x5f, 0xf9, 0x78,
    0xef, 0x80, 0x0, 0x3a, 0xef, 0xeb, 0x50, 0x0,

    /* U+0056 "V" */
    0xaf, 0x30, 0x0, 0x0, 0x0, 0xdf, 0x4, 0xf9,
    0x0, 0x0, 0x0, 0x4f, 0x90, 0xe, 0xe0, 0x0,
    0x0, 0xa, 0xf3, 0x0, 0x8f, 0x50, 0x0, 0x0,
    0xfd, 0x0, 0x2, 0xfb, 0x0, 0x0, 0x6f, 0x60,
    0x0, 0xb, 0xf1, 0x0, 0xc, 0xf1, 0x0, 0x0,
    0x5f, 0x70, 0x2, 0xfa, 0x0, 0x0, 0x0, 0xed,
    0x0, 0x8f, 0x40, 0x0, 0x0, 0x9, 0xf3, 0xe,
    0xe0, 0x0, 0x0, 0x0, 0x3f, 0x94, 0xf8, 0x0,
    0x0, 0x0, 0x0, 0xcf, 0xbf, 0x20, 0x0, 0x0,
    0x0, 0x6, 0xff, 0xb0, 0x0, 0x0, 0x0, 0x0,
    0x1f, 0xf5, 0x0, 0x0, 0x0,

    /* U+0057 "W" */
    0x4f, 0x80, 0x0, 0x3, 0xff, 0x0, 0x0, 0xb,
    0xf1, 0xf, 0xc0, 0x0, 0x7, 0xff, 0x40, 0x0,
    0xf, 0xd0, 0xc, 0xf0, 0x0, 0xb, 0xbe, 0x80,
    0x0, 0x3f, 0x90, 0x8, 0xf4, 0x0, 0xf, 0x7a,
    0xc0, 0x0, 0x7f, 0x50, 0x4, 0xf8, 0x0, 0x3f,
    0x36, 0xf0, 0x0, 0xbf, 0x10, 0x0, 0xfc, 0x0,
    0x7f, 0x2, 0xf4, 0x0, 0xfc, 0x0, 0x0, 0xcf,
    0x0, 0xbb, 0x0, 0xe8, 0x3, 0xf8, 0x0, 0x0,
    0x8f, 0x40, 0xf7, 0x0, 0xac, 0x7, 0xf4, 0x0,
    0x0, 0x4f, 0x83, 0xf3, 0x0, 0x6f, 0xb, 0xf0,
    0x0, 0x0, 0xf, 0xc7, 0xf0, 0x0, 0x2f, 0x4f,
    0xc0, 0x0, 0x0, 0xb, 0xfc, 0xb0, 0x0, 0xe,
    0xcf, 0x80, 0x0, 0x0, 0x7, 0xff, 0x70, 0x0,
    0xa, 0xff, 0x40, 0x0, 0x0, 0x3, 0xff, 0x30,
    0x0, 0x7, 0xff, 0x0, 0x0,

    /* U+0058 "X" */
    0x8, 0xf6, 0x0, 0x0, 0xc, 0xf2, 0x0, 0xdf,
    0x10, 0x0, 0x7f, 0x70, 0x0, 0x3f, 0xb0, 0x2,
    0xfc, 0x0, 0x0, 0x8, 0xf6, 0xc, 0xf2, 0x0,
    0x0, 0x0, 0xcf, 0x9f, 0x70, 0x0, 0x0, 0x0,
    0x2f, 0xfc, 0x0, 0x0, 0x0, 0x0, 0x2f, 0xf7,
    0x0, 0x0, 0x0, 0x0, 0xbf, 0xdf, 0x20, 0x0,
    0x0, 0x6, 0xf7, 0x2f, 0xc0, 0x0, 0x0, 0x2f,
    0xc0, 0x7, 0xf6, 0x0, 0x0, 0xcf, 0x20, 0x0,
    0xcf, 0x20, 0x7, 0xf7, 0x0, 0x0, 0x2f, 0xc0,
    0x2f, 0xc0, 0x0, 0x0, 0x7, 0xf6,

    /* U+0059 "Y" */
    0xb, 0xf3, 0x0, 0x0, 0x3, 0xfb, 0x0, 0x1e,
    0xd0, 0x0, 0x0, 0xde, 0x10, 0x0, 0x5f, 0x90,
    0x0, 0x9f, 0x50, 0x0, 0x0, 0xaf, 0x40, 0x3f,
    0xa0, 0x0, 0x0, 0x1, 0xee, 0x1d, 0xe1, 0x0,
    0x0, 0x0, 0x4, 0xfe, 0xf4, 0x0, 0x0, 0x0,
    0x0, 0x9, 0xf9, 0x0, 0x0, 0x0, 0x0, 0x0,
    0x6f, 0x60, 0x0, 0x0, 0x0, 0x0, 0x6, 0xf6,
    0x0, 0x0, 0x0, 0x0, 0x0, 0x6f, 0x60, 0x0,
    0x0, 0x0, 0x0, 0x6, 0xf6, 0x0, 0x0, 0x0,
    0x0, 0x0, 0x6f, 0x60, 0x0, 0x0, 0x0, 0x0,
    0x6, 0xf6, 0x0, 0x0, 0x0,

    /* U+005A "Z" */
    0xf, 0xff, 0xff, 0xff, 0xff, 0xf5, 0x7, 0x77,
    0x77, 0x77, 0x8f, 0xf2, 0x0, 0x0, 0x0, 0x0,
    0xbf, 0x60, 0x0, 0x0, 0x0, 0x8, 0xf9, 0x0,
    0x0, 0x0, 0x0, 0x5f, 0xb0, 0x0, 0x0, 0x0,
    0x3, 0xfd, 0x10, 0x0, 0x0, 0x0, 0x1e, 0xf2,
    0x0, 0x0, 0x0, 0x0, 0xcf, 0x40, 0x0, 0x0,
    0x0, 0x9, 0xf7, 0x0, 0x0, 0x0, 0x0, 0x6f,
    0xa0, 0x0, 0x0, 0x0, 0x4, 0xfd, 0x0, 0x0,
    0x0, 0x0, 0x1e, 0xf9, 0x77, 0x77, 0x77, 0x73,
    0x3f, 0xff, 0xff, 0xff, 0xff, 0xf8,

    /* U+005B "[" */
    0x7f, 0xff, 0x47, 0xf5, 0x31, 0x7f, 0x20, 0x7,
    0xf2, 0x0, 0x7f, 0x20, 0x7, 0xf2, 0x0, 0x7f,
    0x20, 0x7, 0xf2, 0x0, 0x7f, 0x20, 0x7, 0xf2,
    0x0, 0x7f, 0x20, 0x7, 0xf2, 0x0, 0x7f, 0x20,
    0x7, 0xf2, 0x0, 0x7f, 0x30, 0x7, 0xff, 0xf4,
    0x13, 0x33, 0x0,

    /* U+005C "\\" */
    0xda, 0x0, 0x0, 0x8, 0xf0, 0x0, 0x0, 0x3f,
    0x40, 0x0, 0x0, 0xe9, 0x0, 0x0, 0x9, 0xe0,
    0x0, 0x0, 0x4f, 0x30, 0x0, 0x0, 0xe8, 0x0,
    0x0, 0xa, 0xd0, 0x0, 0x0, 0x5f, 0x20, 0x0,
    0x0, 0xf7, 0x0, 0x0, 0xa, 0xc0, 0x0, 0x0,
    0x5f, 0x10, 0x0, 0x1, 0xf6, 0x0, 0x0, 0xb,
    0xb0, 0x0, 0x0, 0x47, 0x0,

    /* U+005D "]" */
    0x4f, 0xff, 0x70, 0x35, 0xf7, 0x0, 0x2f, 0x70,
    0x2, 0xf7, 0x0, 0x2f, 0x70, 0x2, 0xf7, 0x0,
    0x2f, 0x70, 0x2, 0xf7, 0x0, 0x2f, 0x70, 0x2,
    0xf7, 0x0, 0x2f, 0x70, 0x2, 0xf7, 0x0, 0x2f,
    0x70, 0x2, 0xf7, 0x0, 0x2f, 0x74, 0xff, 0xf7,
    0x3, 0x33, 0x10,

    /* U+005E "^" */
    0x0, 0x0, 0xc, 0xfd, 0x10, 0x0, 0x0, 0x0,
    0xb, 0xfa, 0xfc, 0x0, 0x0, 0x0, 0xa, 0xf6,
    0x5, 0xfc, 0x0, 0x0, 0xa, 0xf5, 0x0, 0x4,
    0xfb, 0x0, 0x9, 0xf4, 0x0, 0x0, 0x3, 0xea,
    0x0,

    /* U+005F "_" */
    0x0, 0x0, 0x0, 0x0, 0x0, 0x2, 0xff, 0xff,
    0xff, 0xff, 0xf2, 0x3, 0x33, 0x33, 0x33, 0x33,
    0x0,

    /* U+0060 "`" */
    0x28, 0x30, 0x0, 0xad, 0x0, 0x0, 0xda, 0x0,
    0x2, 0xe5,

    /* U+0061 "a" */
    0x18, 0xce, 0xfd, 0x70, 0x3, 0xe9, 0x66, 0xbf,
    0x90, 0x0, 0x0, 0x0, 0x9f, 0x10, 0x0, 0x0,
    0x4, 0xf5, 0x6, 0xcf, 0xff, 0xff, 0x67, 0xfa,
    0x53, 0x36, 0xf6, 0xdd, 0x0, 0x0, 0x6f, 0x6d,
    0xd0, 0x0, 0xd, 0xf6, 0x8f, 0xb6, 0x7d, 0xcf,
    0x60, 0x8e, 0xfd, 0x73, 0xf6,

    /* U+0062 "b" */
    0x5f, 0x40, 0x0, 0x0, 0x0, 0x5f, 0x40, 0x0,
    0x0, 0x0, 0x5f, 0x40, 0x0, 0x0, 0x0, 0x5f,
    0x40, 0x0, 0x0, 0x0, 0x5f, 0x48, 0xef, 0xd5,
    0x0, 0x5f, 0xdd, 0x77, 0xdf, 0x50, 0x5f, 0xe1,
    0x0, 0xd, 0xe0, 0x5f, 0x70, 0x0, 0x7, 0xf4,
    0x5f, 0x50, 0x0, 0x4, 0xf6, 0x5f, 0x50, 0x0,
    0x4, 0xf6, 0x5f, 0x70, 0x0, 0x7, 0xf4, 0x5f,
    0xe0, 0x0, 0xd, 0xe0, 0x5f, 0xdd, 0x77, 0xdf,
    0x50, 0x5f, 0x48, 0xef, 0xd5, 0x0,

    /* U+0063 "c" */
    0x0, 0x7d, 0xff, 0xc6, 0xc, 0xfb, 0x76, 0x9b,
    0x7f, 0x80, 0x0, 0x0, 0xde, 0x0, 0x0, 0x0,
    0xfc, 0x0, 0x0, 0x0, 0xfc, 0x0, 0x0, 0x0,
    0xde, 0x0, 0x0, 0x0, 0x7f, 0x80, 0x0, 0x0,
    0xc, 0xfb, 0x76, 0x9b, 0x0, 0x7d, 0xfe, 0xc6,

    /* U+0064 "d" */
    0x0, 0x0, 0x0, 0xd, 0xc0, 0x0, 0x0, 0x0,
    0xdc, 0x0, 0x0, 0x0, 0xd, 0xc0, 0x0, 0x0,
    0x0, 0xdc, 0x1, 0xaf, 0xfb, 0x2d, 0xc1, 0xdf,
    0x96, 0xae, 0xec, 0x8f, 0x50, 0x0, 0x8f, 0xcd,
    0xd0, 0x0, 0x0, 0xfc, 0xfb, 0x0, 0x0, 0xe,
    0xcf, 0xb0, 0x0, 0x0, 0xec, 0xdd, 0x0, 0x0,
    0xf, 0xc8, 0xf5, 0x0, 0x8, 0xfc, 0x1e, 0xf8,
    0x6a, 0xee, 0xc0, 0x1a, 0xff, 0xb2, 0xdc,

    /* U+0065 "e" */
    0x0, 0x7d, 0xff, 0xb3, 0x0, 0xb, 0xfa, 0x67,
    0xdf, 0x30, 0x7f, 0x50, 0x0, 0x1e, 0xb0, 0xcd,
    0x0, 0x0, 0x9, 0xf0, 0xff, 0xff, 0xff, 0xff,
    0xf1, 0xfd, 0x33, 0x33, 0x33, 0x30, 0xdf, 0x0,
    0x0, 0x0, 0x0, 0x7f, 0x80, 0x0, 0x0, 0x10,
    0xb, 0xfc, 0x76, 0x8c, 0xb0, 0x0, 0x6c, 0xff,
    0xda, 0x40,

    /* U+0066 "f" */
    0x0, 0x1a, 0xef, 0xb0, 0xa, 0xf7, 0x53, 0x0,
    0xfa, 0x0, 0x0, 0xf, 0x90, 0x0, 0x9f, 0xff,
    0xff, 0x42, 0x4f, 0xb4, 0x41, 0x0, 0xf9, 0x0,
    0x0, 0xf, 0x90, 0x0, 0x0, 0xf9, 0x0, 0x0,
    0xf, 0x90, 0x0, 0x0, 0xf9, 0x0, 0x0, 0xf,
    0x90, 0x0, 0x0, 0xf9, 0x0, 0x0, 0xf, 0x90,
    0x0,

    /* U+0067 "g" */
    0x2, 0xaf, 0xfb, 0x2d, 0xc1, 0xef, 0x86, 0xae,
    0xec, 0x8f, 0x50, 0x0, 0x8f, 0xcd, 0xd0, 0x0,
    0x0, 0xfc, 0xfb, 0x0, 0x0, 0xe, 0xcf, 0xb0,
    0x0, 0x0, 0xec, 0xdd, 0x0, 0x0, 0xf, 0xc8,
    0xf5, 0x0, 0x7, 0xfc, 0x1e, 0xf8, 0x69, 0xee,
    0xc0, 0x2a, 0xff, 0xb2, 0xec, 0x0, 0x0, 0x0,
    0xf, 0xa0, 0x0, 0x0, 0x7, 0xf5, 0xc, 0x96,
    0x6a, 0xfc, 0x0, 0x7d, 0xff, 0xd8, 0x0,

    /* U+0068 "h" */
    0x5f, 0x40, 0x0, 0x0, 0x5, 0xf4, 0x0, 0x0,
    0x0, 0x5f, 0x40, 0x0, 0x0, 0x5, 0xf4, 0x0,
    0x0, 0x0, 0x5f, 0x47, 0xdf, 0xd5, 0x5, 0xfc,
    0xd7, 0x7d, 0xf3, 0x5f, 0xd0, 0x0, 0x1f, 0xa5,
    0xf6, 0x0, 0x0, 0xcc, 0x5f, 0x40, 0x0, 0xb,
    0xd5, 0xf4, 0x0, 0x0, 0xbe, 0x5f, 0x40, 0x0,
    0xb, 0xe5, 0xf4, 0x0, 0x0, 0xbe, 0x5f, 0x40,
    0x0, 0xb, 0xe5, 0xf4, 0x0, 0x0, 0xbe,

    /* U+0069 "i" */
    0x4f, 0x54, 0xf5, 0x0, 0x0, 0x0, 0x4f, 0x54,
    0xf5, 0x4f, 0x54, 0xf5, 0x4f, 0x54, 0xf5, 0x4f,
    0x54, 0xf5, 0x4f, 0x54, 0xf5,

    /* U+006A "j" */
    0x0, 0x4f, 0x50, 0x4, 0xf5, 0x0, 0x0, 0x0,
    0x0, 0x0, 0x0, 0x4f, 0x50, 0x4, 0xf5, 0x0,
    0x4f, 0x50, 0x4, 0xf5, 0x0, 0x4f, 0x50, 0x4,
    0xf5, 0x0, 0x4f, 0x50, 0x4, 0xf5, 0x0, 0x4f,
    0x50, 0x4, 0xf5, 0x0, 0x5f, 0x40, 0x6, 0xf3,
    0x16, 0xde, 0x5, 0xfc, 0x30,

    /* U+006B "k" */
    0x5f, 0x40, 0x0, 0x0, 0x0, 0x5f, 0x40, 0x0,
    0x0, 0x0, 0x5f, 0x40, 0x0, 0x0, 0x0, 0x5f,
    0x40, 0x0, 0x0, 0x0, 0x5f, 0x40, 0x0, 0x7f,
    0x90, 0x5f, 0x40, 0x9, 0xf7, 0x0, 0x5f, 0x40,
    0xaf, 0x60, 0x0, 0x5f, 0x5c, 0xf4, 0x0, 0x0,
    0x5f, 0xff, 0x30, 0x0, 0x0, 0x5f, 0x9f, 0xb0,
    0x0, 0x0, 0x5f, 0x45, 0xfc, 0x0, 0x0, 0x5f,
    0x40, 0x5f, 0xc0, 0x0, 0x5f, 0x40, 0x4, 0xfc,
    0x0, 0x5f, 0x40, 0x0, 0x4f, 0xc1,

    /* U+006C "l" */
    0x4f, 0x54, 0xf5, 0x4f, 0x54, 0xf5, 0x4f, 0x54,
    0xf5, 0x4f, 0x54, 0xf5, 0x4f, 0x54, 0xf5, 0x4f,
    0x54, 0xf5, 0x4f, 0x54, 0xf5,

    /* U+006D "m" */
    0x5f, 0x47, 0xdf, 0xc3, 0x3, 0xcf, 0xe7, 0x5,
    0xfc, 0xd7, 0x8e, 0xf5, 0xe8, 0x7c, 0xf5, 0x5f,
    0xd0, 0x0, 0x5f, 0xf3, 0x0, 0xe, 0xc5, 0xf6,
    0x0, 0x1, 0xfc, 0x0, 0x0, 0xbe, 0x5f, 0x40,
    0x0, 0xf, 0xa0, 0x0, 0xa, 0xf5, 0xf4, 0x0,
    0x0, 0xfa, 0x0, 0x0, 0xaf, 0x5f, 0x40, 0x0,
    0xf, 0xa0, 0x0, 0xa, 0xf5, 0xf4, 0x0, 0x0,
    0xfa, 0x0, 0x0, 0xaf, 0x5f, 0x40, 0x0, 0xf,
    0xa0, 0x0, 0xa, 0xf5, 0xf4, 0x0, 0x0, 0xfa,
    0x0, 0x0, 0xaf,

    /* U+006E "n" */
    0x5f, 0x48, 0xef, 0xd5, 0x5, 0xfd, 0xa4, 0x3b,
    0xf3, 0x5f, 0xb0, 0x0, 0xf, 0xa5, 0xf6, 0x0,
    0x0, 0xcc, 0x5f, 0x40, 0x0, 0xb, 0xd5, 0xf4,
    0x0, 0x0, 0xbe, 0x5f, 0x40, 0x0, 0xb, 0xe5,
    0xf4, 0x0, 0x0, 0xbe, 0x5f, 0x40, 0x0, 0xb,
    0xe5, 0xf4, 0x0, 0x0, 0xbe,

    /* U+006F "o" */
    0x1, 0x9e, 0xfe, 0x91, 0x0, 0xd, 0xf9, 0x69,
    0xfd, 0x10, 0x8f, 0x60, 0x0, 0x6f, 0x80, 0xde,
    0x0, 0x0, 0xe, 0xd0, 0xfc, 0x0, 0x0, 0xc,
    0xf0, 0xfc, 0x0, 0x0, 0xc, 0xf0, 0xde, 0x0,
    0x0, 0xe, 0xd0, 0x8f, 0x60, 0x0, 0x6f, 0x80,
    0xd, 0xf9, 0x69, 0xfd, 0x10, 0x1, 0x9e, 0xfe,
    0x91, 0x0,

    /* U+0070 "p" */
    0x5f, 0x58, 0xef, 0xd5, 0x0, 0x5f, 0xea, 0x22,
    0xaf, 0x50, 0x5f, 0xd0, 0x0, 0xc, 0xe0, 0x5f,
    0x70, 0x0, 0x6, 0xf4, 0x5f, 0x40, 0x0, 0x4,
    0xf6, 0x5f, 0x50, 0x0, 0x4, 0xf6, 0x5f, 0x80,
    0x0, 0x7, 0xf4, 0x5f, 0xe1, 0x0, 0xe, 0xe0,
    0x5f, 0xcd, 0x77, 0xdf, 0x50, 0x5f, 0x48, 0xef,
    0xd5, 0x0, 0x5f, 0x40, 0x0, 0x0, 0x0, 0x5f,
    0x40, 0x0, 0x0, 0x0, 0x5f, 0x40, 0x0, 0x0,
    0x0, 0x5f, 0x40, 0x0, 0x0, 0x0,

    /* U+0071 "q" */
    0x1, 0xaf, 0xfb, 0x2d, 0xc1, 0xdf, 0x96, 0xae,
    0xec, 0x8f, 0x50, 0x0, 0x8f, 0xcd, 0xd0, 0x0,
    0x0, 0xfc, 0xfb, 0x0, 0x0, 0xe, 0xcf, 0xb0,
    0x0, 0x0, 0xec, 0xdd, 0x0, 0x0, 0xf, 0xc8,
    0xf5, 0x0, 0x8, 0xfc, 0x1e, 0xf8, 0x6a, 0xee,
    0xc0, 0x1a, 0xff, 0xb2, 0xdc, 0x0, 0x0, 0x0,
    0xd, 0xc0, 0x0, 0x0, 0x0, 0xdc, 0x0, 0x0,
    0x0, 0xd, 0xc0, 0x0, 0x0, 0x0, 0xdc,

    /* U+0072 "r" */
    0x0, 0x0, 0x0, 0x5, 0xf4, 0x8e, 0xf6, 0x5f,
    0xeb, 0x43, 0x25, 0xfc, 0x0, 0x0, 0x5f, 0x60,
    0x0, 0x5, 0xf4, 0x0, 0x0, 0x5f, 0x40, 0x0,
    0x5, 0xf4, 0x0, 0x0, 0x5f, 0x40, 0x0, 0x5,
    0xf4, 0x0, 0x0, 0x5f, 0x40, 0x0, 0x0,

    /* U+0073 "s" */
    0x0, 0x7d, 0xff, 0xd9, 0x0, 0x9f, 0x96, 0x68,
    0xd0, 0xe, 0xb0, 0x0, 0x0, 0x0, 0xde, 0x20,
    0x0, 0x0, 0x4, 0xef, 0xd9, 0x50, 0x0, 0x1,
    0x59, 0xdf, 0xc0, 0x0, 0x0, 0x0, 0x7f, 0x60,
    0x10, 0x0, 0x4, 0xf7, 0xf, 0xa7, 0x57, 0xef,
    0x20, 0x8c, 0xef, 0xea, 0x20,

    /* U+0074 "t" */
    0x2, 0x82, 0x0, 0x0, 0x5f, 0x40, 0x0, 0x5,
    0xf4, 0x0, 0x8, 0xff, 0xff, 0xfa, 0x27, 0xf7,
    0x44, 0x20, 0x5f, 0x40, 0x0, 0x5, 0xf4, 0x0,
    0x0, 0x5f, 0x40, 0x0, 0x5, 0xf4, 0x0, 0x0,
    0x5f, 0x40, 0x0, 0x4, 0xf5, 0x0, 0x0, 0x1f,
    0xd6, 0x53, 0x0, 0x5d, 0xff, 0xa0,

    /* U+0075 "u" */
    0x7f, 0x20, 0x0, 0xd, 0xc7, 0xf2, 0x0, 0x0,
    0xdc, 0x7f, 0x20, 0x0, 0xd, 0xc7, 0xf2, 0x0,
    0x0, 0xdc, 0x7f, 0x20, 0x0, 0xd, 0xc7, 0xf2,
    0x0, 0x0, 0xdc, 0x6f, 0x30, 0x0, 0xf, 0xc3,
    0xf7, 0x0, 0x7, 0xfc, 0xd, 0xf9, 0x7a, 0xde,
    0xc0, 0x2b, 0xff, 0xa1, 0xdc,

    /* U+0076 "v" */
    0x4f, 0x60, 0x0, 0x0, 0xce, 0x0, 0xec, 0x0,
    0x0, 0x2f, 0x80, 0x8, 0xf2, 0x0, 0x8, 0xf2,
    0x0, 0x2f, 0x80, 0x0, 0xdd, 0x0, 0x0, 0xce,
    0x0, 0x3f, 0x70, 0x0, 0x6, 0xf4, 0x9, 0xf1,
    0x0, 0x0, 0x1f, 0xa0, 0xfb, 0x0, 0x0, 0x0,
    0xbf, 0x6f, 0x50, 0x0, 0x0, 0x5, 0xff, 0xf0,
    0x0, 0x0, 0x0, 0xe, 0xf9, 0x0, 0x0,

    /* U+0077 "w" */
    0x1f, 0x80, 0x0, 0xbf, 0x70, 0x0, 0xcd, 0xd,
    0xc0, 0x0, 0xff, 0xb0, 0x0, 0xf9, 0x9, 0xf0,
    0x3, 0xfa, 0xf0, 0x4, 0xf5, 0x5, 0xf4, 0x8,
    0xe3, 0xf3, 0x8, 0xf1, 0x1, 0xf8, 0xc, 0xa0,
    0xe7, 0xd, 0xc0, 0x0, 0xdc, 0xf, 0x60, 0xab,
    0x1f, 0x80, 0x0, 0x9f, 0x5f, 0x20, 0x6f, 0x5f,
    0x40, 0x0, 0x5f, 0xde, 0x0, 0x2f, 0xdf, 0x0,
    0x0, 0x1f, 0xf9, 0x0, 0xe, 0xfc, 0x0, 0x0,
    0xc, 0xf5, 0x0, 0xa, 0xf8, 0x0,

    /* U+0078 "x" */
    0xc, 0xf2, 0x0, 0x6, 0xf8, 0x0, 0x1e, 0xd0,
    0x2, 0xfc, 0x0, 0x0, 0x5f, 0x90, 0xde, 0x10,
    0x0, 0x0, 0x9f, 0xcf, 0x40, 0x0, 0x0, 0x0,
    0xdf, 0x90, 0x0, 0x0, 0x0, 0x3f, 0xfc, 0x0,
    0x0, 0x0, 0xd, 0xe7, 0xf8, 0x0, 0x0, 0xa,
    0xf4, 0xa, 0xf3, 0x0, 0x6, 0xf8, 0x0, 0x1e,
    0xe1, 0x2, 0xfc, 0x0, 0x0, 0x3f, 0xb0,

    /* U+0079 "y" */
    0x4f, 0x70, 0x0, 0x0, 0xce, 0x0, 0xdd, 0x0,
    0x0, 0x2f, 0x80, 0x7, 0xf3, 0x0, 0x8, 0xf2,
    0x0, 0x1f, 0x90, 0x0, 0xeb, 0x0, 0x0, 0xaf,
    0x0, 0x5f, 0x50, 0x0, 0x4, 0xf5, 0xb, 0xe0,
    0x0, 0x0, 0xe, 0xc1, 0xf9, 0x0, 0x0, 0x0,
    0x7f, 0xaf, 0x30, 0x0, 0x0, 0x1, 0xff, 0xc0,
    0x0, 0x0, 0x0, 0xb, 0xf6, 0x0, 0x0, 0x0,
    0x0, 0xaf, 0x0, 0x0, 0x0, 0x0, 0x1f, 0x90,
    0x0, 0x0, 0x3, 0x5c, 0xf2, 0x0, 0x0, 0x0,
    0x9f, 0xd5, 0x0, 0x0, 0x0,

    /* U+007A "z" */
    0xf, 0xff, 0xff, 0xff, 0xa0, 0x44, 0x44, 0x49,
    0xf8, 0x0, 0x0, 0x3, 0xfc, 0x0, 0x0, 0x1,
    0xee, 0x10, 0x0, 0x0, 0xcf, 0x20, 0x0, 0x0,
    0xaf, 0x40, 0x0, 0x0, 0x8f, 0x70, 0x0, 0x0,
    0x5f, 0x90, 0x0, 0x0, 0x2f, 0xe4, 0x44, 0x44,
    0x33, 0xff, 0xff, 0xff, 0xfa,

    /* U+007B "{" */
    0x0, 0x2, 0xbe, 0xf3, 0x0, 0xc, 0xf6, 0x40,
    0x0, 0xf, 0xb0, 0x0, 0x0, 0xf, 0x90, 0x0,
    0x0, 0xf, 0x90, 0x0, 0x0, 0xf, 0x90, 0x0,
    0x0, 0x2f, 0x80, 0x0, 0x1, 0xaf, 0x40, 0x0,
    0xcf, 0xf7, 0x0, 0x0, 0x24, 0xcf, 0x30, 0x0,
    0x0, 0x2f, 0x80, 0x0, 0x0, 0xf, 0x90, 0x0,
    0x0, 0xf, 0x90, 0x0, 0x0, 0xf, 0xa0, 0x0,
    0x0, 0xe, 0xe2, 0x0, 0x0, 0x5, 0xff, 0xf3,
    0x0, 0x0, 0x2, 0x30,

    /* U+007C "|" */
    0xbc, 0xbc, 0xbc, 0xbc, 0xbc, 0xbc, 0xbc, 0xbc,
    0xbc, 0xbc, 0xbc, 0xbc, 0xbc, 0xbc, 0xbc, 0xbc,
    0xbc, 0xbc,

    /* U+007D "}" */
    0xbf, 0xd6, 0x0, 0x0, 0x24, 0xbf, 0x20, 0x0,
    0x0, 0x3f, 0x60, 0x0, 0x0, 0x2f, 0x70, 0x0,
    0x0, 0x2f, 0x70, 0x0, 0x0, 0x2f, 0x70, 0x0,
    0x0, 0x1f, 0x90, 0x0, 0x0, 0xd, 0xe4, 0x0,
    0x0, 0x2, 0xdf, 0xf3, 0x0, 0xc, 0xf6, 0x30,
    0x0, 0x1f, 0x90, 0x0, 0x0, 0x2f, 0x70, 0x0,
    0x0, 0x2f, 0x70, 0x0, 0x0, 0x3f, 0x60, 0x0,
    0x1, 0x8f, 0x40, 0x0, 0xcf, 0xfb, 0x0, 0x0,
    0x23, 0x10, 0x0, 0x0,

    /* U+007E "~" */
    0x0, 0x0, 0x10, 0x0, 0x0, 0x0, 0x0, 0x4c,
    0xff, 0xfa, 0x62, 0x26, 0xd2, 0x1f, 0xa5, 0x59,
    0xdf, 0xff, 0xf8, 0x0, 0x20, 0x0, 0x0, 0x14,
    0x30, 0x0,

    /* U+00B0 "°" */
    0x3, 0xce, 0xb2, 0x0, 0xe8, 0x38, 0xe0, 0x3e,
    0x0, 0xe, 0x31, 0xf4, 0x4, 0xf1, 0x5, 0xef,
    0xe5, 0x0, 0x0, 0x10, 0x0,

    /* U+00B1 "±" */
    0x0, 0x0, 0x0, 0x31, 0x0, 0x0, 0x0, 0x0,
    0x0, 0x3f, 0x40, 0x0, 0x0, 0x0, 0x0, 0x3,
    0xf4, 0x0, 0x0, 0x0, 0x22, 0x22, 0x5f, 0x62,
    0x22, 0x20, 0x1f, 0xff, 0xff, 0xff, 0xff, 0xff,
    0x20, 0x55, 0x55, 0x7f, 0x85, 0x55, 0x50, 0x0,
    0x0, 0x3, 0xf4, 0x0, 0x0, 0x0, 0x0, 0x0,
    0x3f, 0x40, 0x0, 0x0, 0x0, 0x0, 0x3, 0xf4,
    0x0, 0x0, 0x0, 0x0, 0x0, 0x0, 0x0, 0x0,
    0x0, 0x7, 0x77, 0x77, 0x77, 0x77, 0x77, 0x11,
    0xff, 0xff, 0xff, 0xff, 0xff, 0xf2,

    /* U+00B2 "²" */
    0x1a, 0xef, 0xb2, 0x1, 0x61, 0x1b, 0xd0, 0x0,
    0x0, 0x6f, 0x0, 0x0, 0xd, 0x80, 0x0, 0xa,
    0xc0, 0x0, 0xa, 0xd1, 0x0, 0xa, 0xc1, 0x0,
    0x2, 0xff, 0xff, 0xf1,

    /* U+00B3 "³" */
    0xa, 0xef, 0xd4, 0x0, 0x30, 0x8, 0xf0, 0x0,
    0x0, 0x7f, 0x0, 0xb, 0xff, 0x40, 0x0, 0x0,
    0x8d, 0x0, 0x0, 0x1, 0xf3, 0x14, 0x1, 0x8f,
    0x11, 0xcf, 0xfc, 0x40,

    /* U+00B7 "·" */
    0x3, 0x21, 0xfc, 0x1f, 0xc0,

    /* U+00B9 "¹" */
    0x8d, 0xf7, 0x0, 0x53, 0xd7, 0x0, 0x0, 0xd7,
    0x0, 0x0, 0xd7, 0x0, 0x0, 0xd7, 0x0, 0x0,
    0xd7, 0x0, 0x0, 0xd7, 0x0, 0xaf, 0xff, 0xf3,

    /* U+00BC "¼" */
    0x36, 0x83, 0x0, 0x0, 0x0, 0x8, 0x30, 0x0,
    0xaa, 0xe7, 0x0, 0x0, 0x0, 0x8d, 0x0, 0x0,
    0x0, 0xd7, 0x0, 0x0, 0x2, 0xf4, 0x0, 0x0,
    0x0, 0xd7, 0x0, 0x0, 0xb, 0xa0, 0x0, 0x0,
    0x0, 0xd7, 0x0, 0x0, 0x5f, 0x10, 0x0, 0x0,
    0x0, 0xd7, 0x0, 0x0, 0xe7, 0x0, 0x0, 0x0,
    0x0, 0xd7, 0x0, 0x8, 0xd0, 0x0, 0x8, 0x50,
    0x9f, 0xff, 0xf3, 0x2f, 0x40, 0x0, 0x9e, 0xb0,
    0x0, 0x0, 0x0, 0xca, 0x0, 0x5, 0xa9, 0xb0,
    0x0, 0x0, 0x5, 0xf1, 0x0, 0x2c, 0x9, 0xb0,
    0x0, 0x0, 0x1e, 0x60, 0x0, 0xc2, 0x9, 0xb0,
    0x0, 0x0, 0x9c, 0x0, 0x3, 0xff, 0xff, 0xfd,
    0x0, 0x3, 0xf3, 0x0, 0x0, 0x0, 0x9, 0xb0,
    0x0, 0xc, 0x90, 0x0, 0x0, 0x0, 0x6, 0x70,

    /* U+00BD "½" */
    0x9d, 0xf7, 0x0, 0x0, 0x0, 0x3f, 0x30, 0x0,
    0x43, 0xd7, 0x0, 0x0, 0x0, 0xd9, 0x0, 0x0,
    0x0, 0xd7, 0x0, 0x0, 0x7, 0xe0, 0x0, 0x0,
    0x0, 0xd7, 0x0, 0x0, 0x2f, 0x40, 0x0, 0x0,
    0x0, 0xd7, 0x0, 0x0, 0xba, 0x0, 0x0, 0x0,
    0x0, 0xd7, 0x0, 0x5, 0xf1, 0x0, 0x0, 0x0,
    0x9f, 0xff, 0xf3, 0x1e, 0x60, 0xdf, 0xfd, 0x50,
    0x0, 0x0, 0x0, 0x9c, 0x0, 0x0, 0x6, 0xf2,
    0x0, 0x0, 0x3, 0xf2, 0x0, 0x0, 0x4, 0xf1,
    0x0, 0x0, 0xd, 0x80, 0x0, 0x0, 0x2e, 0x60,
    0x0, 0x0, 0x8d, 0x0, 0x0, 0x3, 0xe6, 0x0,
    0x0, 0x2, 0xf4, 0x0, 0x0, 0x5e, 0x40, 0x0,
    0x0, 0xc, 0xa0, 0x0, 0x0, 0xff, 0xff, 0xf4,

    /* U+00BE "¾" */
    0xa, 0xee, 0xc4, 0x0, 0x0, 0x2, 0xf3, 0x0,
    0x0, 0x30, 0x7, 0xf0, 0x0, 0x0, 0xca, 0x0,
    0x0, 0x0, 0x0, 0x7f, 0x0, 0x0, 0x5f, 0x10,
    0x0, 0x0, 0xa, 0xff, 0x40, 0x0, 0xe, 0x70,
    0x0, 0x0, 0x0, 0x0, 0x7d, 0x0, 0x8, 0xd0,
    0x0, 0x0, 0x0, 0x0, 0x1, 0xf4, 0x2, 0xf4,
    0x0, 0x0, 0x0, 0x13, 0x0, 0x8f, 0x10, 0xbb,
    0x0, 0x1, 0xa7, 0x1, 0xce, 0xec, 0x40, 0x4f,
    0x20, 0x0, 0xae, 0xb0, 0x0, 0x0, 0x0, 0xd,
    0x80, 0x0, 0x69, 0x9b, 0x0, 0x0, 0x0, 0x7,
    0xe0, 0x0, 0x3c, 0x9, 0xb0, 0x0, 0x0, 0x1,
    0xf5, 0x0, 0xc, 0x20, 0x9b, 0x0, 0x0, 0x0,
    0xac, 0x0, 0x3, 0xff, 0xff, 0xfd, 0x0, 0x0,
    0x3f, 0x30, 0x0, 0x0, 0x0, 0x9b, 0x0, 0x0,
    0xc, 0x90, 0x0, 0x0, 0x0, 0x6, 0x70,

    /* U+00D7 "×" */
    0x6, 0x0, 0x0, 0x0, 0x6, 0x4, 0xfa, 0x0,
    0x0, 0x9, 0xf5, 0x7, 0xfa, 0x0, 0x9, 0xf8,
    0x0, 0x6, 0xfa, 0x9, 0xf8, 0x0, 0x0, 0x6,
    0xfd, 0xf8, 0x0, 0x0, 0x0, 0xc, 0xfd, 0x0,
    0x0, 0x0, 0x9, 0xfb, 0xfa, 0x0, 0x0, 0x9,
    0xf7, 0x6, 0xfb, 0x0, 0x9, 0xf7, 0x0, 0x6,
    0xfb, 0x4, 0xf7, 0x0, 0x0, 0x6, 0xf5, 0x3,
    0x0, 0x0, 0x0, 0x3, 0x0,

    /* U+00F7 "÷" */
    0x0, 0x0, 0x8, 0xfa, 0x0, 0x0, 0x0, 0x0,
    0x0, 0x8f, 0xa0, 0x0, 0x0, 0x0, 0x0, 0x1,
    0x21, 0x0, 0x0, 0x0, 0x22, 0x22, 0x22, 0x22,
    0x22, 0x20, 0x1f, 0xff, 0xff, 0xff, 0xff, 0xff,
    0x20, 0x55, 0x55, 0x55, 0x55, 0x55, 0x50, 0x0,
    0x0, 0x1, 0x21, 0x0, 0x0, 0x0, 0x0, 0x0,
    0x8f, 0xa0, 0x0, 0x0, 0x0, 0x0, 0x8, 0xfa,
    0x0, 0x0, 0x0,

    /* U+0391 "Α" */
    0x0, 0x0, 0x1f, 0xf5, 0x0, 0x0, 0x0, 0x0,
    0x6, 0xfd, 0xb0, 0x0, 0x0, 0x0, 0x0, 0xcb,
    0x6f, 0x20, 0x0, 0x0, 0x0, 0x3f, 0x51, 0xf8,
    0x0, 0x0, 0x0, 0x9, 0xf0, 0xb, 0xe0, 0x0,
    0x0, 0x0, 0xea, 0x0, 0x5f, 0x40, 0x0, 0x0,
    0x5f, 0x40, 0x0, 0xea, 0x0, 0x0, 0xb, 0xe2,
    0x22, 0x2a, 0xf1, 0x0, 0x2, 0xff, 0xff, 0xff,
    0xff, 0x60, 0x0, 0x8f, 0x65, 0x55, 0x55, 0xdd,
    0x0, 0xe, 0xd0, 0x0, 0x0, 0x7, 0xf3, 0x4,
    0xf7, 0x0, 0x0, 0x0, 0x2f, 0x90, 0xaf, 0x20,
    0x0, 0x0, 0x0, 0xdf, 0x0,

    /* U+0392 "Β" */
    0x3f, 0xff, 0xff, 0xda, 0x20, 0x3, 0xfb, 0x77,
    0x7a, 0xff, 0x20, 0x3f, 0x80, 0x0, 0x7, 0xf7,
    0x3, 0xf8, 0x0, 0x0, 0x5f, 0x70, 0x3f, 0x91,
    0x12, 0x4d, 0xe1, 0x3, 0xff, 0xff, 0xff, 0xd2,
    0x0, 0x3f, 0xa4, 0x45, 0x7e, 0xe2, 0x3, 0xf8,
    0x0, 0x0, 0x2f, 0xb0, 0x3f, 0x80, 0x0, 0x0,
    0xdf, 0x3, 0xf8, 0x0, 0x0, 0xe, 0xf0, 0x3f,
    0x80, 0x0, 0x3, 0xfd, 0x3, 0xfc, 0x77, 0x79,
    0xff, 0x40, 0x3f, 0xff, 0xff, 0xeb, 0x30, 0x0,

    /* U+0393 "Γ" */
    0x3f, 0xff, 0xff, 0xff, 0xf3, 0xfc, 0x77, 0x77,
    0x77, 0x3f, 0x80, 0x0, 0x0, 0x3, 0xf8, 0x0,
    0x0, 0x0, 0x3f, 0x80, 0x0, 0x0, 0x3, 0xf8,
    0x0, 0x0, 0x0, 0x3f, 0x80, 0x0, 0x0, 0x3,
    0xf8, 0x0, 0x0, 0x0, 0x3f, 0x80, 0x0, 0x0,
    0x3, 0xf8, 0x0, 0x0, 0x0, 0x3f, 0x80, 0x0,
    0x0, 0x3, 0xf8, 0x0, 0x0, 0x0, 0x3f, 0x80,
    0x0, 0x0, 0x0,

    /* U+0394 "Δ" */
    0x0, 0x0, 0x1f, 0xf5, 0x0, 0x0, 0x0, 0x0,
    0x6, 0xff, 0xb0, 0x0, 0x0, 0x0, 0x0, 0xcd,
    0x8f, 0x20, 0x0, 0x0, 0x0, 0x3f, 0x83, 0xf8,
    0x0, 0x0, 0x0, 0x9, 0xf2, 0xd, 0xe0, 0x0,
    0x0, 0x0, 0xec, 0x0, 0x7f, 0x40, 0x0, 0x0,
    0x5f, 0x60, 0x1, 0xfa, 0x0, 0x0, 0xb, 0xf0,
    0x0, 0xb, 0xf1, 0x0, 0x2, 0xfa, 0x0, 0x0,
    0x5f, 0x60, 0x0, 0x8f, 0x40, 0x0, 0x0, 0xfd,
    0x0, 0xe, 0xe0, 0x0, 0x0, 0x9, 0xf3, 0x4,
    0xfc, 0x77, 0x77, 0x77, 0xaf, 0x90, 0xaf, 0xff,
    0xff, 0xff, 0xff, 0xff, 0x0,

    /* U+0395 "Ε" */
    0x3f, 0xff, 0xff, 0xff, 0xf1, 0x3f, 0xc7, 0x77,
    0x77, 0x70, 0x3f, 0x80, 0x0, 0x0, 0x0, 0x3f,
    0x80, 0x0, 0x0, 0x0, 0x3f, 0x92, 0x22, 0x22,
    0x10, 0x3f, 0xff, 0xff, 0xff, 0xc0, 0x3f, 0xb5,
    0x55, 0x55, 0x40, 0x3f, 0x80, 0x0, 0x0, 0x0,
    0x3f, 0x80, 0x0, 0x0, 0x0, 0x3f, 0x80, 0x0,
    0x0, 0x0, 0x3f, 0x80, 0x0, 0x0, 0x0, 0x3f,
    0xc7, 0x77, 0x77, 0x71, 0x3f, 0xff, 0xff, 0xff,
    0xf3,

    /* U+0396 "Ζ" */
    0xf, 0xff, 0xff, 0xff, 0xff, 0xf5, 0x7, 0x77,
    0x77, 0x77, 0x8f, 0xf2, 0x0, 0x0, 0x0, 0x0,
    0xbf, 0x60, 0x0, 0x0, 0x0, 0x8, 0xf9, 0x0,
    0x0, 0x0, 0x0, 0x5f, 0xb0, 0x0, 0x0, 0x0,
    0x3, 0xfd, 0x10, 0x0, 0x0, 0x0, 0x1e, 0xf2,
    0x0, 0x0, 0x0, 0x0, 0xcf, 0x40, 0x0, 0x0,
    0x0, 0x9, 0xf7, 0x0, 0x0, 0x0, 0x0, 0x6f,
    0xa0, 0x0, 0x0, 0x0, 0x4, 0xfd, 0x0, 0x0,
    0x0, 0x0, 0x1e, 0xf9, 0x77, 0x77, 0x77, 0x73,
    0x3f, 0xff, 0xff, 0xff, 0xff, 0xf8,

    /* U+0397 "Η" */
    0x3f, 0x80, 0x0, 0x0, 0xf, 0xc3, 0xf8, 0x0,
    0x0, 0x0, 0xfc, 0x3f, 0x80, 0x0, 0x0, 0xf,
    0xc3, 0xf8, 0x0, 0x0, 0x0, 0xfc, 0x3f, 0x92,
    0x22, 0x22, 0x2f, 0xc3, 0xff, 0xff, 0xff, 0xff,
    0xfc, 0x3f, 0xb5, 0x55, 0x55, 0x5f, 0xc3, 0xf8,
    0x0, 0x0, 0x0, 0xfc, 0x3f, 0x80, 0x0, 0x0,
    0xf, 0xc3, 0xf8, 0x0, 0x0, 0x0, 0xfc, 0x3f,
    0x80, 0x0, 0x0, 0xf, 0xc3, 0xf8, 0x0, 0x0,
    0x0, 0xfc, 0x3f, 0x80, 0x0, 0x0, 0xf, 0xc0,

    /* U+0398 "Θ" */
    0x0, 0x7, 0xcf, 0xfd, 0x81, 0x0, 0x0, 0x2d,
    0xfb, 0x77, 0xaf, 0xe3, 0x0, 0xd, 0xf5, 0x0,
    0x0, 0x3f, 0xe1, 0x6, 0xf9, 0x0, 0x0, 0x0,
    0x6f, 0x90, 0xbf, 0x22, 0x22, 0x22, 0x20, 0xfe,
    0xe, 0xf0, 0xff, 0xff, 0xff, 0x3c, 0xf1, 0xfe,
    0x5, 0x55, 0x55, 0x50, 0xbf, 0x2e, 0xf0, 0x0,
    0x0, 0x0, 0xc, 0xf1, 0xbf, 0x20, 0x0, 0x0,
    0x0, 0xfe, 0x6, 0xf9, 0x0, 0x0, 0x0, 0x6f,
    0x90, 0xd, 0xf5, 0x0, 0x0, 0x3f, 0xe1, 0x0,
    0x2d, 0xfb, 0x77, 0xaf, 0xe3, 0x0, 0x0, 0x7,
    0xcf, 0xfd, 0x81, 0x0, 0x0,

    /* U+0399 "Ι" */
    0x3f, 0x83, 0xf8, 0x3f, 0x83, 0xf8, 0x3f, 0x83,
    0xf8, 0x3f, 0x83, 0xf8, 0x3f, 0x83, 0xf8, 0x3f,
    0x83, 0xf8, 0x3f, 0x80,

    /* U+039A "Κ" */
    0x3f, 0x80, 0x0, 0x3, 0xef, 0x30, 0x3f, 0x80,
    0x0, 0x3f, 0xe3, 0x0, 0x3f, 0x80, 0x4, 0xfe,
    0x20, 0x0, 0x3f, 0x80, 0x5f, 0xd1, 0x0, 0x0,
    0x3f, 0x86, 0xfc, 0x10, 0x0, 0x0, 0x3f, 0xdf,
    0xc0, 0x0, 0x0, 0x0, 0x3f, 0xff, 0xa0, 0x0,
    0x0, 0x0, 0x3f, 0x9a, 0xfa, 0x0, 0x0, 0x0,
    0x3f, 0x80, 0xaf, 0xa0, 0x0, 0x0, 0x3f, 0x80,
    0xa, 0xfa, 0x0, 0x0, 0x3f, 0x80, 0x0, 0xaf,
    0xa0, 0x0, 0x3f, 0x80, 0x0, 0xa, 0xfa, 0x0,
    0x3f, 0x80, 0x0, 0x0, 0xaf, 0xa0,

    /* U+039B "Λ" */
    0x0, 0x0, 0x1f, 0xf5, 0x0, 0x0, 0x0, 0x0,
    0x6, 0xff, 0xb0, 0x0, 0x0, 0x0, 0x0, 0xcd,
    0x9f, 0x20, 0x0, 0x0, 0x0, 0x3f, 0x83, 0xf8,
    0x0, 0x0, 0x0, 0x9, 0xf2, 0xd, 0xe0, 0x0,
    0x0, 0x0, 0xec, 0x0, 0x7f, 0x40, 0x0, 0x0,
    0x5f, 0x60, 0x1, 0xfa, 0x0, 0x0, 0xb, 0xf1,
    0x0, 0xb, 0xf1, 0x0, 0x2, 0xfa, 0x0, 0x0,
    0x5f, 0x60, 0x0, 0x8f, 0x40, 0x0, 0x0, 0xfd,
    0x0, 0xe, 0xe0, 0x0, 0x0, 0x9, 0xf3, 0x4,
    0xf9, 0x0, 0x0, 0x0, 0x3f, 0x90, 0xaf, 0x30,
    0x0, 0x0, 0x0, 0xdf, 0x0,

    /* U+039C "Μ" */
    0x3f, 0xf9, 0x0, 0x0, 0x1, 0xff, 0xc3, 0xff,
    0xf0, 0x0, 0x0, 0x7f, 0xfc, 0x3f, 0xaf, 0x50,
    0x0, 0xd, 0xbf, 0xc3, 0xf7, 0xcb, 0x0, 0x3,
    0xf5, 0xfc, 0x3f, 0x76, 0xf1, 0x0, 0x9e, 0xf,
    0xc3, 0xf7, 0xf, 0x70, 0xe, 0x80, 0xfc, 0x3f,
    0x70, 0xad, 0x5, 0xf2, 0xf, 0xc3, 0xf7, 0x4,
    0xf4, 0xbc, 0x0, 0xfc, 0x3f, 0x70, 0xe, 0xbf,
    0x60, 0xf, 0xc3, 0xf7, 0x0, 0x8f, 0xf1, 0x0,
    0xfc, 0x3f, 0x70, 0x1, 0x86, 0x0, 0xf, 0xc3,
    0xf7, 0x0, 0x0, 0x0, 0x0, 0xfc, 0x3f, 0x70,
    0x0, 0x0, 0x0, 0xf, 0xc0,

    /* U+039D "Ν" */
    0x3f, 0xf6, 0x0, 0x0, 0xf, 0xb3, 0xff, 0xe0,
    0x0, 0x0, 0xfb, 0x3f, 0xcf, 0x70, 0x0, 0xf,
    0xb3, 0xf7, 0xcf, 0x10, 0x0, 0xfb, 0x3f, 0x73,
    0xf8, 0x0, 0xf, 0xb3, 0xf7, 0xb, 0xf1, 0x0,
    0xfb, 0x3f, 0x70, 0x2f, 0xa0, 0xf, 0xb3, 0xf7,
    0x0, 0xaf, 0x20, 0xfb, 0x3f, 0x70, 0x2, 0xfb,
    0xf, 0xb3, 0xf7, 0x0, 0x9, 0xf4, 0xfb, 0x3f,
    0x70, 0x0, 0x1f, 0xcf, 0xb3, 0xf7, 0x0, 0x0,
    0x7f, 0xfb, 0x3f, 0x70, 0x0, 0x0, 0xef, 0xb0,

    /* U+039E "Ξ" */
    0x3f, 0xff, 0xff, 0xff, 0xd1, 0x77, 0x77, 0x77,
    0x76, 0x0, 0x0, 0x0, 0x0, 0x0, 0x0, 0x0,
    0x0, 0x0, 0x0, 0x22, 0x22, 0x22, 0x0, 0x5f,
    0xff, 0xff, 0xf0, 0x1, 0x55, 0x55, 0x54, 0x0,
    0x0, 0x0, 0x0, 0x0, 0x0, 0x0, 0x0, 0x0,
    0x0, 0x0, 0x0, 0x0, 0x0, 0x0, 0x0, 0x0,
    0x0, 0x1, 0x77, 0x77, 0x77, 0x76, 0x3f, 0xff,
    0xff, 0xff, 0xd0,

    /* U+039F "Ο" */
    0x0, 0x7, 0xcf, 0xfd, 0x81, 0x0, 0x0, 0x2d,
    0xfb, 0x77, 0xaf, 0xe3, 0x0, 0xd, 0xf5, 0x0,
    0x0, 0x3f, 0xe1, 0x6, 0xf9, 0x0, 0x0, 0x0,
    0x6f, 0x90, 0xbf, 0x20, 0x0, 0x0, 0x0, 0xfe,
    0xe, 0xf0, 0x0, 0x0, 0x0, 0xc, 0xf1, 0xfe,
    0x0, 0x0, 0x0, 0x0, 0xbf, 0x2e, 0xf0, 0x0,
    0x0, 0x0, 0xc, 0xf1, 0xbf, 0x20, 0x0, 0x0,
    0x0, 0xfe, 0x6, 0xf9, 0x0, 0x0, 0x0, 0x6f,
    0x90, 0xd, 0xf5, 0x0, 0x0, 0x3f, 0xe1, 0x0,
    0x2d, 0xfb, 0x77, 0xaf, 0xe3, 0x0, 0x0, 0x7,
    0xcf, 0xfd, 0x81, 0x0, 0x0,

    /* U+03A0 "Π" */
    0x3f, 0xff, 0xff, 0xff, 0xff, 0xc3, 0xfc, 0x77,
    0x77, 0x77, 0xfc, 0x3f, 0x80, 0x0, 0x0, 0xf,
    0xc3, 0xf8, 0x0, 0x0, 0x0, 0xfc, 0x3f, 0x80,
    0x0, 0x0, 0xf, 0xc3, 0xf8, 0x0, 0x0, 0x0,
    0xfc, 0x3f, 0x80, 0x0, 0x0, 0xf, 0xc3, 0xf8,
    0x0, 0x0, 0x0, 0xfc, 0x3f, 0x80, 0x0, 0x0,
    0xf, 0xc3, 0xf8, 0x0, 0x0, 0x0, 0xfc, 0x3f,
    0x80, 0x0, 0x0, 0xf, 0xc3, 0xf8, 0x0, 0x0,
    0x0, 0xfc, 0x3f, 0x80, 0x0, 0x0, 0xf, 0xc0,

    /* U+03A1 "Ρ" */
    0x3f, 0xff, 0xff, 0xc6, 0x0, 0x3f, 0xb7, 0x78,
    0xef, 0x90, 0x3f, 0x80, 0x0, 0x1e, 0xf1, 0x3f,
    0x80, 0x0, 0xa, 0xf3, 0x3f, 0x80, 0x0, 0xd,
    0xf2, 0x3f, 0x92, 0x23, 0xaf, 0xc0, 0x3f, 0xff,
    0xff, 0xfc, 0x10, 0x3f, 0xb5, 0x44, 0x10, 0x0,
    0x3f, 0x80, 0x0, 0x0, 0x0, 0x3f, 0x80, 0x0,
    0x0, 0x0, 0x3f, 0x80, 0x0, 0x0, 0x0, 0x3f,
    0x80, 0x0, 0x0, 0x0, 0x3f, 0x80, 0x0, 0x0,
    0x0,

    /* U+03A3 "Σ" */
    0x3f, 0xff, 0xff, 0xff, 0xf1, 0x2f, 0xf8, 0x77,
    0x77, 0x70, 0x5, 0xfb, 0x0, 0x0, 0x0, 0x0,
    0x6f, 0xa0, 0x0, 0x0, 0x0, 0x7, 0xf9, 0x0,
    0x0, 0x0, 0x0, 0x8f, 0x80, 0x0, 0x0, 0x0,
    0x5f, 0xa0, 0x0, 0x0, 0x2, 0xfd, 0x0, 0x0,
    0x0, 0xd, 0xf2, 0x0, 0x0, 0x0, 0xaf, 0x50,
    0x0, 0x0, 0x7, 0xf9, 0x0, 0x0, 0x0, 0x2f,
    0xf8, 0x77, 0x77, 0x71, 0x3f, 0xff, 0xff, 0xff,
    0xf3,

    /* U+03A4 "Τ" */
    0xf, 0xff, 0xff, 0xff, 0xff, 0xff, 0x0, 0x77,
    0x77, 0xaf, 0xa7, 0x77, 0x70, 0x0, 0x0, 0x6,
    0xf6, 0x0, 0x0, 0x0, 0x0, 0x0, 0x6f, 0x60,
    0x0, 0x0, 0x0, 0x0, 0x6, 0xf6, 0x0, 0x0,
    0x0, 0x0, 0x0, 0x6f, 0x60, 0x0, 0x0, 0x0,
    0x0, 0x6, 0xf6, 0x0, 0x0, 0x0, 0x0, 0x0,
    0x6f, 0x60, 0x0, 0x0, 0x0, 0x0, 0x6, 0xf6,
    0x0, 0x0, 0x0, 0x0, 0x0, 0x6f, 0x60, 0x0,
    0x0, 0x0, 0x0, 0x6, 0xf6, 0x0, 0x0, 0x0,
    0x0, 0x0, 0x6f, 0x60, 0x0, 0x0, 0x0, 0x0,
    0x6, 0xf6, 0x0, 0x0, 0x0,

    /* U+03A5 "Υ" */
    0xb, 0xf3, 0x0, 0x0, 0x3, 0xfb, 0x0, 0x1e,
    0xd0, 0x0, 0x0, 0xde, 0x10, 0x0, 0x5f, 0x90,
    0x0, 0x9f, 0x50, 0x0, 0x0, 0xaf, 0x40, 0x3f,
    0xa0, 0x0, 0x0, 0x1, 0xee, 0x1d, 0xe1, 0x0,
    0x0, 0x0, 0x4, 0xfe, 0xf4, 0x0, 0x0, 0x0,
    0x0, 0x9, 0xf9, 0x0, 0x0, 0x0, 0x0, 0x0,
    0x6f, 0x60, 0x0, 0x0, 0x0, 0x0, 0x6, 0xf6,
    0x0, 0x0, 0x0, 0x0, 0x0, 0x6f, 0x60, 0x0,
    0x0, 0x0, 0x0, 0x6, 0xf6, 0x0, 0x0, 0x0,
    0x0, 0x0, 0x6f, 0x60, 0x0, 0x0, 0x0, 0x0,
    0x6, 0xf6, 0x0, 0x0, 0x0,

    /* U+03A6 "Φ" */
    0x0, 0x0, 0xc, 0xf0, 0x0, 0x0, 0x0, 0x0,
    0x37, 0xef, 0x74, 0x0, 0x0, 0x2, 0xbf, 0xff,
    0xff, 0xfd, 0x30, 0x1, 0xef, 0x70, 0xcf, 0x6,
    0xef, 0x30, 0x9f, 0x70, 0xc, 0xf0, 0x4, 0xfb,
    0xe, 0xf0, 0x0, 0xcf, 0x0, 0xd, 0xf0, 0xfe,
    0x0, 0xc, 0xf0, 0x0, 0xbf, 0x2e, 0xf0, 0x0,
    0xcf, 0x0, 0xd, 0xf0, 0x9f, 0x70, 0xc, 0xf0,
    0x4, 0xfc, 0x1, 0xef, 0x70, 0xcf, 0x5, 0xef,
    0x30, 0x2, 0xcf, 0xff, 0xff, 0xfd, 0x40, 0x0,
    0x0, 0x37, 0xef, 0x84, 0x0, 0x0, 0x0, 0x0,
    0xc, 0xf0, 0x0, 0x0, 0x0,

    /* U+03A7 "Χ" */
    0x8, 0xf6, 0x0, 0x0, 0xc, 0xf2, 0x0, 0xdf,
    0x10, 0x0, 0x7f, 0x70, 0x0, 0x3f, 0xb0, 0x2,
    0xfc, 0x0, 0x0, 0x8, 0xf6, 0xc, 0xf2, 0x0,
    0x0, 0x0, 0xcf, 0x9f, 0x70, 0x0, 0x0, 0x0,
    0x2f, 0xfc, 0x0, 0x0, 0x0, 0x0, 0x2f, 0xf7,
    0x0, 0x0, 0x0, 0x0, 0xbf, 0xdf, 0x20, 0x0,
    0x0, 0x6, 0xf7, 0x2f, 0xc0, 0x0, 0x0, 0x2f,
    0xc0, 0x7, 0xf6, 0x0, 0x0, 0xcf, 0x20, 0x0,
    0xcf, 0x20, 0x7, 0xf7, 0x0, 0x0, 0x2f, 0xc0,
    0x2f, 0xc0, 0x0, 0x0, 0x7, 0xf6,

    /* U+03A8 "Ψ" */
    0xfe, 0x0, 0xc, 0xf0, 0x0, 0xbf, 0x2f, 0xe0,
    0x0, 0xcf, 0x0, 0xb, 0xf2, 0xfe, 0x0, 0xc,
    0xf0, 0x0, 0xbf, 0x2f, 0xe0, 0x0, 0xcf, 0x0,
    0xb, 0xf2, 0xef, 0x0, 0xc, 0xf0, 0x0, 0xcf,
    0x1c, 0xf2, 0x0, 0xcf, 0x0, 0xe, 0xe0, 0x7f,
    0x70, 0xc, 0xf0, 0x4, 0xfa, 0x1, 0xef, 0x20,
    0xcf, 0x1, 0xdf, 0x30, 0x4, 0xfe, 0x6d, 0xf5,
    0xdf, 0x70, 0x0, 0x3, 0xdf, 0xff, 0xfe, 0x50,
    0x0, 0x0, 0x0, 0x3d, 0xf3, 0x0, 0x0, 0x0,
    0x0, 0x0, 0xcf, 0x0, 0x0, 0x0, 0x0, 0x0,
    0xc, 0xf0, 0x0, 0x0, 0x0,

    /* U+03A9 "Ω" */
    0x0, 0x1, 0x9d, 0xff, 0xc7, 0x0, 0x0, 0x0,
    0x4f, 0xfb, 0x88, 0xcf, 0xd2, 0x0, 0x2, 0xfe,
    0x30, 0x0, 0x6, 0xfd, 0x0, 0xa, 0xf4, 0x0,
    0x0, 0x0, 0x8f, 0x60, 0xf, 0xd0, 0x0, 0x0,
    0x0, 0x1f, 0xb0, 0x1f, 0xa0, 0x0, 0x0, 0x0,
    0xf, 0xe0, 0x2f, 0xb0, 0x0, 0x0, 0x0, 0xf,
    0xd0, 0xf, 0xd0, 0x0, 0x0, 0x0, 0x1f, 0xc0,
    0xb, 0xf3, 0x0, 0x0, 0x0, 0x7f, 0x70, 0x3,
    0xfc, 0x0, 0x0, 0x1, 0xee, 0x0, 0x0, 0x7f,
    0xa0, 0x0, 0x1c, 0xf3, 0x0, 0x28, 0x8e, 0xfc,
    0x2, 0xef, 0xc8, 0x80, 0x5f, 0xff, 0xff, 0x3,
    0xff, 0xff, 0xf1,

    /* U+03AA "Ϊ" */
    0xfd, 0x8, 0xf4, 0xba, 0x6, 0xc3, 0x0, 0x0,
    0x0, 0x3, 0xf8, 0x0, 0x3, 0xf8, 0x0, 0x3,
    0xf8, 0x0, 0x3, 0xf8, 0x0, 0x3, 0xf8, 0x0,
    0x3, 0xf8, 0x0, 0x3, 0xf8, 0x0, 0x3, 0xf8,
    0x0, 0x3, 0xf8, 0x0, 0x3, 0xf8, 0x0, 0x3,
    0xf8, 0x0, 0x3, 0xf8, 0x0, 0x3, 0xf8, 0x0,

    /* U+03AB "Ϋ" */
    0x0, 0x1, 0xfa, 0xb, 0xf1, 0x0, 0x0, 0x0,
    0x1c, 0x80, 0x8c, 0x10, 0x0, 0x0, 0x0, 0x0,
    0x0, 0x0, 0x0, 0x0, 0xbf, 0x30, 0x0, 0x0,
    0x3f, 0xb0, 0x1, 0xed, 0x0, 0x0, 0xd, 0xe1,
    0x0, 0x5, 0xf9, 0x0, 0x9, 0xf5, 0x0, 0x0,
    0xa, 0xf4, 0x3, 0xfa, 0x0, 0x0, 0x0, 0x1e,
    0xe1, 0xde, 0x10, 0x0, 0x0, 0x0, 0x4f, 0xef,
    0x40, 0x0, 0x0, 0x0, 0x0, 0x9f, 0x90, 0x0,
    0x0, 0x0, 0x0, 0x6, 0xf6, 0x0, 0x0, 0x0,
    0x0, 0x0, 0x6f, 0x60, 0x0, 0x0, 0x0, 0x0,
    0x6, 0xf6, 0x0, 0x0, 0x0, 0x0, 0x0, 0x6f,
    0x60, 0x0, 0x0, 0x0, 0x0, 0x6, 0xf6, 0x0,
    0x0, 0x0, 0x0, 0x0, 0x6f, 0x60, 0x0, 0x0,

    /* U+03AC "ά" */
    0x0, 0x0, 0x3, 0x81, 0x0, 0x0, 0x0, 0x1e,
    0x90, 0x0, 0x0, 0x0, 0xbc, 0x0, 0x0, 0x0,
    0x6, 0xe1, 0x0, 0x0, 0x0, 0x0, 0x0, 0x0,
    0x0, 0x1, 0xae, 0xfb, 0x20, 0xe7, 0x1e, 0xd4,
    0x3c, 0xe5, 0xf2, 0x9f, 0x30, 0x3, 0xfe, 0xd0,
    0xde, 0x0, 0x0, 0xef, 0x70, 0xfc, 0x0, 0x0,
    0xbf, 0x20, 0xfb, 0x0, 0x0, 0xae, 0x0, 0xdd,
    0x0, 0x0, 0xef, 0x0, 0x9f, 0x20, 0x5, 0xff,
    0x40, 0x2f, 0xd4, 0x3e, 0xbe, 0xd5, 0x3, 0xbf,
    0xfb, 0x14, 0xdf,

    /* U+03AD "έ" */
    0x0, 0x0, 0x6, 0x70, 0x0, 0x0, 0x6f, 0x40,
    0x0, 0x3, 0xf4, 0x0, 0x0, 0x6, 0x40, 0x0,
    0x0, 0x0, 0x0, 0x0, 0x4, 0xce, 0xfe, 0xb1,
    0x3f, 0xd7, 0x68, 0xb2, 0x8f, 0x10, 0x0, 0x0,
    0x4f, 0x82, 0x10, 0x0, 0x4, 0xef, 0xf9, 0x0,
    0x3f, 0xb5, 0x42, 0x0, 0xbe, 0x0, 0x0, 0x0,
    0xce, 0x0, 0x0, 0x0, 0x6f, 0xd7, 0x56, 0x97,
    0x4, 0xbe, 0xfe, 0xc4,

    /* U+03AE "ή" */
    0x0, 0x0, 0x0, 0xdc, 0x0, 0x0, 0x0, 0x9e,
    0x10, 0x0, 0x0, 0x4f, 0x30, 0x0, 0x0, 0x6,
    0x40, 0x0, 0x5f, 0x48, 0xef, 0xd6, 0x5, 0xfd,
    0xa4, 0x3b, 0xf3, 0x5f, 0xb0, 0x0, 0xf, 0xa5,
    0xf6, 0x0, 0x0, 0xcc, 0x5f, 0x40, 0x0, 0xb,
    0xd5, 0xf4, 0x0, 0x0, 0xbe, 0x5f, 0x40, 0x0,
    0xb, 0xe5, 0xf4, 0x0, 0x0, 0xbe, 0x5f, 0x40,
    0x0, 0xb, 0xe5, 0xf4, 0x0, 0x0, 0xbe, 0x0,
    0x0, 0x0, 0xb, 0xe0, 0x0, 0x0, 0x0, 0xbe,
    0x0, 0x0, 0x0, 0xb, 0xe0, 0x0, 0x0, 0x0,
    0xbe,

    /* U+03AF "ί" */
    0x0, 0x7, 0x50, 0x9, 0xe1, 0x5, 0xf3, 0x1,
    0xe6, 0x0, 0x0, 0x0, 0x8, 0xf2, 0x0, 0x8f,
    0x20, 0x8, 0xf2, 0x0, 0x8f, 0x20, 0x8, 0xf2,
    0x0, 0x8f, 0x20, 0x8, 0xf2, 0x0, 0x7f, 0x30,
    0x2, 0xfc, 0x62, 0x5, 0xdf, 0x70,

    /* U+03B0 "ΰ" */
    0x0, 0x0, 0x28, 0x30, 0x0, 0x0, 0xd, 0xb0,
    0x0, 0x0, 0xa, 0xc0, 0x0, 0x0, 0x2, 0x70,
    0x0, 0x0, 0xe, 0xe0, 0x7f, 0x50, 0x0, 0xab,
    0x5, 0xc4, 0x0, 0x0, 0x0, 0x0, 0x0, 0x0,
    0x0, 0x0, 0x0, 0x0, 0xbf, 0x0, 0x4, 0xf4,
    0xb, 0xf0, 0x0, 0xb, 0xd0, 0xbf, 0x0, 0x0,
    0x6f, 0x2b, 0xf0, 0x0, 0x4, 0xf5, 0xbf, 0x0,
    0x0, 0x5f, 0x5b, 0xf0, 0x0, 0x7, 0xf3, 0xaf,
    0x0, 0x0, 0xdf, 0x7, 0xf2, 0x0, 0x5f, 0x80,
    0x1f, 0xd7, 0x8f, 0xc0, 0x0, 0x4c, 0xfe, 0x80,
    0x0,

    /* U+03B1 "α" */
    0x1, 0xae, 0xfb, 0x20, 0xe7, 0x1e, 0xd4, 0x3c,
    0xe5, 0xf2, 0x9f, 0x30, 0x3, 0xfe, 0xd0, 0xde,
    0x0, 0x0, 0xef, 0x70, 0xfc, 0x0, 0x0, 0xbf,
    0x20, 0xfb, 0x0, 0x0, 0xae, 0x0, 0xdd, 0x0,
    0x0, 0xef, 0x0, 0x9f, 0x20, 0x5, 0xff, 0x40,
    0x2f, 0xd4, 0x3e, 0xbe, 0xd5, 0x3, 0xbf, 0xfb,
    0x14, 0xdf,

    /* U+03B2 "β" */
    0x0, 0x9e, 0xfd, 0x80, 0x0, 0xa, 0xf9, 0x58,
    0xf9, 0x0, 0x1f, 0xa0, 0x0, 0x8f, 0x0, 0x4f,
    0x60, 0x0, 0x5f, 0x30, 0x4f, 0x50, 0x0, 0x7f,
    0x30, 0x5f, 0x50, 0x0, 0xcf, 0x0, 0x5f, 0x51,
    0x4b, 0xfa, 0x0, 0x5f, 0x58, 0xff, 0xf3, 0x0,
    0x5f, 0x52, 0x57, 0xcf, 0x70, 0x5f, 0x50, 0x0,
    0xb, 0xf1, 0x5f, 0x50, 0x0, 0x7, 0xf2, 0x5f,
    0x80, 0x0, 0xb, 0xf0, 0x5f, 0xfb, 0x66, 0xbf,
    0x90, 0x5f, 0xad, 0xff, 0xd7, 0x0, 0x5f, 0x50,
    0x0, 0x0, 0x0, 0x5f, 0x50, 0x0, 0x0, 0x0,
    0x5f, 0x50, 0x0, 0x0, 0x0, 0x5f, 0x50, 0x0,
    0x0, 0x0,

    /* U+03B3 "γ" */
    0xbe, 0x60, 0x0, 0x0, 0xce, 0x4, 0xbf, 0x20,
    0x0, 0x2f, 0x80, 0x1, 0xf7, 0x0, 0x9, 0xf2,
    0x0, 0xb, 0xd0, 0x0, 0xeb, 0x0, 0x0, 0x6f,
    0x20, 0x5f, 0x50, 0x0, 0x1, 0xf8, 0xc, 0xe0,
    0x0, 0x0, 0xb, 0xd2, 0xf8, 0x0, 0x0, 0x0,
    0x6f, 0xbf, 0x20, 0x0, 0x0, 0x1, 0xff, 0xc0,
    0x0, 0x0, 0x0, 0xb, 0xf6, 0x0, 0x0, 0x0,
    0x0, 0x7f, 0x20, 0x0, 0x0, 0x0, 0x7, 0xf2,
    0x0, 0x0, 0x0, 0x0, 0x7f, 0x20, 0x0, 0x0,
    0x0, 0x7, 0xf2, 0x0, 0x0,

    /* U+03B4 "δ" */
    0x2, 0xae, 0xff, 0xd7, 0x0, 0xd, 0xf7, 0x55,
    0x79, 0x0, 0xf, 0xc0, 0x0, 0x0, 0x0, 0x8,
    0xfe, 0x95, 0x10, 0x0, 0x3, 0xd5, 0x6b, 0xf6,
    0x0, 0x3f, 0x40, 0x0, 0x7f, 0x50, 0xbe, 0x0,
    0x0, 0xe, 0xc0, 0xfb, 0x0, 0x0, 0xc, 0xf0,
    0xfc, 0x0, 0x0, 0xc, 0xf0, 0xde, 0x0, 0x0,
    0xe, 0xe0, 0x8f, 0x60, 0x0, 0x6f, 0x90, 0x1d,
    0xf9, 0x69, 0xfe, 0x10, 0x1, 0x9e, 0xfe, 0x91,
    0x0,

    /* U+03B5 "ε" */
    0x4, 0xce, 0xfe, 0xb1, 0x3f, 0xd7, 0x68, 0xb2,
    0x8f, 0x10, 0x0, 0x0, 0x4f, 0x82, 0x10, 0x0,
    0x4, 0xef, 0xf9, 0x0, 0x3f, 0xb5, 0x42, 0x0,
    0xbe, 0x0, 0x0, 0x0, 0xce, 0x0, 0x0, 0x0,
    0x6f, 0xd7, 0x56, 0x97, 0x4, 0xbe, 0xfe, 0xc4,

    /* U+03B6 "ζ" */
    0xb, 0xff, 0xff, 0xff, 0xf0, 0x79, 0x99, 0xbf,
    0xfc, 0x0, 0x0, 0x6f, 0xf6, 0x0, 0x0, 0x8f,
    0xc1, 0x0, 0x0, 0x6f, 0xb0, 0x0, 0x0, 0x2f,
    0xd0, 0x0, 0x0, 0x9, 0xf3, 0x0, 0x0, 0x0,
    0xec, 0x0, 0x0, 0x0, 0xf, 0x90, 0x0, 0x0,
    0x0, 0xfa, 0x0, 0x0, 0x0, 0xe, 0xc0, 0x0,
    0x0, 0x0, 0x9f, 0x50, 0x0, 0x0, 0x1, 0xdf,
    0xa7, 0x41, 0x0, 0x0, 0x7d, 0xff, 0xe3, 0x0,
    0x0, 0x0, 0x1e, 0xb0, 0x0, 0x0, 0x0, 0xbd,
    0x0, 0x0, 0x0, 0x8f, 0x90, 0x0, 0x0, 0xd,
    0xa0,

    /* U+03B7 "η" */
    0x5f, 0x48, 0xef, 0xd6, 0x5, 0xfd, 0xa4, 0x3b,
    0xf3, 0x5f, 0xb0, 0x0, 0xf, 0xa5, 0xf6, 0x0,
    0x0, 0xcc, 0x5f, 0x40, 0x0, 0xb, 0xd5, 0xf4,
    0x0, 0x0, 0xbe, 0x5f, 0x40, 0x0, 0xb, 0xe5,
    0xf4, 0x0, 0x0, 0xbe, 0x5f, 0x40, 0x0, 0xb,
    0xe5, 0xf4, 0x0, 0x0, 0xbe, 0x0, 0x0, 0x0,
    0xb, 0xe0, 0x0, 0x0, 0x0, 0xbe, 0x0, 0x0,
    0x0, 0xb, 0xe0, 0x0, 0x0, 0x0, 0xbe,

    /* U+03B8 "θ" */
    0x0, 0x6d, 0xfd, 0x60, 0x0, 0x8, 0xf9, 0x59,
    0xf8, 0x0, 0x2f, 0x80, 0x0, 0x8f, 0x20, 0x8f,
    0x10, 0x0, 0x2f, 0x80, 0xce, 0x0, 0x0, 0xe,
    0xc0, 0xec, 0x22, 0x22, 0x2c, 0xf0, 0xff, 0xff,
    0xff, 0xff, 0xf0, 0xfd, 0x55, 0x55, 0x5c, 0xf0,
    0xec, 0x0, 0x0, 0xc, 0xf0, 0xce, 0x0, 0x0,
    0xe, 0xc0, 0x8f, 0x20, 0x0, 0x2f, 0x80, 0x2f,
    0xa0, 0x0, 0x9f, 0x20, 0x7, 0xfa, 0x59, 0xf8,
    0x0, 0x0, 0x6d, 0xfd, 0x60, 0x0,

    /* U+03B9 "ι" */
    0x8f, 0x20, 0x8, 0xf2, 0x0, 0x8f, 0x20, 0x8,
    0xf2, 0x0, 0x8f, 0x20, 0x8, 0xf2, 0x0, 0x8f,
    0x20, 0x7, 0xf3, 0x0, 0x2f, 0xc6, 0x20, 0x5d,
    0xf7,

    /* U+03BA "κ" */
    0x5f, 0x50, 0x1, 0xde, 0x20, 0x5f, 0x50, 0x1d,
    0xe2, 0x0, 0x5f, 0x51, 0xdd, 0x10, 0x0, 0x5f,
    0x7d, 0xe1, 0x0, 0x0, 0x5f, 0xff, 0xf3, 0x0,
    0x0, 0x5f, 0xc2, 0xed, 0x0, 0x0, 0x5f, 0x50,
    0x4f, 0xa0, 0x0, 0x5f, 0x50, 0x9, 0xf5, 0x0,
    0x5f, 0x50, 0x0, 0xdf, 0x20, 0x5f, 0x50, 0x0,
    0x3f, 0xc0,

    /* U+03BB "λ" */
    0x0, 0xff, 0xa0, 0x0, 0x0, 0x0, 0x5, 0x9f,
    0x80, 0x0, 0x0, 0x0, 0x0, 0xce, 0x0, 0x0,
    0x0, 0x0, 0x6, 0xf4, 0x0, 0x0, 0x0, 0x0,
    0x4f, 0xa0, 0x0, 0x0, 0x0, 0xa, 0xff, 0x0,
    0x0, 0x0, 0x2, 0xfe, 0xf6, 0x0, 0x0, 0x0,
    0x9f, 0x3f, 0xb0, 0x0, 0x0, 0x1f, 0xb0, 0xaf,
    0x10, 0x0, 0x7, 0xf4, 0x4, 0xf7, 0x0, 0x0,
    0xed, 0x0, 0xe, 0xd0, 0x0, 0x5f, 0x60, 0x0,
    0x8f, 0x30, 0xc, 0xe0, 0x0, 0x2, 0xf8, 0x3,
    0xf7, 0x0, 0x0, 0xc, 0xe0,

    /* U+03BC "μ" */
    0x7f, 0x20, 0x0, 0xd, 0xc0, 0x7, 0xf2, 0x0,
    0x0, 0xdc, 0x0, 0x7f, 0x20, 0x0, 0xd, 0xc0,
    0x7, 0xf2, 0x0, 0x0, 0xdc, 0x0, 0x7f, 0x20,
    0x0, 0xd, 0xc0, 0x7, 0xf2, 0x0, 0x0, 0xdc,
    0x0, 0x7f, 0x30, 0x0, 0xf, 0xc0, 0x7, 0xf7,
    0x0, 0x4, 0xfc, 0x0, 0x7f, 0xf9, 0x69, 0xfe,
    0xf8, 0x7, 0xf5, 0xcf, 0xe6, 0x5f, 0xd0, 0x7f,
    0x20, 0x0, 0x0, 0x0, 0x7, 0xf2, 0x0, 0x0,
    0x0, 0x0, 0x7f, 0x20, 0x0, 0x0, 0x0, 0x7,
    0xf2, 0x0, 0x0, 0x0, 0x0,

    /* U+03BD "ν" */
    0x3f, 0x80, 0x0, 0x7f, 0x20, 0xe, 0xd0, 0x0,
    0xe, 0xa0, 0x9, 0xf2, 0x0, 0x9, 0xf0, 0x4,
    0xf7, 0x0, 0x7, 0xf3, 0x0, 0xfc, 0x0, 0xa,
    0xf1, 0x0, 0xbf, 0x10, 0x1f, 0xd0, 0x0, 0x6f,
    0x50, 0xaf, 0x40, 0x0, 0x1f, 0xa5, 0xf8, 0x0,
    0x0, 0xc, 0xff, 0xb0, 0x0, 0x0, 0x7, 0xfc,
    0x0, 0x0,

    /* U+03BE "ξ" */
    0x7, 0xff, 0xff, 0xff, 0x70, 0x4, 0xaf, 0xfe,
    0xba, 0x40, 0x0, 0xce, 0x50, 0x0, 0x0, 0x6,
    0xf4, 0x0, 0x0, 0x0, 0x9, 0xf0, 0x0, 0x0,
    0x0, 0x7, 0xf2, 0x0, 0x0, 0x0, 0x1, 0xee,
    0x74, 0x21, 0x0, 0x0, 0x2c, 0xff, 0xf9, 0x0,
    0x2, 0xcf, 0xa7, 0x52, 0x0, 0xc, 0xe2, 0x0,
    0x0, 0x0, 0xf, 0x90, 0x0, 0x0, 0x0, 0xe,
    0xd1, 0x0, 0x0, 0x0, 0x6, 0xfe, 0x97, 0x52,
    0x0, 0x0, 0x3a, 0xdf, 0xff, 0x50, 0x0, 0x0,
    0x0, 0xc, 0xd0, 0x0, 0x0, 0x0, 0x9, 0xf0,
    0x0, 0x0, 0x0, 0x7f, 0xb0, 0x0, 0x0, 0x0,
    0xbb, 0x10,

    /* U+03BF "ο" */
    0x1, 0x9e, 0xfe, 0x91, 0x0, 0xd, 0xf9, 0x69,
    0xfd, 0x10, 0x8f, 0x60, 0x0, 0x6f, 0x80, 0xde,
    0x0, 0x0, 0xe, 0xd0, 0xfc, 0x0, 0x0, 0xc,
    0xf0, 0xfc, 0x0, 0x0, 0xc, 0xf0, 0xde, 0x0,
    0x0, 0xe, 0xd0, 0x8f, 0x60, 0x0, 0x6f, 0x80,
    0xd, 0xf9, 0x69, 0xfd, 0x10, 0x1, 0x9e, 0xfe,
    0x91, 0x0,

    /* U+03C0 "π" */
    0x5f, 0xff, 0xff, 0xff, 0xff, 0x13, 0xaf, 0xd9,
    0x99, 0xef, 0x90, 0x1, 0xf9, 0x0, 0xd, 0xd0,
    0x0, 0x1f, 0x90, 0x0, 0xdd, 0x0, 0x1, 0xf9,
    0x0, 0xd, 0xd0, 0x0, 0x1f, 0x90, 0x0, 0xdd,
    0x0, 0x1, 0xf9, 0x0, 0xd, 0xd0, 0x0, 0x1f,
    0x90, 0x0, 0xcd, 0x0, 0x1, 0xf9, 0x0, 0xb,
    0xf6, 0x10, 0x1f, 0x90, 0x0, 0x4e, 0xf5,

    /* U+03C1 "ρ" */
    0x0, 0x2c, 0xff, 0xd5, 0x0, 0x2, 0xfd, 0x77,
    0xdf, 0x50, 0xc, 0xe1, 0x0, 0xd, 0xe0, 0x2f,
    0x70, 0x0, 0x7, 0xf4, 0x4f, 0x50, 0x0, 0x4,
    0xf6, 0x5f, 0x50, 0x0, 0x4, 0xf6, 0x5f, 0x70,
    0x0, 0x7, 0xf4, 0x5f, 0xe0, 0x0, 0xd, 0xe0,
    0x5f, 0xdd, 0x77, 0xdf, 0x50, 0x5f, 0x48, 0xef,
    0xd5, 0x0, 0x5f, 0x40, 0x0, 0x0, 0x0, 0x5f,
    0x40, 0x0, 0x0, 0x0, 0x5f, 0x40, 0x0, 0x0,
    0x0, 0x5f, 0x40, 0x0, 0x0, 0x0,

    /* U+03C2 "ς" */
    0x0, 0x7d, 0xff, 0xc6, 0xc, 0xfb, 0x76, 0x9b,
    0x7f, 0x80, 0x0, 0x0, 0xde, 0x0, 0x0, 0x0,
    0xfc, 0x0, 0x0, 0x0, 0xfc, 0x0, 0x0, 0x0,
    0xde, 0x0, 0x0, 0x0, 0x7f, 0x80, 0x0, 0x0,
    0xc, 0xfb, 0x74, 0x0, 0x0, 0x7d, 0xff, 0xc0,
    0x0, 0x0, 0x4, 0xf6, 0x0, 0x0, 0x0, 0xf8,
    0x0, 0x0, 0x1b, 0xf4, 0x0, 0x0, 0x3e, 0x70,

    /* U+03C3 "σ" */
    0x2, 0xae, 0xff, 0xff, 0xfe, 0x1e, 0xf8, 0x57,
    0xff, 0xa8, 0x9f, 0x50, 0x0, 0x5f, 0x80, 0xde,
    0x0, 0x0, 0xe, 0xd0, 0xfc, 0x0, 0x0, 0xb,
    0xf0, 0xfc, 0x0, 0x0, 0xc, 0xf0, 0xde, 0x0,
    0x0, 0xe, 0xd0, 0x7f, 0x60, 0x0, 0x6f, 0x80,
    0xd, 0xf9, 0x69, 0xfd, 0x0, 0x1, 0x9e, 0xfe,
    0x91, 0x0,

    /* U+03C4 "τ" */
    0x2f, 0xff, 0xff, 0xff, 0xff, 0x19, 0x99, 0xcf,
    0xb9, 0x99, 0x0, 0x0, 0x6f, 0x30, 0x0, 0x0,
    0x0, 0x6f, 0x30, 0x0, 0x0, 0x0, 0x6f, 0x30,
    0x0, 0x0, 0x0, 0x6f, 0x30, 0x0, 0x0, 0x0,
    0x6f, 0x30, 0x0, 0x0, 0x0, 0x5f, 0x50, 0x0,
    0x0, 0x0, 0x1f, 0xd6, 0x30, 0x0, 0x0, 0x4,
    0xcf, 0x90,

    /* U+03C5 "υ" */
    0xbf, 0x0, 0x4, 0xf4, 0xb, 0xf0, 0x0, 0xb,
    0xd0, 0xbf, 0x0, 0x0, 0x6f, 0x2b, 0xf0, 0x0,
    0x4, 0xf5, 0xbf, 0x0, 0x0, 0x5f, 0x5b, 0xf0,
    0x0, 0x7, 0xf3, 0xaf, 0x0, 0x0, 0xdf, 0x7,
    0xf2, 0x0, 0x5f, 0x80, 0x1f, 0xd7, 0x8f, 0xc0,
    0x0, 0x4c, 0xfe, 0x80, 0x0,

    /* U+03C6 "φ" */
    0x0, 0x1a, 0x73, 0xdf, 0xa1, 0x0, 0x1e, 0xf4,
    0xbe, 0x8f, 0xd0, 0x9, 0xf6, 0xd, 0xb0, 0x7f,
    0x70, 0xee, 0x0, 0xeb, 0x1, 0xfb, 0xf, 0xb0,
    0xe, 0xb0, 0xe, 0xd0, 0xfc, 0x0, 0xeb, 0x0,
    0xec, 0xd, 0xe0, 0xe, 0xb0, 0x1f, 0xa0, 0x8f,
    0x60, 0xeb, 0x8, 0xf5, 0x1, 0xdf, 0x9f, 0xdb,
    0xfb, 0x0, 0x1, 0xae, 0xff, 0xe8, 0x0, 0x0,
    0x0, 0xe, 0xb0, 0x0, 0x0, 0x0, 0x0, 0xeb,
    0x0, 0x0, 0x0, 0x0, 0xe, 0xb0, 0x0, 0x0,
    0x0, 0x0, 0xeb, 0x0, 0x0,

    /* U+03C7 "χ" */
    0x7f, 0xc3, 0x0, 0x4, 0xf9, 0x26, 0xee, 0x0,
    0xd, 0xf1, 0x0, 0x4f, 0x50, 0x5f, 0x80, 0x0,
    0xe, 0xb0, 0xee, 0x10, 0x0, 0x8, 0xf8, 0xf7,
    0x0, 0x0, 0x2, 0xff, 0xe0, 0x0, 0x0, 0x0,
    0xcf, 0x60, 0x0, 0x0, 0x1, 0xff, 0x30, 0x0,
    0x0, 0x9, 0xff, 0x90, 0x0, 0x0, 0x1f, 0xda,
    0xe0, 0x0, 0x0, 0xaf, 0x44, 0xf5, 0x0, 0x2,
    0xfc, 0x0, 0xeb, 0x0, 0xb, 0xf3, 0x0, 0x8f,
    0x95, 0x3f, 0xb0, 0x0, 0x9, 0xed,

    /* U+03C8 "ψ" */
    0xf, 0xa0, 0xe, 0xb0, 0xc, 0xd0, 0xfa, 0x0,
    0xeb, 0x0, 0xcd, 0xf, 0xa0, 0xe, 0xb0, 0xc,
    0xd0, 0xfa, 0x0, 0xeb, 0x0, 0xcd, 0xf, 0xa0,
    0xe, 0xb0, 0xc, 0xd0, 0xfa, 0x0, 0xeb, 0x0,
    0xcd, 0xf, 0xb0, 0xe, 0xb0, 0xe, 0xc0, 0xce,
    0x0, 0xeb, 0x2, 0xfa, 0x5, 0xfc, 0x4e, 0xc5,
    0xdf, 0x30, 0x6, 0xef, 0xff, 0xfd, 0x40, 0x0,
    0x0, 0x3e, 0xc2, 0x0, 0x0, 0x0, 0x0, 0xeb,
    0x0, 0x0, 0x0, 0x0, 0xe, 0xb0, 0x0, 0x0,
    0x0, 0x0, 0xeb, 0x0, 0x0,

    /* U+03C9 "ω" */
    0xa, 0xf1, 0x0, 0x0, 0x1, 0xfb, 0x1, 0xfb,
    0x0, 0x0, 0x0, 0xa, 0xf2, 0x6f, 0x60, 0x0,
    0x0, 0x0, 0x5f, 0x7a, 0xf2, 0x0, 0x0, 0x0,
    0x2, 0xfb, 0xcf, 0x0, 0x4, 0xf4, 0x0, 0xf,
    0xdc, 0xf1, 0x0, 0x4f, 0x50, 0x0, 0xfc, 0xaf,
    0x20, 0x6, 0xf7, 0x0, 0x2f, 0xb7, 0xf7, 0x0,
    0xbe, 0xb0, 0x7, 0xf7, 0x1e, 0xf7, 0x8f, 0x5f,
    0x87, 0xff, 0x10, 0x3c, 0xfe, 0x60, 0x6e, 0xfc,
    0x30,

    /* U+2070 "⁰" */
    0x1, 0xbd, 0xd5, 0x0, 0xb8, 0x2, 0xf1, 0x1f,
    0x10, 0xb, 0x62, 0xf0, 0x0, 0x98, 0x2f, 0x0,
    0x9, 0x81, 0xf1, 0x0, 0xb6, 0xb, 0x70, 0x2f,
    0x10, 0x1b, 0xdd, 0x50,

    /* U+2074 "⁴" */
    0x0, 0x5, 0xf7, 0x0, 0x1, 0xcd, 0x70, 0x0,
    0xb3, 0xd7, 0x0, 0x78, 0xd, 0x70, 0x3c, 0x0,
    0xd7, 0x7, 0xff, 0xff, 0xf9, 0x0, 0x0, 0xd7,
    0x0, 0x0, 0xd, 0x70,

    /* U+2075 "⁵" */
    0xc, 0xee, 0xea, 0x0, 0xc4, 0x0, 0x0, 0xc,
    0x40, 0x0, 0x0, 0xce, 0xeb, 0x30, 0x2, 0x0,
    0x5f, 0x10, 0x0, 0x0, 0xd4, 0x1, 0x0, 0x4f,
    0x21, 0xcd, 0xdc, 0x40,

    /* U+2076 "⁶" */
    0x0, 0x7e, 0xed, 0x10, 0x7c, 0x10, 0x10, 0xe,
    0x30, 0x0, 0x1, 0xf7, 0xcc, 0x70, 0x2f, 0x80,
    0x1d, 0x60, 0xf3, 0x0, 0x89, 0xa, 0x70, 0xc,
    0x60, 0x1b, 0xdd, 0x80,

    /* U+2077 "⁷" */
    0xe, 0xee, 0xef, 0x40, 0x0, 0x4, 0xe0, 0x0,
    0x0, 0xa8, 0x0, 0x0, 0x1f, 0x20, 0x0, 0x7,
    0xb0, 0x0, 0x0, 0xd5, 0x0, 0x0, 0x4e, 0x0,
    0x0, 0xa, 0x80, 0x0,

    /* U+2078 "⁸" */
    0x3, 0xcc, 0xd8, 0x0, 0xe4, 0x0, 0xe4, 0xe,
    0x60, 0x1e, 0x30, 0x3e, 0xef, 0x60, 0xb, 0x50,
    0x1d, 0x42, 0xf0, 0x0, 0x98, 0x1f, 0x40, 0x1d,
    0x50, 0x4c, 0xdd, 0x80,

    /* U+2079 "⁹" */
    0x4, 0xcd, 0xc4, 0x1, 0xf3, 0x2, 0xe0, 0x3e,
    0x0, 0xd, 0x51, 0xe4, 0x3, 0xf7, 0x3, 0xbc,
    0xab, 0x70, 0x0, 0x0, 0xd4, 0x1, 0x0, 0x7d,
    0x0, 0x9e, 0xeb, 0x10,

    /* U+2080 "₀" */
    0x1, 0xbd, 0xd5, 0x0, 0xb8, 0x2, 0xf1, 0x1f,
    0x10, 0xb, 0x62, 0xf0, 0x0, 0x98, 0x2f, 0x0,
    0x9, 0x81, 0xf1, 0x0, 0xb6, 0xb, 0x80, 0x2f,
    0x10, 0x1b, 0xdd, 0x50,

    /* U+2081 "₁" */
    0x8d, 0xf7, 0x0, 0x53, 0xd7, 0x0, 0x0, 0xd7,
    0x0, 0x0, 0xd7, 0x0, 0x0, 0xd7, 0x0, 0x0,
    0xd7, 0x0, 0x0, 0xd7, 0x0, 0xaf, 0xff, 0xf3,

    /* U+2082 "₂" */
    0x1a, 0xef, 0xb2, 0x1, 0x61, 0x1b, 0xd0, 0x0,
    0x0, 0x6f, 0x0, 0x0, 0xd, 0x80, 0x0, 0xa,
    0xc0, 0x0, 0xa, 0xc1, 0x0, 0xa, 0xc2, 0x11,
    0x2, 0xff, 0xff, 0xf1,

    /* U+2083 "₃" */
    0xa, 0xef, 0xd4, 0x0, 0x31, 0x8, 0xf0, 0x0,
    0x0, 0x6f, 0x0, 0xa, 0xff, 0x40, 0x0, 0x12,
    0x9d, 0x0, 0x0, 0x1, 0xf3, 0x14, 0x11, 0x8f,
    0x11, 0xcf, 0xfc, 0x40,

    /* U+2084 "₄" */
    0x0, 0x5, 0xf7, 0x0, 0x1, 0xdd, 0x70, 0x0,
    0xb4, 0xd7, 0x0, 0x69, 0xd, 0x70, 0x2c, 0x0,
    0xd7, 0x7, 0xfe, 0xef, 0xf9, 0x1, 0x11, 0xd8,
    0x10, 0x0, 0xd, 0x70,

    /* U+2085 "₅" */
    0xc, 0xee, 0xea, 0x0, 0xc4, 0x0, 0x0, 0xc,
    0x40, 0x0, 0x0, 0xce, 0xeb, 0x30, 0x2, 0x0,
    0x5f, 0x10, 0x0, 0x0, 0xd4, 0x2, 0x0, 0x4f,
    0x21, 0xce, 0xec, 0x40,

    /* U+2086 "₆" */
    0x0, 0x7e, 0xed, 0x10, 0x7c, 0x10, 0x10, 0xe,
    0x30, 0x0, 0x1, 0xf7, 0xcc, 0x70, 0x2f, 0x80,
    0x1d, 0x50, 0xf3, 0x0, 0x89, 0xa, 0x80, 0xd,
    0x60, 0x1b, 0xdd, 0x80,

    /* U+2087 "₇" */
    0xe, 0xee, 0xef, 0x50, 0x0, 0x3, 0xe0, 0x0,
    0x0, 0xa8, 0x0, 0x0, 0x1f, 0x20, 0x0, 0x7,
    0xb0, 0x0, 0x0, 0xd5, 0x0, 0x0, 0x4e, 0x0,
    0x0, 0xa, 0x80, 0x0,

    /* U+2088 "₈" */
    0x3, 0xcd, 0xd8, 0x0, 0xe5, 0x0, 0xe4, 0xe,
    0x60, 0x1e, 0x20, 0x3e, 0xef, 0x70, 0xb, 0x50,
    0x1d, 0x42, 0xf0, 0x0, 0x98, 0x1f, 0x40, 0x1d,
    0x50, 0x4d, 0xdd, 0x80,

    /* U+2089 "₉" */
    0x4, 0xcd, 0xd4, 0x1, 0xf3, 0x2, 0xe0, 0x3e,
    0x0, 0xd, 0x51, 0xe4, 0x3, 0xf7, 0x3, 0xbc,
    0xab, 0x70, 0x0, 0x0, 0xd4, 0x2, 0x0, 0x8d,
    0x0, 0x8e, 0xeb, 0x10,

    /* U+2190 "←" */
    0x0, 0x0, 0x40, 0x0, 0x0, 0x0, 0x0, 0x0,
    0x0, 0xbf, 0x20, 0x0, 0x0, 0x0, 0x0, 0x0,
    0xbf, 0x60, 0x0, 0x0, 0x0, 0x0, 0x0, 0xbf,
    0xc7, 0x77, 0x77, 0x77, 0x77, 0x70, 0x1f, 0xff,
    0xff, 0xff, 0xff, 0xff, 0xff, 0x0, 0x5f, 0xc1,
    0x0, 0x0, 0x0, 0x0, 0x0, 0x0, 0x5f, 0xb0,
    0x0, 0x0, 0x0, 0x0, 0x0, 0x0, 0x5d, 0x10,
    0x0, 0x0, 0x0, 0x0, 0x0, 0x0, 0x0, 0x0,
    0x0, 0x0, 0x0, 0x0,

    /* U+2191 "↑" */
    0x0, 0x0, 0x20, 0x0, 0x0, 0x0, 0x8f, 0x90,
    0x0, 0x0, 0x8f, 0xff, 0x90, 0x0, 0x8f, 0xbf,
    0xbf, 0x90, 0x1e, 0x93, 0xf4, 0x8f, 0x20, 0x10,
    0x3f, 0x40, 0x10, 0x0, 0x3, 0xf4, 0x0, 0x0,
    0x0, 0x3f, 0x40, 0x0, 0x0, 0x3, 0xf4, 0x0,
    0x0, 0x0, 0x3f, 0x40, 0x0, 0x0, 0x3, 0xf4,
    0x0, 0x0, 0x0, 0x3f, 0x40, 0x0, 0x0, 0x3,
    0xf4, 0x0, 0x0, 0x0, 0x3f, 0x40, 0x0,

    /* U+2192 "→" */
    0x0, 0x0, 0x0, 0x0, 0x4, 0x0, 0x0, 0x0,
    0x0, 0x0, 0x0, 0x1f, 0xc0, 0x0, 0x0, 0x0,
    0x0, 0x0, 0x5, 0xfc, 0x0, 0x77, 0x77, 0x77,
    0x77, 0x77, 0xbf, 0xc0, 0xff, 0xff, 0xff, 0xff,
    0xff, 0xff, 0xf2, 0x0, 0x0, 0x0, 0x0, 0x1,
    0xbf, 0x60, 0x0, 0x0, 0x0, 0x0, 0xa, 0xf6,
    0x0, 0x0, 0x0, 0x0, 0x0, 0x1c, 0x60, 0x0,
    0x0, 0x0, 0x0, 0x0, 0x0, 0x0, 0x0,

    /* U+2193 "↓" */
    0x0, 0x0, 0x20, 0x0, 0x0, 0x0, 0x3f, 0x40,
    0x0, 0x0, 0x3, 0xf4, 0x0, 0x0, 0x0, 0x3f,
    0x40, 0x0, 0x0, 0x3, 0xf4, 0x0, 0x0, 0x0,
    0x3f, 0x40, 0x0, 0x0, 0x3, 0xf4, 0x0, 0x0,
    0x0, 0x3f, 0x40, 0x0, 0x0, 0x3, 0xf4, 0x0,
    0x0, 0x30, 0x3f, 0x40, 0x30, 0x1f, 0xa3, 0xf4,
    0x9f, 0x20, 0x6f, 0xdf, 0xdf, 0x70, 0x0, 0x6f,
    0xff, 0x70, 0x0, 0x0, 0x6f, 0x70, 0x0, 0x0,
    0x0, 0x0, 0x0, 0x0,

    /* U+2194 "↔" */
    0x0, 0x0, 0x40, 0x0, 0x0, 0x40, 0x0, 0x0,
    0x0, 0xbf, 0x20, 0x0, 0x1f, 0xc0, 0x0, 0x0,
    0xbf, 0x60, 0x0, 0x0, 0x5f, 0xc0, 0x0, 0xbf,
    0xc7, 0x77, 0x77, 0x77, 0xbf, 0xc0, 0x1f, 0xff,
    0xff, 0xff, 0xff, 0xff, 0xff, 0x20, 0x5f, 0xc1,
    0x0, 0x0, 0x1, 0xbf, 0x60, 0x0, 0x5f, 0xc0,
    0x0, 0x0, 0xbf, 0x60, 0x0, 0x0, 0x5d, 0x10,
    0x0, 0x1d, 0x60, 0x0, 0x0, 0x0, 0x0, 0x0,
    0x0, 0x0, 0x0, 0x0,

    /* U+2195 "↕" */
    0x0, 0x0, 0x20, 0x0, 0x0, 0x0, 0x8f, 0x90,
    0x0, 0x0, 0x8f, 0xff, 0x90, 0x0, 0x8f, 0xbf,
    0xbf, 0x90, 0x1e, 0x93, 0xf4, 0x8f, 0x20, 0x10,
    0x3f, 0x40, 0x10, 0x0, 0x3, 0xf4, 0x0, 0x0,
    0x0, 0x3f, 0x40, 0x0, 0x0, 0x3, 0xf4, 0x0,
    0x0, 0x20, 0x3f, 0x40, 0x20, 0x1e, 0x93, 0xf4,
    0x8f, 0x20, 0x8f, 0xcf, 0xcf, 0x90, 0x0, 0x8f,
    0xff, 0x90, 0x0, 0x0, 0x8f, 0x90, 0x0, 0x0,
    0x0, 0x20, 0x0, 0x0,

    /* U+2196 "↖" */
    0x18, 0x88, 0x88, 0x0, 0x0, 0x7, 0xff, 0xff,
    0xe0, 0x0, 0x0, 0x7f, 0xf9, 0x0, 0x0, 0x0,
    0x7, 0xf8, 0xf9, 0x0, 0x0, 0x0, 0x7f, 0x7,
    0xf9, 0x0, 0x0, 0x6, 0xe0, 0x7, 0xf9, 0x0,
    0x0, 0x0, 0x0, 0x7, 0xf9, 0x0, 0x0, 0x0,
    0x0, 0x7, 0xf9, 0x0, 0x0, 0x0, 0x0, 0x7,
    0xf9, 0x0, 0x0, 0x0, 0x0, 0x8, 0xf6, 0x0,
    0x0, 0x0, 0x0, 0x5, 0x0,

    /* U+2197 "↗" */
    0x0, 0x0, 0x7, 0x88, 0x88, 0x20, 0x0, 0x0,
    0xdf, 0xff, 0xf8, 0x0, 0x0, 0x0, 0x8, 0xff,
    0x90, 0x0, 0x0, 0x8, 0xf9, 0xe9, 0x0, 0x0,
    0x8, 0xf9, 0xe, 0x90, 0x0, 0x8, 0xf9, 0x0,
    0xd8, 0x0, 0x8, 0xf9, 0x0, 0x0, 0x0, 0x8,
    0xf9, 0x0, 0x0, 0x0, 0x8, 0xf9, 0x0, 0x0,
    0x0, 0x4, 0xf9, 0x0, 0x0, 0x0, 0x0, 0x5,
    0x0, 0x0, 0x0, 0x0, 0x0,

    /* U+2198 "↘" */
    0x5, 0x0, 0x0, 0x0, 0x0, 0x4, 0xf9, 0x0,
    0x0, 0x0, 0x0, 0x8, 0xf9, 0x0, 0x0, 0x0,
    0x0, 0x8, 0xf9, 0x0, 0x0, 0x0, 0x0, 0x8,
    0xf9, 0x0, 0x0, 0x0, 0x0, 0x8, 0xf9, 0x0,
    0xd8, 0x0, 0x0, 0x8, 0xf9, 0xe, 0x90, 0x0,
    0x0, 0x8, 0xf9, 0xe9, 0x0, 0x0, 0x0, 0x8,
    0xff, 0x90, 0x0, 0x0, 0xdf, 0xff, 0xf8, 0x0,
    0x0, 0x7, 0x88, 0x88, 0x20,

    /* U+2199 "↙" */
    0x0, 0x0, 0x0, 0x0, 0x5, 0x0, 0x0, 0x0,
    0x0, 0x7, 0xf6, 0x0, 0x0, 0x0, 0x7, 0xf9,
    0x0, 0x0, 0x0, 0x7, 0xf9, 0x0, 0x0, 0x0,
    0x7, 0xf9, 0x0, 0x6, 0xe0, 0x7, 0xf9, 0x0,
    0x0, 0x7f, 0x7, 0xf9, 0x0, 0x0, 0x7, 0xf8,
    0xf9, 0x0, 0x0, 0x0, 0x7f, 0xf9, 0x0, 0x0,
    0x0, 0x7, 0xff, 0xff, 0xe0, 0x0, 0x0, 0x18,
    0x88, 0x88, 0x0, 0x0, 0x0,

    /* U+219A "↚" */
    0x0, 0x0, 0x40, 0x0, 0x0, 0x40, 0x0, 0x0,
    0x0, 0xbf, 0x20, 0x0, 0x2f, 0x80, 0x0, 0x0,
    0xbf, 0x60, 0x0, 0xa, 0xf1, 0x0, 0x0, 0xbf,
    0xc7, 0x77, 0x78, 0xfc, 0x77, 0x70, 0x1f, 0xff,
    0xff, 0xff, 0xff, 0xff, 0xff, 0x0, 0x5f, 0xc1,
    0x0, 0x7f, 0x50, 0x0, 0x0, 0x0, 0x5f, 0xb0,
    0x1e, 0xb0, 0x0, 0x0, 0x0, 0x0, 0x5d, 0x13,
    0xd2, 0x0, 0x0, 0x0, 0x0, 0x0, 0x0, 0x0,
    0x0, 0x0, 0x0, 0x0,

    /* U+219B "↛" */
    0x0, 0x0, 0x0, 0x40, 0x4, 0x0, 0x0, 0x0,
    0x0, 0x5, 0xf5, 0x1f, 0xc0, 0x0, 0x0, 0x0,
    0xd, 0xd0, 0x5, 0xfc, 0x0, 0x77, 0x77, 0xaf,
    0xa7, 0x77, 0xbf, 0xc0, 0xff, 0xff, 0xff, 0xff,
    0xff, 0xff, 0xf2, 0x0, 0xa, 0xf2, 0x0, 0x1,
    0xbf, 0x60, 0x0, 0x3f, 0x80, 0x0, 0xa, 0xf6,
    0x0, 0x0, 0x5d, 0x0, 0x0, 0x1c, 0x60, 0x0,
    0x0, 0x0, 0x0, 0x0, 0x0, 0x0, 0x0,

    /* U+219C "↜" */
    0x17, 0x77, 0x76, 0x0, 0x0, 0x79, 0x70, 0x8,
    0xff, 0xff, 0xe0, 0x2, 0xef, 0xff, 0xd2, 0x9f,
    0xf7, 0x0, 0x0, 0xce, 0x20, 0x3e, 0xa9, 0xea,
    0xf7, 0x0, 0x9f, 0x40, 0x0, 0x20, 0x9e, 0xa,
    0xff, 0xff, 0x80, 0x0, 0x0, 0x8, 0xe0, 0x4,
    0x99, 0x40, 0x0, 0x0, 0x0,

    /* U+219D "↝" */
    0x0, 0x79, 0x71, 0x0, 0x6, 0x77, 0x77, 0x12,
    0xdf, 0xff, 0xe2, 0x0, 0xef, 0xff, 0xf9, 0xae,
    0x30, 0x2e, 0xc0, 0x0, 0x7, 0xff, 0x90, 0x20,
    0x0, 0x4f, 0x90, 0x7, 0xfa, 0xe9, 0x0, 0x0,
    0x0, 0x8f, 0xff, 0xfa, 0xe, 0x90, 0x0, 0x0,
    0x0, 0x49, 0x94, 0x0, 0xe9,

    /* U+219E "↞" */
    0x0, 0x0, 0x40, 0x0, 0x40, 0x0, 0x0, 0x0,
    0x0, 0xbf, 0x20, 0x8f, 0x50, 0x0, 0x0, 0x0,
    0xbf, 0x60, 0x8f, 0x90, 0x0, 0x0, 0x0, 0xbf,
    0xc7, 0x9f, 0xe7, 0x77, 0x77, 0x70, 0x1f, 0xff,
    0xff, 0xff, 0xff, 0xff, 0xff, 0x0, 0x5f, 0xc1,
    0x3e, 0xe2, 0x0, 0x0, 0x0, 0x0, 0x5f, 0xb0,
    0x2e, 0xd1, 0x0, 0x0, 0x0, 0x0, 0x5d, 0x10,
    0x2d, 0x30, 0x0, 0x0, 0x0, 0x0, 0x0, 0x0,
    0x0, 0x0, 0x0, 0x0,

    /* U+219F "↟" */
    0x0, 0x0, 0x20, 0x0, 0x0, 0x0, 0x8f, 0x90,
    0x0, 0x0, 0x8f, 0xff, 0x90, 0x0, 0x8f, 0xbf,
    0xbf, 0x90, 0x1e, 0x93, 0xf4, 0x7f, 0x20, 0x10,
    0x6f, 0x70, 0x10, 0x0, 0x5f, 0xff, 0x60, 0x0,
    0x5f, 0xdf, 0xef, 0x60, 0x1f, 0xc3, 0xf4, 0xbf,
    0x20, 0x40, 0x3f, 0x40, 0x40, 0x0, 0x3, 0xf4,
    0x0, 0x0, 0x0, 0x3f, 0x40, 0x0, 0x0, 0x3,
    0xf4, 0x0, 0x0, 0x0, 0x3f, 0x40, 0x0,

    /* U+21A0 "↠" */
    0x0, 0x0, 0x4, 0x0, 0x4, 0x0, 0x0, 0x0,
    0x0, 0x4f, 0x90, 0x1f, 0xc0, 0x0, 0x0, 0x0,
    0x8, 0xf9, 0x5, 0xfc, 0x0, 0x77, 0x77, 0x77,
    0xdf, 0xa7, 0xbf, 0xc0, 0xff, 0xff, 0xff, 0xff,
    0xff, 0xff, 0xf2, 0x0, 0x0, 0x2, 0xdf, 0x41,
    0xbf, 0x60, 0x0, 0x0, 0x1d, 0xf3, 0xa, 0xf6,
    0x0, 0x0, 0x0, 0x2d, 0x30, 0x1c, 0x60, 0x0,
    0x0, 0x0, 0x0, 0x0, 0x0, 0x0, 0x0,

    /* U+21A1 "↡" */
    0x0, 0x0, 0x20, 0x0, 0x0, 0x0, 0x1f, 0x60,
    0x0, 0x0, 0x1, 0xf6, 0x0, 0x0, 0x0, 0x1f,
    0x60, 0x0, 0x0, 0x1, 0xf6, 0x0, 0x0, 0x42,
    0x1f, 0x60, 0x60, 0xe, 0xe3, 0xf7, 0xbf, 0x40,
    0x2e, 0xef, 0xef, 0x60, 0x0, 0x2e, 0xff, 0x60,
    0x0, 0x20, 0x3f, 0x80, 0x30, 0xe, 0xc2, 0xf6,
    0x7f, 0x40, 0x4f, 0xdf, 0xdf, 0x90, 0x0, 0x4f,
    0xff, 0x90, 0x0, 0x0, 0x4f, 0x90, 0x0, 0x0,
    0x0, 0x0, 0x0, 0x0,

    /* U+21A2 "↢" */
    0x0, 0x0, 0x40, 0x0, 0x0, 0x0, 0x22, 0x0,
    0x0, 0xbf, 0x20, 0x0, 0x0, 0x2e, 0xc0, 0x0,
    0xbf, 0x60, 0x0, 0x0, 0x2e, 0xe2, 0x0, 0xbf,
    0xc7, 0x77, 0x77, 0x7e, 0xe2, 0x0, 0x1f, 0xff,
    0xff, 0xff, 0xff, 0xf8, 0x0, 0x0, 0x5f, 0xc1,
    0x0, 0x0, 0xa, 0xf7, 0x0, 0x0, 0x5f, 0xc0,
    0x0, 0x0, 0xa, 0xf7, 0x0, 0x0, 0x5d, 0x10,
    0x0, 0x0, 0xa, 0xa0, 0x0, 0x0, 0x0, 0x0,
    0x0, 0x0, 0x0, 0x0,

    /* U+21A3 "↣" */
    0x13, 0x0, 0x0, 0x0, 0x4, 0x0, 0x0, 0xbe,
    0x30, 0x0, 0x0, 0x1f, 0xc0, 0x0, 0x1d, 0xe3,
    0x0, 0x0, 0x5, 0xfc, 0x0, 0x1, 0xde, 0x77,
    0x77, 0x77, 0xbf, 0xc0, 0x0, 0x7f, 0xff, 0xff,
    0xff, 0xff, 0xf2, 0x6, 0xfb, 0x10, 0x0, 0x1,
    0xbf, 0x60, 0x6f, 0xb0, 0x0, 0x0, 0xb, 0xf6,
    0x0, 0x8b, 0x0, 0x0, 0x0, 0x1d, 0x60, 0x0,
    0x0, 0x0, 0x0, 0x0, 0x0, 0x0, 0x0,

    /* U+21A4 "↤" */
    0x0, 0x0, 0x50, 0x0, 0x0, 0x0, 0x38, 0x0,
    0x0, 0xbf, 0x20, 0x0, 0x0, 0x7, 0xf0, 0x0,
    0xbf, 0x50, 0x0, 0x0, 0x0, 0x7f, 0x0, 0xbf,
    0xc7, 0x77, 0x77, 0x77, 0x7b, 0xf0, 0x1f, 0xff,
    0xff, 0xff, 0xff, 0xff, 0xff, 0x0, 0x4f, 0xc1,
    0x0, 0x0, 0x0, 0x7, 0xf0, 0x0, 0x4f, 0xc0,
    0x0, 0x0, 0x0, 0x7f, 0x0, 0x0, 0x4d, 0x10,
    0x0, 0x0, 0x7, 0xf0, 0x0, 0x0, 0x0, 0x0,
    0x0, 0x0, 0x0, 0x0,

    /* U+21A5 "↥" */
    0x0, 0x0, 0x20, 0x0, 0x0, 0x0, 0x6f, 0xb0,
    0x0, 0x0, 0x6f, 0xff, 0xb0, 0x0, 0x5f, 0xbf,
    0xbf, 0xb0, 0xd, 0xb1, 0xf7, 0x5f, 0x40, 0x10,
    0xf, 0x70, 0x10, 0x0, 0x0, 0xf7, 0x0, 0x0,
    0x0, 0xf, 0x70, 0x0, 0x0, 0x0, 0xf7, 0x0,
    0x0, 0x0, 0xf, 0x70, 0x0, 0x0, 0x0, 0xf7,
    0x0, 0x0, 0x0, 0xf, 0x70, 0x0, 0x8, 0x88,
    0xfb, 0x88, 0x31, 0xff, 0xff, 0xff, 0xf7,

    /* U+21A6 "↦" */
    0x74, 0x0, 0x0, 0x0, 0x4, 0x0, 0x0, 0xf8,
    0x0, 0x0, 0x0, 0x1f, 0xc0, 0x0, 0xf8, 0x0,
    0x0, 0x0, 0x4, 0xfc, 0x0, 0xfc, 0x77, 0x77,
    0x77, 0x77, 0xcf, 0xc0, 0xff, 0xff, 0xff, 0xff,
    0xff, 0xff, 0xf2, 0xf8, 0x0, 0x0, 0x0, 0x0,
    0xbf, 0x50, 0xf8, 0x0, 0x0, 0x0, 0xb, 0xf5,
    0x0, 0xf8, 0x0, 0x0, 0x0, 0x1c, 0x50, 0x0,
    0x0, 0x0, 0x0, 0x0, 0x0, 0x0, 0x0,

    /* U+21A7 "↧" */
    0x0, 0x0, 0x0, 0x0, 0x1, 0xff, 0xff, 0xff,
    0xf7, 0x7, 0x77, 0xfb, 0x77, 0x30, 0x0, 0xf,
    0x70, 0x0, 0x0, 0x0, 0xf7, 0x0, 0x0, 0x0,
    0xf, 0x70, 0x0, 0x0, 0x0, 0xf7, 0x0, 0x0,
    0x0, 0xf, 0x70, 0x0, 0x0, 0x0, 0xf7, 0x0,
    0x0, 0x10, 0xf, 0x70, 0x20, 0xd, 0xb1, 0xf7,
    0x6f, 0x40, 0x5f, 0xcf, 0xcf, 0xb0, 0x0, 0x5f,
    0xff, 0xb0, 0x0, 0x0, 0x5f, 0xb0, 0x0, 0x0,
    0x0, 0x10, 0x0, 0x0,

    /* U+21A8 "↨" */
    0x0, 0x0, 0x20, 0x0, 0x0, 0x0, 0x6f, 0xb0,
    0x0, 0x0, 0x6f, 0xff, 0xb0, 0x0, 0x5f, 0xbf,
    0xbf, 0xb0, 0xd, 0xb1, 0xf7, 0x5f, 0x40, 0x10,
    0xf, 0x70, 0x10, 0x0, 0x0, 0xf7, 0x0, 0x0,
    0x0, 0xf, 0x70, 0x0, 0x9, 0x60, 0xf7, 0x2c,
    0x10, 0xaf, 0x7f, 0x9e, 0xe2, 0x0, 0xaf, 0xff,
    0xe2, 0x0, 0x0, 0xaf, 0xe2, 0x0, 0x8, 0x88,
    0xfa, 0x88, 0x31, 0xff, 0xff, 0xff, 0xf7,

    /* U+21A9 "↩" */
    0x0, 0x0, 0x0, 0x0, 0x0, 0x1, 0x0, 0x0,
    0x0, 0x3, 0x0, 0x0, 0x0, 0x9e, 0x30, 0x0,
    0xa, 0xf2, 0x0, 0x0, 0x3, 0xdd, 0x0, 0xa,
    0xf6, 0x0, 0x0, 0x0, 0x7, 0xf0, 0xa, 0xfc,
    0x77, 0x77, 0x77, 0x78, 0xec, 0x1, 0xff, 0xff,
    0xff, 0xff, 0xff, 0xfc, 0x20, 0x5, 0xfc, 0x10,
    0x0, 0x0, 0x0, 0x0, 0x0, 0x5, 0xfc, 0x0,
    0x0, 0x0, 0x0, 0x0, 0x0, 0x5, 0xd1, 0x0,
    0x0, 0x0, 0x0, 0x0, 0x0, 0x0, 0x0, 0x0,
    0x0, 0x0, 0x0,

    /* U+21AA "↪" */
    0x0, 0x10, 0x0, 0x0, 0x0, 0x0, 0x0, 0x2d,
    0xa0, 0x0, 0x0, 0x3, 0x0, 0x0, 0xbe, 0x40,
    0x0, 0x0, 0x1f, 0xb0, 0x0, 0xe9, 0x0, 0x0,
    0x0, 0x5, 0xfb, 0x0, 0xaf, 0x87, 0x77, 0x77,
    0x77, 0xbf, 0xb0, 0x1b, 0xff, 0xff, 0xff, 0xff,
    0xff, 0xf2, 0x0, 0x0, 0x0, 0x0, 0x1, 0xbf,
    0x60, 0x0, 0x0, 0x0, 0x0, 0xa, 0xf6, 0x0,
    0x0, 0x0, 0x0, 0x0, 0x1c, 0x60, 0x0, 0x0,
    0x0, 0x0, 0x0, 0x0, 0x0, 0x0,

    /* U+21AB "↫" */
    0x0, 0x0, 0x0, 0x0, 0x0, 0x1, 0x0, 0x0,
    0x0, 0x3, 0x0, 0x0, 0x4e, 0xfe, 0x30, 0x0,
    0xa, 0xf2, 0x0, 0xe, 0xc5, 0xdd, 0x0, 0xa,
    0xf7, 0x0, 0x2, 0xf4, 0x7, 0xf0, 0xa, 0xfc,
    0x66, 0x66, 0x8f, 0x86, 0xec, 0x1, 0xff, 0xff,
    0xff, 0xff, 0xff, 0xfc, 0x20, 0x6, 0xfc, 0x21,
    0x11, 0x4f, 0x51, 0x0, 0x0, 0x6, 0xfb, 0x0,
    0x3, 0xf4, 0x0, 0x0, 0x0, 0x6, 0xe1, 0x0,
    0x0, 0x0, 0x0, 0x0, 0x0, 0x0, 0x0, 0x0,
    0x0, 0x0, 0x0,

    /* U+21AC "↬" */
    0x0, 0x10, 0x0, 0x0, 0x0, 0x0, 0x0, 0x2d,
    0xff, 0x50, 0x0, 0x3, 0x0, 0x0, 0xbe, 0x6b,
    0xf1, 0x0, 0x1f, 0xb0, 0x0, 0xe9, 0x3, 0xf4,
    0x0, 0x5, 0xfb, 0x0, 0xbe, 0x78, 0xf9, 0x66,
    0x66, 0xbf, 0xb0, 0x1c, 0xff, 0xff, 0xff, 0xff,
    0xff, 0xf2, 0x0, 0x14, 0xf5, 0x11, 0x11, 0xbf,
    0x70, 0x0, 0x3, 0xf4, 0x0, 0xa, 0xf7, 0x0,
    0x0, 0x0, 0x0, 0x0, 0x1d, 0x70, 0x0, 0x0,
    0x0, 0x0, 0x0, 0x0, 0x0, 0x0,

    /* U+21AD "↭" */
    0x0, 0x0, 0x30, 0x0, 0x0, 0x30, 0x0, 0x0,
    0x0, 0xaf, 0x20, 0x0, 0x1f, 0xb0, 0x0, 0x0,
    0xaf, 0x70, 0x4, 0x10, 0x6f, 0xb0, 0x0, 0xaf,
    0xb1, 0xd, 0xfe, 0x10, 0xaf, 0xb0, 0x1f, 0xff,
    0xeb, 0xf4, 0xec, 0xdf, 0xff, 0x20, 0x6f, 0xdb,
    0xd5, 0x4, 0xdc, 0xdf, 0x70, 0x0, 0x6f, 0xb0,
    0x0, 0x0, 0xaf, 0x70, 0x0, 0x0, 0x6e, 0x10,
    0x0, 0x1d, 0x70, 0x0, 0x0, 0x0, 0x0, 0x0,
    0x0, 0x0, 0x0, 0x0,

    /* U+21AE "↮" */
    0x0, 0x0, 0x40, 0x0, 0x82, 0x40, 0x0, 0x0,
    0x0, 0xbf, 0x20, 0x3f, 0x7f, 0xc0, 0x0, 0x0,
    0xbf, 0x60, 0x9, 0xf0, 0x5f, 0xc0, 0x0, 0xbf,
    0xc7, 0x77, 0xfd, 0x77, 0xbf, 0xc0, 0x1f, 0xff,
    0xff, 0xff, 0xff, 0xff, 0xff, 0x20, 0x5f, 0xc1,
    0xb, 0xe0, 0x1, 0xbf, 0x60, 0x0, 0x5f, 0xc1,
    0xf8, 0x0, 0xbf, 0x60, 0x0, 0x0, 0x5d, 0x7f,
    0x20, 0x1d, 0x60, 0x0, 0x0, 0x0, 0x0, 0x10,
    0x0, 0x0, 0x0, 0x0,

    /* U+21AF "↯" */
    0x0, 0x10, 0x0, 0x0, 0x0, 0x0, 0x1f, 0x50,
    0x0, 0x0, 0x0, 0x4, 0xf3, 0x0, 0x1, 0x90,
    0x0, 0x7f, 0x0, 0x7, 0xfd, 0x0, 0xa, 0xd0,
    0x4d, 0xff, 0xa0, 0x0, 0xdd, 0xbf, 0xd4, 0xf7,
    0x0, 0xf, 0xfe, 0x60, 0x3f, 0x40, 0x2, 0xf9,
    0x10, 0x6, 0xf2, 0x0, 0x22, 0x0, 0x0, 0x8f,
    0x0, 0x0, 0x0, 0x68, 0xb, 0xc0, 0x0, 0x0,
    0x8, 0xf4, 0xe9, 0x2c, 0x20, 0x0, 0xc, 0xef,
    0xcf, 0xe4, 0x0, 0x0, 0x2f, 0xff, 0xb1, 0x0,
    0x0, 0x0, 0x6f, 0x60, 0x0, 0x0, 0x0, 0x0,
    0x0, 0x0, 0x0,

    /* U+21B0 "↰" */
    0x0, 0x4, 0x0, 0x0, 0x0, 0x7, 0xf6, 0x0,
    0x0, 0x7, 0xfa, 0x0, 0x0, 0x7, 0xfe, 0x77,
    0x77, 0x73, 0xcf, 0xff, 0xff, 0xff, 0x62, 0xee,
    0x30, 0x1, 0xf6, 0x2, 0xee, 0x20, 0x1f, 0x60,
    0x2, 0xd4, 0x1, 0xf6, 0x0, 0x0, 0x0, 0x1f,
    0x60, 0x0, 0x0, 0x1, 0xf6, 0x0, 0x0, 0x0,
    0x1f, 0x60, 0x0, 0x0, 0x1, 0xf6, 0x0, 0x0,
    0x0, 0x1f, 0x60, 0x0, 0x0, 0x1, 0xd5,

    /* U+21B1 "↱" */
    0x0, 0x0, 0x4, 0x0, 0x0, 0x0, 0x0, 0x3f,
    0xa0, 0x0, 0x0, 0x0, 0x7, 0xfa, 0x0, 0x17,
    0x77, 0x77, 0xdf, 0xa0, 0x3f, 0xff, 0xff, 0xff,
    0xf0, 0x3f, 0x40, 0x1, 0xdf, 0x40, 0x3f, 0x40,
    0x1c, 0xf4, 0x0, 0x3f, 0x40, 0x2d, 0x40, 0x0,
    0x3f, 0x40, 0x0, 0x0, 0x0, 0x3f, 0x40, 0x0,
    0x0, 0x0, 0x3f, 0x40, 0x0, 0x0, 0x0, 0x3f,
    0x40, 0x0, 0x0, 0x0, 0x3f, 0x40, 0x0, 0x0,
    0x0, 0x3d, 0x30, 0x0, 0x0, 0x0,

    /* U+21B2 "↲" */
    0x0, 0x0, 0x0, 0x3, 0x10, 0x0, 0x0, 0x1,
    0xf6, 0x0, 0x0, 0x0, 0x1f, 0x60, 0x0, 0x0,
    0x1, 0xf6, 0x0, 0x0, 0x0, 0x1f, 0x60, 0x0,
    0x0, 0x1, 0xf6, 0x0, 0x4, 0x0, 0x1f, 0x60,
    0x7, 0xf6, 0x1, 0xf6, 0x7, 0xfa, 0x0, 0x1f,
    0x67, 0xfe, 0x77, 0x77, 0xf6, 0xcf, 0xff, 0xff,
    0xff, 0x62, 0xee, 0x30, 0x0, 0x0, 0x2, 0xee,
    0x20, 0x0, 0x0, 0x2, 0xd4, 0x0, 0x0, 0x0,
    0x0, 0x0, 0x0, 0x0,

    /* U+21B3 "↳" */
    0x3, 0x0, 0x0, 0x0, 0x0, 0x3f, 0x40, 0x0,
    0x0, 0x0, 0x3f, 0x40, 0x0, 0x0, 0x0, 0x3f,
    0x40, 0x0, 0x0, 0x0, 0x3f, 0x40, 0x0, 0x0,
    0x0, 0x3f, 0x40, 0x0, 0x0, 0x0, 0x3f, 0x40,
    0x4, 0x0, 0x0, 0x3f, 0x40, 0x3f, 0xa0, 0x0,
    0x3f, 0x40, 0x7, 0xfa, 0x0, 0x3f, 0x97, 0x77,
    0xdf, 0xa0, 0x3f, 0xff, 0xff, 0xff, 0xf0, 0x0,
    0x0, 0x1, 0xdf, 0x40, 0x0, 0x0, 0x1c, 0xf4,
    0x0, 0x0, 0x0, 0x2d, 0x40, 0x0, 0x0, 0x0,
    0x0, 0x0, 0x0,

    /* U+21B4 "↴" */
    0xcf, 0xff, 0xff, 0x80, 0x0, 0x68, 0x88, 0x8f,
    0x90, 0x0, 0x0, 0x0, 0xe, 0x90, 0x0, 0x0,
    0x0, 0xe, 0x90, 0x0, 0x0, 0x0, 0xe, 0x90,
    0x0, 0x0, 0x0, 0xe, 0x90, 0x0, 0x0, 0x22,
    0xe, 0x90, 0x40, 0x0, 0xce, 0x2e, 0x96, 0xf6,
    0x0, 0x2e, 0xef, 0xef, 0xa0, 0x0, 0x2, 0xef,
    0xfa, 0x0, 0x0, 0x0, 0x2d, 0xa0, 0x0,

    /* U+21B5 "↵" */
    0x0, 0x0, 0x0, 0x0, 0x3, 0x50, 0x0, 0x0,
    0x0, 0x0, 0x9e, 0x0, 0x4, 0x0, 0x0, 0x9,
    0xe0, 0x9, 0xf4, 0x0, 0x0, 0x9e, 0x9, 0xf8,
    0x0, 0x0, 0x9, 0xe9, 0xfd, 0x77, 0x77, 0x77,
    0xce, 0xff, 0xff, 0xff, 0xff, 0xff, 0xe3, 0xfd,
    0x20, 0x0, 0x0, 0x0, 0x3, 0xfd, 0x10, 0x0,
    0x0, 0x0, 0x3, 0xd2, 0x0, 0x0, 0x0, 0x0,
    0x0, 0x0, 0x0, 0x0, 0x0,

    /* U+21B6 "↶" */
    0x0, 0x0, 0x0, 0x0, 0x0, 0x0, 0x0, 0x0,
    0x0, 0x0, 0x6, 0xdf, 0xfc, 0x50, 0x0, 0x0,
    0x0, 0xb, 0xfc, 0x88, 0xdf, 0xa0, 0x0, 0x0,
    0x9, 0xf5, 0x0, 0x0, 0x7f, 0x80, 0x0, 0x2,
    0xf8, 0x0, 0x0, 0x0, 0xaf, 0x4, 0xe3, 0x6f,
    0x2a, 0xa0, 0x0, 0x3, 0xf4, 0x1d, 0xea, 0xfa,
    0xf7, 0x0, 0x0, 0x7, 0x20, 0x1d, 0xff, 0xf7,
    0x0, 0x0, 0x0, 0x0, 0x0, 0x1d, 0xf7, 0x0,
    0x0, 0x0, 0x0, 0x0, 0x0, 0x14, 0x0, 0x0,
    0x0, 0x0, 0x0,

    /* U+21B7 "↷" */
    0x0, 0x0, 0x0, 0x0, 0x0, 0x0, 0x0, 0x0,
    0x0, 0x4c, 0xff, 0xd7, 0x0, 0x0, 0x0, 0x0,
    0x9f, 0xd8, 0x8b, 0xfc, 0x10, 0x0, 0x0, 0x6f,
    0x80, 0x0, 0x4, 0xfb, 0x0, 0x0, 0xe, 0xb0,
    0x0, 0x0, 0x7, 0xf3, 0x0, 0x3, 0xf5, 0x0,
    0x0, 0x9b, 0x1f, 0x72, 0xe4, 0x27, 0x10, 0x0,
    0x6, 0xfa, 0xfb, 0xee, 0x20, 0x0, 0x0, 0x0,
    0x6, 0xff, 0xfe, 0x20, 0x0, 0x0, 0x0, 0x0,
    0x6, 0xfe, 0x20, 0x0, 0x0, 0x0, 0x0, 0x0,
    0x4, 0x20, 0x0,

    /* U+21B8 "↸" */
    0xe, 0xee, 0xee, 0xee, 0xee, 0xee, 0xe2, 0x0,
    0x0, 0x0, 0x0, 0x0, 0x0, 0x0, 0x1, 0x88,
    0x88, 0x80, 0x0, 0x0, 0x0, 0x7, 0xff, 0xff,
    0xe0, 0x0, 0x0, 0x0, 0x7, 0xff, 0x90, 0x0,
    0x0, 0x0, 0x0, 0x7, 0xf8, 0xf9, 0x0, 0x0,
    0x0, 0x0, 0x7, 0xf0, 0x7f, 0x90, 0x0, 0x0,
    0x0, 0x6, 0xe0, 0x7, 0xf9, 0x0, 0x0, 0x0,
    0x0, 0x0, 0x0, 0x7f, 0x90, 0x0, 0x0, 0x0,
    0x0, 0x0, 0x7, 0xf9, 0x0, 0x0, 0x0, 0x0,
    0x0, 0x0, 0x7f, 0x90, 0x0, 0x0, 0x0, 0x0,
    0x0, 0x8, 0xf6, 0x0, 0x0, 0x0, 0x0, 0x0,
    0x0, 0x50, 0x0,

    /* U+21B9 "↹" */
    0x0, 0x0, 0x1, 0x0, 0x0, 0x0, 0x0, 0x0,
    0xd6, 0x1, 0xdb, 0x0, 0x0, 0x0, 0x0, 0xf,
    0x71, 0xdf, 0x40, 0x0, 0x0, 0x0, 0x0, 0xf9,
    0xdf, 0x74, 0x44, 0x44, 0x44, 0x40, 0xf, 0xff,
    0xff, 0xff, 0xff, 0xff, 0xff, 0x10, 0xf9, 0xdf,
    0x74, 0x44, 0x44, 0x44, 0x40, 0xf, 0x71, 0xdf,
    0x40, 0x6a, 0x0, 0x39, 0x0, 0xd6, 0x1, 0xdb,
    0x6, 0xfb, 0x6, 0xf1, 0x0, 0x0, 0x1, 0x0,
    0x6, 0xfb, 0x6f, 0x10, 0xff, 0xff, 0xff, 0xff,
    0xff, 0xfe, 0xf1, 0x8, 0x88, 0x88, 0x88, 0x89,
    0xff, 0xaf, 0x10, 0x0, 0x0, 0x0, 0x0, 0xcf,
    0x46, 0xf1, 0x0, 0x0, 0x0, 0x0, 0xaf, 0x40,
    0x6f, 0x10, 0x0, 0x0, 0x0, 0x1, 0x40, 0x0,
    0x20,

    /* U+21BA "↺" */
    0x0, 0x0, 0x0, 0x0, 0x0, 0x0, 0x0, 0x0,
    0x0, 0x0, 0x7f, 0xff, 0xfe, 0x0, 0x0, 0x0,
    0x9, 0xff, 0x87, 0x60, 0x2e, 0x30, 0x0, 0x9f,
    0xec, 0x0, 0xb, 0xe1, 0x0, 0x9, 0xe5, 0xf5,
    0x0, 0xf8, 0x0, 0x0, 0x9e, 0xf, 0x90, 0x1f,
    0x50, 0x0, 0x3, 0x50, 0xcb, 0x0, 0xf7, 0x0,
    0x0, 0x0, 0xe, 0x90, 0xb, 0xd0, 0x0, 0x0,
    0x5, 0xf5, 0x0, 0x3f, 0xc2, 0x0, 0x5, 0xfc,
    0x0, 0x0, 0x5f, 0xfb, 0xac, 0xfc, 0x10, 0x0,
    0x0, 0x29, 0xdd, 0xb6, 0x0, 0x0,

    /* U+21BB "↻" */
    0x0, 0x0, 0x0, 0x0, 0x0, 0x0, 0x8, 0xff,
    0xff, 0xc0, 0x0, 0x0, 0x0, 0x37, 0x7f, 0xfe,
    0x0, 0x0, 0x0, 0x0, 0x9, 0xfd, 0xe0, 0x0,
    0x2e, 0x40, 0x3, 0xf8, 0x9e, 0x0, 0x0, 0xdd,
    0x0, 0x8f, 0x9, 0xe0, 0x0, 0x6, 0xf2, 0x9,
    0xe0, 0x35, 0x0, 0x0, 0x4f, 0x30, 0x8f, 0x0,
    0x0, 0x0, 0x6, 0xf2, 0x3, 0xf6, 0x0, 0x0,
    0x0, 0xcd, 0x0, 0xb, 0xf6, 0x0, 0x1, 0xbf,
    0x50, 0x0, 0xb, 0xfd, 0xaa, 0xff, 0x60, 0x0,
    0x0, 0x5, 0xbd, 0xd9, 0x20, 0x0,

    /* U+21BC "↼" */
    0x0, 0x0, 0x40, 0x0, 0x0, 0x0, 0x0, 0x0,
    0x0, 0xbf, 0x20, 0x0, 0x0, 0x0, 0x0, 0x0,
    0xbf, 0x60, 0x0, 0x0, 0x0, 0x0, 0x0, 0xbf,
    0xc7, 0x77, 0x77, 0x77, 0x77, 0x70, 0x2f, 0xff,
    0xff, 0xff, 0xff, 0xff, 0xff, 0x0, 0x0, 0x0,
    0x0, 0x0, 0x0, 0x0, 0x0,

    /* U+21BD "↽" */
    0x7, 0x77, 0x77, 0x77, 0x77, 0x77, 0x77, 0x1,
    0xff, 0xff, 0xff, 0xff, 0xff, 0xff, 0xf0, 0x5,
    0xfc, 0x10, 0x0, 0x0, 0x0, 0x0, 0x0, 0x5,
    0xfb, 0x0, 0x0, 0x0, 0x0, 0x0, 0x0, 0x5,
    0xd1, 0x0, 0x0, 0x0, 0x0, 0x0, 0x0, 0x0,
    0x0, 0x0, 0x0, 0x0, 0x0,

    /* U+21BE "↾" */
    0x2, 0x0, 0x0, 0x3f, 0x90, 0x0, 0x3f, 0xf9,
    0x0, 0x3f, 0xbf, 0x90, 0x3f, 0x48, 0xf2, 0x3f,
    0x40, 0x10, 0x3f, 0x40, 0x0, 0x3f, 0x40, 0x0,
    0x3f, 0x40, 0x0, 0x3f, 0x40, 0x0, 0x3f, 0x40,
    0x0, 0x3f, 0x40, 0x0, 0x3f, 0x40, 0x0, 0x3f,
    0x40, 0x0,

    /* U+21BF "↿" */
    0x0, 0x0, 0x20, 0x0, 0x8, 0xf4, 0x0, 0x8f,
    0xf4, 0x8, 0xfb, 0xf4, 0x1e, 0x93, 0xf4, 0x1,
    0x3, 0xf4, 0x0, 0x3, 0xf4, 0x0, 0x3, 0xf4,
    0x0, 0x3, 0xf4, 0x0, 0x3, 0xf4, 0x0, 0x3,
    0xf4, 0x0, 0x3, 0xf4, 0x0, 0x3, 0xf4, 0x0,
    0x3, 0xf4,

    /* U+21C0 "⇀" */
    0x0, 0x0, 0x0, 0x0, 0x4, 0x0, 0x0, 0x0,
    0x0, 0x0, 0x0, 0x1f, 0xc0, 0x0, 0x0, 0x0,
    0x0, 0x0, 0x5, 0xfc, 0x0, 0x77, 0x77, 0x77,
    0x77, 0x77, 0xbf, 0xc0, 0xff, 0xff, 0xff, 0xff,
    0xff, 0xff, 0xf3, 0x0, 0x0, 0x0, 0x0, 0x0,
    0x0, 0x0,

    /* U+21C1 "⇁" */
    0x77, 0x77, 0x77, 0x77, 0x77, 0x77, 0x71, 0xff,
    0xff, 0xff, 0xff, 0xff, 0xff, 0xf2, 0x0, 0x0,
    0x0, 0x0, 0x1, 0xbf, 0x60, 0x0, 0x0, 0x0,
    0x0, 0xa, 0xf6, 0x0, 0x0, 0x0, 0x0, 0x0,
    0x1c, 0x60, 0x0, 0x0, 0x0, 0x0, 0x0, 0x0,
    0x0, 0x0,

    /* U+21C2 "⇂" */
    0x3, 0x0, 0x0, 0x3f, 0x40, 0x0, 0x3f, 0x40,
    0x0, 0x3f, 0x40, 0x0, 0x3f, 0x40, 0x0, 0x3f,
    0x40, 0x0, 0x3f, 0x40, 0x0, 0x3f, 0x40, 0x0,
    0x3f, 0x40, 0x0, 0x3f, 0x40, 0x30, 0x3f, 0x4a,
    0xf2, 0x3f, 0xdf, 0x60, 0x3f, 0xf6, 0x0, 0x3f,
    0x60, 0x0,

    /* U+21C3 "⇃" */
    0x0, 0x0, 0x30, 0x0, 0x3, 0xf4, 0x0, 0x3,
    0xf4, 0x0, 0x3, 0xf4, 0x0, 0x3, 0xf4, 0x0,
    0x3, 0xf4, 0x0, 0x3, 0xf4, 0x0, 0x3, 0xf4,
    0x0, 0x3, 0xf4, 0x3, 0x3, 0xf4, 0x1f, 0xb3,
    0xf4, 0x5, 0xfd, 0xf4, 0x0, 0x5f, 0xf4, 0x0,
    0x5, 0xf4,

    /* U+21C4 "⇄" */
    0x0, 0x0, 0x0, 0x0, 0x0, 0x0, 0x0, 0x0,
    0x0, 0x0, 0x0, 0x0, 0x1c, 0x60, 0x0, 0x0,
    0x0, 0x0, 0x0, 0x0, 0xbf, 0x60, 0x0, 0x0,
    0x0, 0x0, 0x0, 0x0, 0xbf, 0x60, 0xf, 0xff,
    0xff, 0xff, 0xff, 0xff, 0xff, 0x20, 0x77, 0x77,
    0x77, 0x77, 0x77, 0xcf, 0xb0, 0x0, 0x2, 0xa0,
    0x0, 0x0, 0x5f, 0xb0, 0x0, 0x3, 0xed, 0x10,
    0x0, 0x1f, 0xa0, 0x0, 0x3, 0xfd, 0x10, 0x0,
    0x0, 0x20, 0x0, 0x1, 0xff, 0xff, 0xff, 0xff,
    0xff, 0xff, 0xf0, 0xc, 0xfc, 0x88, 0x88, 0x88,
    0x88, 0x88, 0x0, 0xc, 0xf5, 0x0, 0x0, 0x0,
    0x0, 0x0, 0x0, 0xc, 0xf2, 0x0, 0x0, 0x0,
    0x0, 0x0, 0x0, 0x5, 0x0, 0x0, 0x0, 0x0,
    0x0,

    /* U+21C5 "⇅" */
    0x0, 0x0, 0x10, 0x0, 0x1, 0x10, 0x0, 0x0,
    0x0, 0x4f, 0xd1, 0x0, 0x9e, 0x0, 0x0, 0x0,
    0x4f, 0xff, 0xd1, 0x9, 0xe0, 0x0, 0x0, 0x4f,
    0xcf, 0xcf, 0xd1, 0x9e, 0x0, 0x0, 0xb, 0xc0,
    0xe9, 0x3f, 0x69, 0xe0, 0x0, 0x0, 0x0, 0xe,
    0x90, 0x10, 0x9e, 0x0, 0x0, 0x0, 0x0, 0xe9,
    0x0, 0x9, 0xe0, 0x0, 0x0, 0x0, 0xe, 0x90,
    0x0, 0x9e, 0x0, 0x0, 0x0, 0x0, 0xe9, 0x0,
    0x9, 0xe0, 0x0, 0x0, 0x0, 0xe, 0x90, 0x30,
    0x9e, 0x1, 0x10, 0x0, 0x0, 0xe9, 0x7f, 0x59,
    0xe1, 0xdc, 0x0, 0x0, 0xe, 0x90, 0xcf, 0xdf,
    0xde, 0x30, 0x0, 0x0, 0xe9, 0x0, 0xcf, 0xfe,
    0x30, 0x0, 0x0, 0xe, 0x90, 0x0, 0xbe, 0x30,
    0x0, 0x0, 0x0, 0x0, 0x0, 0x0, 0x0, 0x0,
    0x0,

    /* U+21C6 "⇆" */
    0x0, 0x0, 0x0, 0x0, 0x0, 0x0, 0x0, 0x0,
    0x0, 0x5d, 0x10, 0x0, 0x0, 0x0, 0x0, 0x0,
    0x5f, 0xc0, 0x0, 0x0, 0x0, 0x0, 0x0, 0x5f,
    0xc1, 0x0, 0x0, 0x0, 0x0, 0x0, 0x1f, 0xff,
    0xff, 0xff, 0xff, 0xff, 0xff, 0x0, 0xbf, 0xc7,
    0x77, 0x77, 0x77, 0x77, 0x70, 0x0, 0xaf, 0x60,
    0x0, 0x0, 0x93, 0x0, 0x0, 0x0, 0x9f, 0x20,
    0x0, 0x1d, 0xf4, 0x0, 0x0, 0x0, 0x20, 0x0,
    0x0, 0x1c, 0xf4, 0x0, 0xef, 0xff, 0xff, 0xff,
    0xff, 0xff, 0xf2, 0x8, 0x88, 0x88, 0x88, 0x88,
    0x8c, 0xfd, 0x0, 0x0, 0x0, 0x0, 0x0, 0x4,
    0xfd, 0x10, 0x0, 0x0, 0x0, 0x0, 0x1, 0xfd,
    0x10, 0x0, 0x0, 0x0, 0x0, 0x0, 0x5, 0x10,
    0x0,

    /* U+21C7 "⇇" */
    0x0, 0x0, 0x0, 0x0, 0x0, 0x0, 0x0, 0x0,
    0x0, 0x5d, 0x10, 0x0, 0x0, 0x0, 0x0, 0x0,
    0x5f, 0xc0, 0x0, 0x0, 0x0, 0x0, 0x0, 0x5f,
    0xc1, 0x0, 0x0, 0x0, 0x0, 0x0, 0x1f, 0xff,
    0xff, 0xff, 0xff, 0xff, 0xff, 0x0, 0xbf, 0xc7,
    0x77, 0x77, 0x77, 0x77, 0x70, 0x0, 0xaf, 0x60,
    0x0, 0x0, 0x0, 0x0, 0x0, 0x3, 0xfd, 0x0,
    0x0, 0x0, 0x0, 0x0, 0x3, 0xfd, 0x10, 0x0,
    0x0, 0x0, 0x0, 0x1, 0xff, 0xff, 0xff, 0xff,
    0xff, 0xff, 0xf0, 0xc, 0xfc, 0x88, 0x88, 0x88,
    0x88, 0x88, 0x0, 0xc, 0xf5, 0x0, 0x0, 0x0,
    0x0, 0x0, 0x0, 0xc, 0xf2, 0x0, 0x0, 0x0,
    0x0, 0x0, 0x0, 0x5, 0x0, 0x0, 0x0, 0x0,
    0x0,

    /* U+21C8 "⇈" */
    0x0, 0x0, 0x20, 0x0, 0x0, 0x10, 0x0, 0x0,
    0x0, 0x4f, 0xd1, 0x1, 0xdf, 0x40, 0x0, 0x0,
    0x4f, 0xff, 0xd2, 0xdf, 0xff, 0x40, 0x0, 0x4f,
    0xcf, 0xcf, 0xff, 0xcf, 0xcf, 0x40, 0xb, 0xc1,
    0xe9, 0x3e, 0x39, 0xe1, 0xcb, 0x0, 0x1, 0xe,
    0x90, 0x0, 0x9e, 0x1, 0x0, 0x0, 0x0, 0xe9,
    0x0, 0x9, 0xe0, 0x0, 0x0, 0x0, 0xe, 0x90,
    0x0, 0x9e, 0x0, 0x0, 0x0, 0x0, 0xe9, 0x0,
    0x9, 0xe0, 0x0, 0x0, 0x0, 0xe, 0x90, 0x0,
    0x9e, 0x0, 0x0, 0x0, 0x0, 0xe9, 0x0, 0x9,
    0xe0, 0x0, 0x0, 0x0, 0xe, 0x90, 0x0, 0x9e,
    0x0, 0x0, 0x0, 0x0, 0xe9, 0x0, 0x9, 0xe0,
    0x0, 0x0, 0x0, 0xe, 0x90, 0x0, 0x9e, 0x0,
    0x0,

    /* U+21C9 "⇉" */
    0x0, 0x0, 0x0, 0x0, 0x0, 0x0, 0x0, 0x0,
    0x0, 0x0, 0x0, 0x1c, 0x60, 0x0, 0x0, 0x0,
    0x0, 0x0, 0xb, 0xf6, 0x0, 0x0, 0x0, 0x0,
    0x0, 0x0, 0xbf, 0x60, 0xff, 0xff, 0xff, 0xff,
    0xff, 0xff, 0xf2, 0x77, 0x77, 0x77, 0x77, 0x77,
    0xcf, 0xc0, 0x0, 0x0, 0x0, 0x0, 0x5, 0xfb,
    0x0, 0x0, 0x0, 0x0, 0x0, 0xc, 0xf4, 0x0,
    0x0, 0x0, 0x0, 0x0, 0x0, 0xcf, 0x40, 0xef,
    0xff, 0xff, 0xff, 0xff, 0xff, 0xf2, 0x88, 0x88,
    0x88, 0x88, 0x88, 0xcf, 0xd1, 0x0, 0x0, 0x0,
    0x0, 0x4, 0xfd, 0x10, 0x0, 0x0, 0x0, 0x0,
    0x1f, 0xd1, 0x0, 0x0, 0x0, 0x0, 0x0, 0x5,
    0x10, 0x0,

    /* U+21CA "⇊" */
    0x0, 0x0, 0x11, 0x0, 0x1, 0x10, 0x0, 0x0,
    0x0, 0xe, 0x90, 0x0, 0x9e, 0x0, 0x0, 0x0,
    0x0, 0xe9, 0x0, 0x9, 0xe0, 0x0, 0x0, 0x0,
    0xe, 0x90, 0x0, 0x9e, 0x0, 0x0, 0x0, 0x0,
    0xe9, 0x0, 0x9, 0xe0, 0x0, 0x0, 0x0, 0xe,
    0x90, 0x0, 0x9e, 0x0, 0x0, 0x0, 0x0, 0xe9,
    0x0, 0x9, 0xe0, 0x0, 0x0, 0x0, 0xe, 0x90,
    0x0, 0x9e, 0x0, 0x0, 0x0, 0x0, 0xe9, 0x0,
    0x9, 0xe0, 0x0, 0x0, 0x11, 0xe, 0x90, 0x10,
    0x9e, 0x1, 0x10, 0xc, 0xd1, 0xe9, 0x5f, 0x59,
    0xe1, 0xdc, 0x0, 0x3e, 0xdf, 0xdf, 0xff, 0xdf,
    0xde, 0x30, 0x0, 0x3e, 0xff, 0xc1, 0xcf, 0xfe,
    0x30, 0x0, 0x0, 0x3e, 0xb0, 0x0, 0xbe, 0x30,
    0x0, 0x0, 0x0, 0x0, 0x0, 0x0, 0x0, 0x0,
    0x0,

    /* U+21CB "⇋" */
    0x0, 0x0, 0x0, 0x0, 0x0, 0x0, 0x0, 0x0,
    0x0, 0x5d, 0x10, 0x0, 0x0, 0x0, 0x0, 0x0,
    0x5f, 0xc0, 0x0, 0x0, 0x0, 0x0, 0x0, 0x5f,
    0xc1, 0x0, 0x0, 0x0, 0x0, 0x0, 0x1f, 0xff,
    0xff, 0xff, 0xff, 0xff, 0xff, 0x0, 0x77, 0x77,
    0x77, 0x77, 0x77, 0x77, 0x70, 0x0, 0x0, 0x0,
    0x0, 0x0, 0x0, 0x0, 0x0, 0x88, 0x88, 0x88,
    0x88, 0x88, 0x88, 0x81, 0xe, 0xff, 0xff, 0xff,
    0xff, 0xff, 0xff, 0x20, 0x0, 0x0, 0x0, 0x0,
    0x0, 0xcf, 0x50, 0x0, 0x0, 0x0, 0x0, 0x0,
    0xcf, 0x50, 0x0, 0x0, 0x0, 0x0, 0x0, 0xb,
    0x50, 0x0, 0x0, 0x0, 0x0, 0x0, 0x0, 0x0,
    0x0, 0x0,

    /* U+21CC "⇌" */
    0x0, 0x0, 0x0, 0x0, 0x0, 0x0, 0x0, 0x0,
    0x0, 0x0, 0x0, 0x0, 0x1c, 0x60, 0x0, 0x0,
    0x0, 0x0, 0x0, 0x0, 0xbf, 0x60, 0x0, 0x0,
    0x0, 0x0, 0x0, 0x1, 0xbf, 0x60, 0xf, 0xff,
    0xff, 0xff, 0xff, 0xff, 0xff, 0x20, 0x77, 0x77,
    0x77, 0x77, 0x77, 0x77, 0x71, 0x0, 0x0, 0x0,
    0x0, 0x0, 0x0, 0x0, 0x1, 0x88, 0x88, 0x88,
    0x88, 0x88, 0x88, 0x80, 0x1f, 0xff, 0xff, 0xff,
    0xff, 0xff, 0xff, 0x0, 0x4f, 0xc1, 0x0, 0x0,
    0x0, 0x0, 0x0, 0x0, 0x4f, 0xc1, 0x0, 0x0,
    0x0, 0x0, 0x0, 0x0, 0x4c, 0x10, 0x0, 0x0,
    0x0, 0x0, 0x0, 0x0, 0x0, 0x0, 0x0, 0x0,
    0x0, 0x0,

    /* U+21CD "⇍" */
    0x0, 0x1, 0x60, 0x0, 0x0, 0x51, 0x0, 0x0,
    0x1, 0xcf, 0x20, 0x0, 0x2f, 0x60, 0x0, 0x1,
    0xcf, 0xfd, 0xdd, 0xde, 0xfd, 0xdd, 0x0, 0xcf,
    0x53, 0x33, 0x37, 0xf6, 0x33, 0x30, 0x1f, 0xd1,
    0x0, 0x0, 0xcb, 0x0, 0x0, 0x0, 0x3f, 0xff,
    0xff, 0xff, 0xff, 0xff, 0xf0, 0x0, 0x3f, 0xe3,
    0x2f, 0x81, 0x11, 0x11, 0x0, 0x0, 0x3b, 0x2,
    0xa0, 0x0, 0x0, 0x0,

    /* U+21CE "⇎" */
    0x0, 0x1, 0x60, 0x0, 0x93, 0x61, 0x0, 0x0,
    0x1, 0xcf, 0x20, 0x3f, 0x4f, 0xd1, 0x0, 0x1,
    0xcf, 0xfd, 0xde, 0xfd, 0xef, 0xd1, 0x0, 0xcf,
    0x53, 0x33, 0xf8, 0x33, 0x5f, 0xd1, 0x1f, 0xd1,
    0x0, 0x4f, 0x10, 0x1, 0xdf, 0x20, 0x3f, 0xff,
    0xff, 0xff, 0xff, 0xff, 0x40, 0x0, 0x3f, 0xe4,
    0xf6, 0x12, 0xdf, 0x40, 0x0, 0x0, 0x3b, 0x4e,
    0x0, 0xa, 0x40, 0x0, 0x0, 0x0, 0x0, 0x0,
    0x0, 0x0, 0x0, 0x0,

    /* U+21CF "⇏" */
    0x0, 0x0, 0x0, 0x60, 0x6, 0x10, 0x0, 0x0,
    0x0, 0x4, 0xf3, 0x1e, 0xd1, 0x0, 0xdd, 0xdd,
    0xdf, 0xfd, 0xde, 0xfd, 0x10, 0x33, 0x33, 0xaf,
    0x43, 0x33, 0x5f, 0xd1, 0x0, 0x1, 0xf7, 0x0,
    0x0, 0x1d, 0xf2, 0xef, 0xff, 0xff, 0xff, 0xff,
    0xff, 0x40, 0x11, 0x4f, 0x61, 0x11, 0x2d, 0xf4,
    0x0, 0x0, 0x39, 0x0, 0x0, 0xa, 0x40, 0x0,

    /* U+21D0 "⇐" */
    0x0, 0x1, 0x60, 0x0, 0x0, 0x0, 0x0, 0x0,
    0x1, 0xcf, 0x20, 0x0, 0x0, 0x0, 0x0, 0x1,
    0xcf, 0xfd, 0xdd, 0xdd, 0xdd, 0xdd, 0x0, 0xcf,
    0x53, 0x33, 0x33, 0x33, 0x33, 0x30, 0x1f, 0xd1,
    0x0, 0x0, 0x0, 0x0, 0x0, 0x0, 0x3f, 0xff,
    0xff, 0xff, 0xff, 0xff, 0xf0, 0x0, 0x3f, 0xe3,
    0x11, 0x11, 0x11, 0x11, 0x0, 0x0, 0x3b, 0x0,
    0x0, 0x0, 0x0, 0x0,

    /* U+21D1 "⇑" */
    0x0, 0x0, 0x21, 0x0, 0x0, 0x0, 0x4f, 0xd1,
    0x0, 0x0, 0x4f, 0xde, 0xe2, 0x0, 0x5f, 0xe0,
    0x3f, 0xe2, 0xc, 0xed, 0x2, 0xfe, 0x80, 0x14,
    0xd0, 0x2e, 0x10, 0x0, 0x3d, 0x2, 0xe0, 0x0,
    0x3, 0xd0, 0x2e, 0x0, 0x0, 0x3d, 0x2, 0xe0,
    0x0, 0x3, 0xd0, 0x2e, 0x0, 0x0, 0x3d, 0x2,
    0xe0, 0x0, 0x3, 0xd0, 0x2e, 0x0, 0x0, 0x3d,
    0x2, 0xe0, 0x0, 0x3, 0xd0, 0x2e, 0x0,

    /* U+21D2 "⇒" */
    0x0, 0x0, 0x0, 0x0, 0x6, 0x10, 0x0, 0x0,
    0x0, 0x0, 0x0, 0x1e, 0xd1, 0x0, 0xdd, 0xdd,
    0xdd, 0xdd, 0xde, 0xfd, 0x10, 0x33, 0x33, 0x33,
    0x33, 0x33, 0x5f, 0xd1, 0x0, 0x0, 0x0, 0x0,
    0x0, 0x1d, 0xf2, 0xef, 0xff, 0xff, 0xff, 0xff,
    0xff, 0x40, 0x11, 0x11, 0x11, 0x11, 0x2d, 0xf4,
    0x0, 0x0, 0x0, 0x0, 0x0, 0xa, 0x40, 0x0,

    /* U+21D3 "⇓" */
    0x0, 0x1, 0x0, 0x10, 0x0, 0x3, 0xd0, 0x2e,
    0x0, 0x0, 0x3d, 0x2, 0xe0, 0x0, 0x3, 0xd0,
    0x2e, 0x0, 0x0, 0x3d, 0x2, 0xe0, 0x0, 0x3,
    0xd0, 0x2e, 0x0, 0x0, 0x3d, 0x2, 0xe0, 0x0,
    0x3, 0xd0, 0x2e, 0x0, 0x0, 0x3d, 0x2, 0xe0,
    0x0, 0x14, 0xd0, 0x2e, 0x20, 0xd, 0xed, 0x2,
    0xff, 0x80, 0x3f, 0xe1, 0x4f, 0xd1, 0x0, 0x3f,
    0xef, 0xc1, 0x0, 0x0, 0x3e, 0xc1, 0x0, 0x0,
    0x0, 0x0, 0x0, 0x0,

    /* U+21D4 "⇔" */
    0x0, 0x1, 0x60, 0x0, 0x0, 0x61, 0x0, 0x0,
    0x1, 0xcf, 0x20, 0x0, 0x1f, 0xd1, 0x0, 0x1,
    0xcf, 0xfd, 0xdd, 0xdd, 0xef, 0xd1, 0x0, 0xcf,
    0x53, 0x33, 0x33, 0x33, 0x5f, 0xd1, 0x1f, 0xd1,
    0x0, 0x0, 0x0, 0x1, 0xdf, 0x20, 0x3f, 0xff,
    0xff, 0xff, 0xff, 0xff, 0x40, 0x0, 0x3f, 0xe3,
    0x11, 0x12, 0xdf, 0x40, 0x0, 0x0, 0x3b, 0x0,
    0x0, 0xa, 0x40, 0x0,

    /* U+2200 "∀" */
    0x45, 0x0, 0x0, 0x0, 0x0, 0x35, 0x8, 0xf4,
    0x0, 0x0, 0x0, 0xf, 0xd0, 0x2f, 0xa0, 0x0,
    0x0, 0x5, 0xf7, 0x0, 0xcf, 0x0, 0x0, 0x0,
    0xaf, 0x10, 0x6, 0xff, 0xff, 0xff, 0xff, 0xb0,
    0x0, 0xf, 0xe8, 0x88, 0x8c, 0xf5, 0x0, 0x0,
    0xaf, 0x10, 0x0, 0xce, 0x0, 0x0, 0x4, 0xf7,
    0x0, 0x2f, 0x80, 0x0, 0x0, 0xd, 0xd0, 0x8,
    0xf2, 0x0, 0x0, 0x0, 0x7f, 0x30, 0xec, 0x0,
    0x0, 0x0, 0x1, 0xf9, 0x4f, 0x60, 0x0, 0x0,
    0x0, 0xb, 0xea, 0xf1, 0x0, 0x0, 0x0, 0x0,
    0x5f, 0xfa, 0x0, 0x0, 0x0, 0x0, 0x0, 0xcc,
    0x30, 0x0, 0x0,

    /* U+2201 "∁" */
    0x0, 0x2, 0x54, 0x0, 0x0, 0x1b, 0xff, 0xfe,
    0x40, 0xb, 0xf7, 0x13, 0xdf, 0x23, 0xfa, 0x0,
    0x3, 0xfa, 0x8f, 0x40, 0x0, 0x7, 0x7a, 0xf1,
    0x0, 0x0, 0x0, 0xcf, 0x0, 0x0, 0x0, 0xc,
    0xf0, 0x0, 0x0, 0x0, 0xcf, 0x0, 0x0, 0x0,
    0xa, 0xf1, 0x0, 0x0, 0x0, 0x7f, 0x40, 0x0,
    0x8, 0x82, 0xfa, 0x0, 0x3, 0xf9, 0xa, 0xf8,
    0x24, 0xef, 0x10, 0x9, 0xff, 0xfd, 0x30, 0x0,
    0x1, 0x32, 0x0, 0x0,

    /* U+2202 "∂" */
    0x0, 0x3c, 0xec, 0x60, 0x0, 0x3, 0x97, 0xbf,
    0x80, 0x0, 0x0, 0x0, 0xbf, 0x10, 0x0, 0x0,
    0x4, 0xf5, 0x0, 0x3, 0x30, 0x2f, 0x70, 0xc,
    0xff, 0xe5, 0xf6, 0x8, 0xf3, 0x6, 0xff, 0x40,
    0xea, 0x0, 0xb, 0xf1, 0x1f, 0x60, 0x0, 0xdd,
    0x1, 0xf6, 0x0, 0x4f, 0x60, 0xd, 0xb0, 0x2e,
    0xc0, 0x0, 0x3e, 0xff, 0xb1, 0x0, 0x0, 0x3,
    0x20, 0x0, 0x0,

    /* U+2203 "∃" */
    0x0, 0x0, 0x0, 0x0, 0x0, 0x6f, 0xff, 0xff,
    0xff, 0xf1, 0x27, 0x77, 0x77, 0x7d, 0xf1, 0x0,
    0x0, 0x0, 0xb, 0xf1, 0x0, 0x0, 0x0, 0xb,
    0xf1, 0x0, 0x0, 0x0, 0xb, 0xf1, 0x27, 0x77,
    0x77, 0x7d, 0xf1, 0x6f, 0xff, 0xff, 0xff, 0xf1,
    0x0, 0x0, 0x0, 0xb, 0xf1, 0x0, 0x0, 0x0,
    0xb, 0xf1, 0x0, 0x0, 0x0, 0xb, 0xf1, 0x0,
    0x0, 0x0, 0xb, 0xf1, 0x38, 0x88, 0x88, 0x8d,
    0xf1, 0x6f, 0xff, 0xff, 0xff, 0xf1,

    /* U+2204 "∄" */
    0x0, 0x0, 0x5, 0xe3, 0x0, 0x6f, 0xff, 0xff,
    0xff, 0xf1, 0x27, 0x77, 0x7f, 0xbd, 0xf1, 0x0,
    0x0, 0x4f, 0x4b, 0xf1, 0x0, 0x0, 0x9e, 0xb,
    0xf1, 0x0, 0x0, 0xe9, 0xb, 0xf1, 0x27, 0x78,
    0xfa, 0x7d, 0xf1, 0x6f, 0xff, 0xff, 0xff, 0xf1,
    0x0, 0xd, 0xa0, 0xb, 0xf1, 0x0, 0x2f, 0x50,
    0xb, 0xf1, 0x0, 0x7f, 0x10, 0xb, 0xf1, 0x0,
    0xbc, 0x0, 0xb, 0xf1, 0x38, 0xfc, 0x88, 0x8d,
    0xf1, 0x6f, 0xff, 0xff, 0xff, 0xf1, 0x8, 0xb0,
    0x0, 0x0, 0x0,

    /* U+2205 "∅" */
    0x0, 0x1, 0x7b, 0xdc, 0x93, 0x47, 0x0, 0x0,
    0x4e, 0xc7, 0x45, 0xaf, 0xe0, 0x0, 0x4, 0xf6,
    0x0, 0x0, 0x1c, 0xdb, 0x0, 0xe, 0x60, 0x0,
    0x0, 0xb4, 0x1e, 0x50, 0x5d, 0x0, 0x0, 0x8,
    0x70, 0x7, 0xc0, 0x98, 0x0, 0x0, 0x5a, 0x0,
    0x1, 0xf0, 0xb6, 0x0, 0x3, 0xc0, 0x0, 0x0,
    0xf2, 0xa7, 0x0, 0x1c, 0x10, 0x0, 0x0, 0xf1,
    0x7c, 0x0, 0xb3, 0x0, 0x0, 0x5, 0xe0, 0x1f,
    0x49, 0x60, 0x0, 0x0, 0xc, 0x70, 0x7, 0xfa,
    0x0, 0x0, 0x0, 0x9d, 0x0, 0x2, 0xef, 0x82,
    0x1, 0x5c, 0xd2, 0x0, 0x1c, 0x14, 0xbf, 0xff,
    0xe7, 0x0, 0x0, 0x0, 0x0, 0x0, 0x21, 0x0,
    0x0, 0x0,

    /* U+2206 "∆" */
    0x0, 0x0, 0x2, 0xff, 0x20, 0x0, 0x0, 0x0,
    0x0, 0x8, 0xff, 0x90, 0x0, 0x0, 0x0, 0x0,
    0xe, 0xcc, 0xe0, 0x0, 0x0, 0x0, 0x0, 0x5f,
    0x65, 0xf5, 0x0, 0x0, 0x0, 0x0, 0xbf, 0x0,
    0xfb, 0x0, 0x0, 0x0, 0x1, 0xfa, 0x0, 0x9f,
    0x20, 0x0, 0x0, 0x8, 0xf3, 0x0, 0x3f, 0x80,
    0x0, 0x0, 0xe, 0xd0, 0x0, 0xd, 0xe0, 0x0,
    0x0, 0x4f, 0x70, 0x0, 0x7, 0xf5, 0x0, 0x0,
    0xaf, 0x10, 0x0, 0x1, 0xfb, 0x0, 0x1, 0xfb,
    0x0, 0x0, 0x0, 0xaf, 0x10, 0x7, 0xfb, 0x99,
    0x99, 0x99, 0xbf, 0x80, 0xd, 0xff, 0xff, 0xff,
    0xff, 0xff, 0xe0,

    /* U+2207 "∇" */
    0xd, 0xff, 0xff, 0xff, 0xff, 0xff, 0xd0, 0x7,
    0xfc, 0xaa, 0xaa, 0xaa, 0xcf, 0x80, 0x1, 0xfa,
    0x0, 0x0, 0x0, 0xaf, 0x20, 0x0, 0xbf, 0x10,
    0x0, 0x1, 0xfb, 0x0, 0x0, 0x4f, 0x70, 0x0,
    0x6, 0xf5, 0x0, 0x0, 0xe, 0xd0, 0x0, 0xc,
    0xe0, 0x0, 0x0, 0x8, 0xf3, 0x0, 0x3f, 0x80,
    0x0, 0x0, 0x2, 0xf9, 0x0, 0x9f, 0x20, 0x0,
    0x0, 0x0, 0xbf, 0x0, 0xec, 0x0, 0x0, 0x0,
    0x0, 0x5f, 0x65, 0xf6, 0x0, 0x0, 0x0, 0x0,
    0xe, 0xcb, 0xf0, 0x0, 0x0, 0x0, 0x0, 0x8,
    0xff, 0x90, 0x0, 0x0, 0x0, 0x0, 0x2, 0xff,
    0x30, 0x0, 0x0,

    /* U+2208 "∈" */
    0x0, 0x0, 0x6b, 0xef, 0xff, 0xff, 0xf1, 0x0,
    0x2d, 0xfb, 0x87, 0x77, 0x77, 0x70, 0x1, 0xed,
    0x20, 0x0, 0x0, 0x0, 0x0, 0xb, 0xe1, 0x0,
    0x0, 0x0, 0x0, 0x0, 0x2f, 0x60, 0x0, 0x0,
    0x0, 0x0, 0x0, 0x6f, 0x0, 0x0, 0x0, 0x0,
    0x0, 0x0, 0x7f, 0xff, 0xff, 0xff, 0xff, 0xff,
    0xf1, 0x6f, 0x77, 0x77, 0x77, 0x77, 0x77, 0x70,
    0x3f, 0x40, 0x0, 0x0, 0x0, 0x0, 0x0, 0xd,
    0xc0, 0x0, 0x0, 0x0, 0x0, 0x0, 0x3, 0xfa,
    0x0, 0x0, 0x0, 0x0, 0x0, 0x0, 0x5f, 0xe7,
    0x43, 0x33, 0x33, 0x30, 0x0, 0x2, 0xaf, 0xff,
    0xff, 0xff, 0xf1, 0x0, 0x0, 0x0, 0x12, 0x22,
    0x22, 0x20,

    /* U+2209 "∉" */
    0x0, 0x0, 0x0, 0x0, 0x0, 0x0, 0x0, 0x0,
    0x0, 0x0, 0x0, 0x5, 0xf1, 0x0, 0x0, 0x0,
    0x0, 0x0, 0xb, 0xc0, 0x0, 0x0, 0x0, 0x5b,
    0xef, 0xff, 0xff, 0xf2, 0x0, 0x2c, 0xfb, 0x87,
    0xbf, 0x77, 0x71, 0x1, 0xee, 0x30, 0x0, 0xcb,
    0x0, 0x0, 0xa, 0xf2, 0x0, 0x2, 0xf5, 0x0,
    0x0, 0x1f, 0x70, 0x0, 0x8, 0xf0, 0x0, 0x0,
    0x5f, 0x10, 0x0, 0xd, 0xa0, 0x0, 0x0, 0x6f,
    0xff, 0xff, 0xff, 0xff, 0xff, 0xf2, 0x5f, 0x77,
    0x77, 0xde, 0x77, 0x77, 0x71, 0x2f, 0x40, 0x0,
    0xe8, 0x0, 0x0, 0x0, 0xc, 0xd0, 0x5, 0xf3,
    0x0, 0x0, 0x0, 0x3, 0xfb, 0xa, 0xd0, 0x0,
    0x0, 0x0, 0x0, 0x5f, 0xef, 0xa3, 0x33, 0x33,
    0x30, 0x0, 0x2, 0xcf, 0xff, 0xff, 0xff, 0xf2,
    0x0, 0x0, 0xcb, 0x22, 0x22, 0x22, 0x20, 0x0,
    0x2, 0xf5, 0x0, 0x0, 0x0, 0x0, 0x0, 0x0,
    0x40, 0x0, 0x0, 0x0, 0x0,

    /* U+220A "∊" */
    0x0, 0x18, 0xce, 0xff, 0xff, 0x0, 0x2e, 0xd7,
    0x54, 0x44, 0x40, 0xb, 0xc0, 0x0, 0x0, 0x0,
    0x0, 0xf8, 0x44, 0x44, 0x44, 0x40, 0x1f, 0xff,
    0xff, 0xff, 0xff, 0x0, 0xf6, 0x0, 0x0, 0x0,
    0x0, 0xa, 0xd1, 0x0, 0x0, 0x0, 0x0, 0x1d,
    0xf9, 0x76, 0x66, 0x60, 0x0, 0x7, 0xbd, 0xdd,
    0xdd, 0x0,

    /* U+220B "∋" */
    0x8f, 0xff, 0xff, 0xfd, 0x93, 0x0, 0x0, 0x37,
    0x77, 0x77, 0x79, 0xef, 0x90, 0x0, 0x0, 0x0,
    0x0, 0x0, 0x7, 0xf9, 0x0, 0x0, 0x0, 0x0,
    0x0, 0x0, 0x7f, 0x40, 0x0, 0x0, 0x0, 0x0,
    0x0, 0xd, 0xa0, 0x1, 0x11, 0x11, 0x11, 0x11,
    0x18, 0xe0, 0x8f, 0xff, 0xff, 0xff, 0xff, 0xff,
    0xf0, 0x25, 0x55, 0x55, 0x55, 0x55, 0x5a, 0xf0,
    0x0, 0x0, 0x0, 0x0, 0x0, 0xb, 0xc0, 0x0,
    0x0, 0x0, 0x0, 0x0, 0x4f, 0x50, 0x0, 0x0,
    0x0, 0x0, 0x3, 0xeb, 0x0, 0x13, 0x33, 0x33,
    0x35, 0xaf, 0xc1, 0x0, 0x8f, 0xff, 0xff, 0xff,
    0xd6, 0x0, 0x0, 0x12, 0x22, 0x22, 0x20, 0x0,
    0x0, 0x0,

    /* U+220C "∌" */
    0x0, 0x0, 0x0, 0x0, 0x10, 0x0, 0x0, 0x0,
    0x0, 0x0, 0x0, 0x9c, 0x0, 0x0, 0x0, 0x0,
    0x0, 0x0, 0xf8, 0x0, 0x0, 0x7f, 0xff, 0xff,
    0xfe, 0xf6, 0x0, 0x0, 0x37, 0x77, 0x77, 0x7e,
    0xff, 0xa0, 0x0, 0x0, 0x0, 0x0, 0x1f, 0x76,
    0xfa, 0x0, 0x0, 0x0, 0x0, 0x6f, 0x10, 0x6f,
    0x50, 0x0, 0x0, 0x0, 0xbc, 0x0, 0xc, 0xb0,
    0x0, 0x0, 0x2, 0xf7, 0x0, 0x7, 0xf0, 0x7f,
    0xff, 0xff, 0xff, 0xff, 0xff, 0xf1, 0x25, 0x55,
    0x5e, 0xc5, 0x55, 0x59, 0xf0, 0x0, 0x0, 0x2f,
    0x50, 0x0, 0x9, 0xd0, 0x0, 0x0, 0x8e, 0x0,
    0x0, 0x3f, 0x70, 0x0, 0x0, 0xe9, 0x0, 0x2,
    0xdd, 0x0, 0x12, 0x25, 0xf6, 0x24, 0x9f, 0xd2,
    0x0, 0x7f, 0xff, 0xff, 0xff, 0xe8, 0x0, 0x0,
    0x13, 0x4f, 0x93, 0x32, 0x0, 0x0, 0x0, 0x0,
    0x5f, 0x20, 0x0, 0x0, 0x0, 0x0, 0x0, 0x4,
    0x0, 0x0, 0x0, 0x0, 0x0,

    /* U+220D "∍" */
    0x1f, 0xff, 0xfe, 0xc8, 0x10, 0x0, 0x44, 0x44,
    0x58, 0xee, 0x10, 0x0, 0x0, 0x0, 0x0, 0xda,
    0x0, 0x33, 0x33, 0x33, 0x39, 0xe0, 0x1f, 0xff,
    0xff, 0xff, 0xff, 0x0, 0x0, 0x0, 0x0, 0x7,
    0xe0, 0x0, 0x0, 0x0, 0x1, 0xe9, 0x0, 0x66,
    0x66, 0x79, 0xed, 0x10, 0x1d, 0xdd, 0xdd, 0xb6,
    0x0, 0x0,

    /* U+220E "∎" */
    0x2b, 0xbb, 0xbb, 0xa4, 0xff, 0xff, 0xfe, 0x4f,
    0xff, 0xff, 0xe4, 0xff, 0xff, 0xfe, 0x4f, 0xff,
    0xff, 0xe4, 0xff, 0xff, 0xfe, 0x4f, 0xff, 0xff,
    0xe4, 0xff, 0xff, 0xfe, 0x4f, 0xff, 0xff, 0xe0,

    /* U+220F "∏" */
    0xcf, 0xff, 0xff, 0xff, 0xff, 0xf0, 0xdf, 0xed,
    0xdd, 0xdd, 0xdf, 0xf0, 0xdf, 0x40, 0x0, 0x0,
    0x1f, 0xf0, 0xdf, 0x40, 0x0, 0x0, 0x1f, 0xf0,
    0xdf, 0x40, 0x0, 0x0, 0x1f, 0xf0, 0xdf, 0x40,
    0x0, 0x0, 0x1f, 0xf0, 0xdf, 0x40, 0x0, 0x0,
    0x1f, 0xf0, 0xdf, 0x40, 0x0, 0x0, 0x1f, 0xf0,
    0xdf, 0x40, 0x0, 0x0, 0x1f, 0xf0, 0xdf, 0x40,
    0x0, 0x0, 0x1f, 0xf0, 0xdf, 0x40, 0x0, 0x0,
    0x1f, 0xf0, 0xdf, 0x40, 0x0, 0x0, 0x1f, 0xf0,
    0xdf, 0x40, 0x0, 0x0, 0x1f, 0xf0, 0xdf, 0x40,
    0x0, 0x0, 0x1f, 0xf0, 0xdf, 0x40, 0x0, 0x0,
    0x1f, 0xf0, 0xdf, 0x40, 0x0, 0x0, 0x1f, 0xf0,
    0x67, 0x10, 0x0, 0x0, 0x7, 0x70,

    /* U+2210 "∐" */
    0xac, 0x30, 0x0, 0x0, 0xc, 0xc0, 0xdf, 0x40,
    0x0, 0x0, 0x1f, 0xf0, 0xdf, 0x40, 0x0, 0x0,
    0x1f, 0xf0, 0xdf, 0x40, 0x0, 0x0, 0x1f, 0xf0,
    0xdf, 0x40, 0x0, 0x0, 0x1f, 0xf0, 0xdf, 0x40,
    0x0, 0x0, 0x1f, 0xf0, 0xdf, 0x40, 0x0, 0x0,
    0x1f, 0xf0, 0xdf, 0x40, 0x0, 0x0, 0x1f, 0xf0,
    0xdf, 0x40, 0x0, 0x0, 0x1f, 0xf0, 0xdf, 0x40,
    0x0, 0x0, 0x1f, 0xf0, 0xdf, 0x40, 0x0, 0x0,
    0x1f, 0xf0, 0xdf, 0x40, 0x0, 0x0, 0x1f, 0xf0,
    0xdf, 0x40, 0x0, 0x0, 0x1f, 0xf0, 0xdf, 0x40,
    0x0, 0x0, 0x1f, 0xf0, 0xdf, 0x52, 0x22, 0x22,
    0x3f, 0xf0, 0xdf, 0xff, 0xff, 0xff, 0xff, 0xf0,
    0x8a, 0xaa, 0xaa, 0xaa, 0xaa, 0xa0,

    /* U+2211 "∑" */
    0xaf, 0xff, 0xff, 0xff, 0xff, 0xf5, 0x9f, 0xfc,
    0xcc, 0xcc, 0xcc, 0xc4, 0xc, 0xfa, 0x0, 0x0,
    0x0, 0x0, 0x1, 0xdf, 0x90, 0x0, 0x0, 0x0,
    0x0, 0x1d, 0xf8, 0x0, 0x0, 0x0, 0x0, 0x2,
    0xef, 0x60, 0x0, 0x0, 0x0, 0x0, 0x3f, 0xf5,
    0x0, 0x0, 0x0, 0x0, 0x3, 0xff, 0x40, 0x0,
    0x0, 0x0, 0x0, 0xcf, 0x80, 0x0, 0x0, 0x0,
    0xb, 0xfa, 0x0, 0x0, 0x0, 0x0, 0x9f, 0xb0,
    0x0, 0x0, 0x0, 0x7, 0xfd, 0x0, 0x0, 0x0,
    0x0, 0x6f, 0xe1, 0x0, 0x0, 0x0, 0x4, 0xfe,
    0x20, 0x0, 0x0, 0x0, 0x3f, 0xf4, 0x0, 0x0,
    0x0, 0x0, 0xdf, 0xff, 0xff, 0xff, 0xff, 0xfa,
    0x9a, 0xaa, 0xaa, 0xaa, 0xaa, 0xa6,

    /* U+2212 "−" */
    0x7, 0x77, 0x77, 0x77, 0x77, 0x77, 0x11, 0xff,
    0xff, 0xff, 0xff, 0xff, 0xf2, 0x0, 0x0, 0x0,
    0x0, 0x0, 0x0, 0x0,

    /* U+2213 "∓" */
    0x4, 0x44, 0x44, 0x44, 0x44, 0x44, 0x1, 0xff,
    0xff, 0xff, 0xff, 0xff, 0xf2, 0x3, 0x33, 0x33,
    0x33, 0x33, 0x33, 0x0, 0x0, 0x0, 0x4, 0x10,
    0x0, 0x0, 0x0, 0x0, 0x3, 0xf4, 0x0, 0x0,
    0x0, 0x0, 0x0, 0x3f, 0x40, 0x0, 0x0, 0x0,
    0x0, 0x3, 0xf4, 0x0, 0x0, 0x1, 0xee, 0xee,
    0xef, 0xee, 0xee, 0xe2, 0x9, 0x99, 0x9a, 0xfb,
    0x99, 0x99, 0x10, 0x0, 0x0, 0x3f, 0x40, 0x0,
    0x0, 0x0, 0x0, 0x3, 0xf4, 0x0, 0x0, 0x0,
    0x0, 0x0, 0x3f, 0x40, 0x0, 0x0,

    /* U+2214 "∔" */
    0x0, 0x0, 0x0, 0x20, 0x0, 0x0, 0x0, 0x0,
    0x0, 0x3f, 0x40, 0x0, 0x0, 0x0, 0x0, 0x2,
    0xa3, 0x0, 0x0, 0x0, 0x0, 0x0, 0x16, 0x10,
    0x0, 0x0, 0x0, 0x0, 0x3, 0xf4, 0x0, 0x0,
    0x0, 0x0, 0x0, 0x3f, 0x40, 0x0, 0x0, 0x0,
    0x0, 0x3, 0xf4, 0x0, 0x0, 0x0, 0x0, 0x0,
    0x3f, 0x40, 0x0, 0x0, 0x1f, 0xff, 0xff, 0xff,
    0xff, 0xff, 0x20, 0x88, 0x88, 0xaf, 0xa8, 0x88,
    0x81, 0x0, 0x0, 0x3, 0xf4, 0x0, 0x0, 0x0,
    0x0, 0x0, 0x3f, 0x40, 0x0, 0x0, 0x0, 0x0,
    0x3, 0xf4, 0x0, 0x0, 0x0, 0x0, 0x0, 0x3f,
    0x40, 0x0, 0x0,

    /* U+2215 "∕" */
    0x0, 0x0, 0x2, 0x0, 0x0, 0x9, 0xd0, 0x0,
    0x0, 0xe8, 0x0, 0x0, 0x3f, 0x40, 0x0, 0x8,
    0xe0, 0x0, 0x0, 0xda, 0x0, 0x0, 0x2f, 0x50,
    0x0, 0x7, 0xf0, 0x0, 0x0, 0xcb, 0x0, 0x0,
    0x1f, 0x60, 0x0, 0x6, 0xf1, 0x0, 0x0, 0xbc,
    0x0, 0x0, 0xf, 0x70, 0x0, 0x5, 0xf2, 0x0,
    0x0, 0xad, 0x0, 0x0, 0x9, 0x60, 0x0, 0x0,

    /* U+2216 "∖" */
    0x5d, 0x10, 0x0, 0x1, 0xf5, 0x0, 0x0, 0xd,
    0xa0, 0x0, 0x0, 0x8f, 0x0, 0x0, 0x3, 0xf4,
    0x0, 0x0, 0xe, 0x90, 0x0, 0x0, 0x9e, 0x0,
    0x0, 0x4, 0xf3, 0x0, 0x0, 0xf, 0x80, 0x0,
    0x0, 0xad, 0x0, 0x0, 0x5, 0xf2, 0x0, 0x0,
    0xf, 0x70, 0x0, 0x0, 0xbc, 0x0, 0x0, 0x6,
    0xf1, 0x0, 0x0, 0x1f, 0x50,

    /* U+2217 "∗" */
    0x0, 0x0, 0x4, 0x10, 0x0, 0x0, 0x0, 0x3,
    0xf4, 0x0, 0x0, 0x0, 0x0, 0x3f, 0x40, 0x0,
    0x4, 0xd4, 0x3, 0xf4, 0x3, 0xc6, 0x4d, 0xfb,
    0x5f, 0x6a, 0xfe, 0x50, 0x7, 0xff, 0xff, 0xf8,
    0x0, 0x0, 0x6, 0xff, 0xf7, 0x0, 0x0, 0x2b,
    0xfe, 0xfe, 0xfc, 0x30, 0x6f, 0xe6, 0x3f, 0x45,
    0xef, 0x72, 0x91, 0x3, 0xf4, 0x0, 0x83, 0x0,
    0x0, 0x3f, 0x40, 0x0, 0x0, 0x0, 0x3, 0xf4,
    0x0, 0x0,

    /* U+2218 "∘" */
    0x0, 0x3, 0x10, 0x0, 0x4e, 0xef, 0x70, 0xe,
    0x50, 0x3f, 0x21, 0xf0, 0x0, 0xd4, 0xe, 0x70,
    0x4f, 0x10, 0x3d, 0xfe, 0x50, 0x0, 0x1, 0x0,
    0x0,

    /* U+2219 "∙" */
    0x0, 0x21, 0x0, 0x3e, 0xff, 0x60, 0xcf, 0xff,
    0xf1, 0xef, 0xff, 0xf3, 0xaf, 0xff, 0xe0, 0x1a,
    0xec, 0x30,

    /* U+221A "√" */
    0x0, 0x0, 0x0, 0x0, 0x4, 0xd6, 0x0, 0x0,
    0x0, 0x0, 0xa, 0x40, 0x0, 0x0, 0x0, 0x0,
    0x1d, 0x0, 0x0, 0x0, 0x0, 0x0, 0x68, 0x0,
    0x0, 0x0, 0x0, 0x0, 0xc2, 0x0, 0x0, 0x0,
    0x0, 0x2, 0xc0, 0x0, 0x4, 0x92, 0x0, 0x8,
    0x60, 0x0, 0x48, 0xf7, 0x0, 0xd, 0x10, 0x0,
    0x0, 0xbd, 0x0, 0x4b, 0x0, 0x0, 0x0, 0x6f,
    0x30, 0xa5, 0x0, 0x0, 0x0, 0xf, 0x90, 0xe0,
    0x0, 0x0, 0x0, 0xa, 0xe6, 0x90, 0x0, 0x0,
    0x0, 0x4, 0xfe, 0x30, 0x0, 0x0, 0x0, 0x0,
    0xed, 0x0, 0x0, 0x0, 0x0, 0x0, 0x97, 0x0,
    0x0, 0x0, 0x0, 0x0, 0x0, 0x0, 0x0, 0x0,

    /* U+221B "∛" */
    0x0, 0x8b, 0xca, 0x20, 0x0, 0x0, 0x0, 0x53,
    0x29, 0xe0, 0x0, 0x0, 0x0, 0x0, 0x5, 0xf0,
    0x3, 0xa5, 0x0, 0x9, 0xdf, 0x50, 0x9, 0x61,
    0x0, 0x1, 0x39, 0xd0, 0xe, 0x0, 0x0, 0x0,
    0x1, 0xf4, 0x59, 0x0, 0x1, 0x62, 0x39, 0xf1,
    0xb3, 0x0, 0x0, 0x9c, 0xca, 0x31, 0xd0, 0x0,
    0x1, 0x61, 0x0, 0x7, 0x70, 0x0, 0x4b, 0xf6,
    0x0, 0xd, 0x10, 0x0, 0x0, 0xdc, 0x0, 0x3c,
    0x0, 0x0, 0x0, 0x7f, 0x20, 0x96, 0x0, 0x0,
    0x0, 0x1f, 0x70, 0xe0, 0x0, 0x0, 0x0, 0xb,
    0xd4, 0xa0, 0x0, 0x0, 0x0, 0x6, 0xfd, 0x40,
    0x0, 0x0, 0x0, 0x0, 0xfe, 0x0, 0x0, 0x0,
    0x0, 0x0, 0xa8, 0x0, 0x0, 0x0, 0x0, 0x0,
    0x21, 0x0, 0x0, 0x0,

    /* U+221C "∜" */
    0x0, 0x0, 0x4b, 0x30, 0x0, 0x0, 0x0, 0x1,
    0xcf, 0x50, 0x0, 0x0, 0x0, 0xb, 0x3e, 0x50,
    0x5, 0xd4, 0x0, 0x77, 0xe, 0x50, 0xc, 0x20,
    0x3, 0xb0, 0xe, 0x50, 0x2c, 0x0, 0x9, 0xff,
    0xff, 0xf8, 0x86, 0x0, 0x0, 0x0, 0xe, 0x50,
    0xd1, 0x0, 0x0, 0x0, 0x9, 0x34, 0xb0, 0x0,
    0x2, 0x70, 0x0, 0x9, 0x50, 0x0, 0x6b, 0xf4,
    0x0, 0xe, 0x0, 0x0, 0x0, 0xea, 0x0, 0x59,
    0x0, 0x0, 0x0, 0x8f, 0x0, 0xb3, 0x0, 0x0,
    0x0, 0x3f, 0x61, 0xd0, 0x0, 0x0, 0x0, 0xd,
    0xc7, 0x70, 0x0, 0x0, 0x0, 0x7, 0xfd, 0x20,
    0x0, 0x0, 0x0, 0x1, 0xfc, 0x0, 0x0, 0x0,
    0x0, 0x0, 0xc6, 0x0, 0x0, 0x0, 0x0, 0x0,
    0x20, 0x0, 0x0, 0x0,

    /* U+221D "∝" */
    0x0, 0x7c, 0xb2, 0x2, 0xac, 0x7, 0xc5, 0xae,
    0x2e, 0xa5, 0xd, 0x10, 0xb, 0xfa, 0x0, 0xd,
    0x0, 0x3, 0xf2, 0x0, 0xe, 0x0, 0x7, 0xfa,
    0x0, 0x8, 0xa3, 0x7f, 0x4f, 0x82, 0x0, 0x9e,
    0xc4, 0x4, 0xde,

    /* U+221E "∞" */
    0x0, 0x7c, 0xb2, 0x2, 0xac, 0x70, 0x0, 0x7c,
    0x5a, 0xe2, 0xea, 0x6c, 0x70, 0xd, 0x10, 0xb,
    0xf9, 0x0, 0x1d, 0x0, 0xd0, 0x0, 0x3f, 0x20,
    0x0, 0xd0, 0xe, 0x0, 0x7, 0xfa, 0x0, 0xe,
    0x0, 0x8a, 0x37, 0xf4, 0xf8, 0x3a, 0x80, 0x0,
    0x9e, 0xc4, 0x4, 0xde, 0x90, 0x0,

    /* U+221F "∟" */
    0x0, 0x0, 0x0, 0x0, 0x0, 0x8, 0xf0, 0x0,
    0x0, 0x0, 0x0, 0x8f, 0x0, 0x0, 0x0, 0x0,
    0x8, 0xf0, 0x0, 0x0, 0x0, 0x0, 0x8f, 0x0,
    0x0, 0x0, 0x0, 0x8, 0xf0, 0x0, 0x0, 0x0,
    0x0, 0x8f, 0x0, 0x0, 0x0, 0x0, 0x8, 0xf0,
    0x0, 0x0, 0x0, 0x0, 0x8f, 0x0, 0x0, 0x0,
    0x0, 0x8, 0xf7, 0x77, 0x77, 0x77, 0x74, 0x8f,
    0xff, 0xff, 0xff, 0xff, 0x90, 0x0, 0x0, 0x0,
    0x0, 0x0,

    /* U+2220 "∠" */
    0x0, 0x0, 0x0, 0x0, 0x2, 0x10, 0x0, 0x0,
    0x0, 0x0, 0x0, 0x7f, 0xa0, 0x0, 0x0, 0x0,
    0x0, 0x2, 0xfe, 0x10, 0x0, 0x0, 0x0, 0x0,
    0xc, 0xf5, 0x0, 0x0, 0x0, 0x0, 0x0, 0x6f,
    0xb0, 0x0, 0x0, 0x0, 0x0, 0x1, 0xef, 0x20,
    0x0, 0x0, 0x0, 0x0, 0xa, 0xf7, 0x0, 0x0,
    0x0, 0x0, 0x0, 0x5f, 0xd0, 0x0, 0x0, 0x0,
    0x0, 0x0, 0xef, 0x30, 0x0, 0x0, 0x0, 0x0,
    0x9, 0xf8, 0x0, 0x0, 0x0, 0x0, 0x0, 0x3f,
    0xe0, 0x0, 0x0, 0x0, 0x0, 0x0, 0xdf, 0x40,
    0x0, 0x0, 0x0, 0x0, 0x8, 0xff, 0xcc, 0xcc,
    0xcc, 0xcc, 0xc1, 0x2f, 0xff, 0xff, 0xff, 0xff,
    0xff, 0xf2,

    /* U+2221 "∡" */
    0x0, 0x0, 0x0, 0x0, 0x2, 0x10, 0x0, 0x0,
    0x0, 0x0, 0x0, 0x7f, 0xa0, 0x0, 0x0, 0x0,
    0x0, 0x2, 0xfe, 0x10, 0x0, 0x0, 0x0, 0x0,
    0xc, 0xf5, 0x0, 0x0, 0x0, 0x0, 0x0, 0x6f,
    0xb0, 0x0, 0x0, 0x0, 0x0, 0x6, 0xef, 0x20,
    0x0, 0x0, 0x0, 0x0, 0x2f, 0xf7, 0x0, 0x0,
    0x0, 0x0, 0x0, 0x5f, 0xfb, 0x0, 0x0, 0x0,
    0x0, 0x0, 0xef, 0x5f, 0x70, 0x0, 0x0, 0x0,
    0x9, 0xf8, 0x6, 0xf1, 0x0, 0x0, 0x0, 0x3f,
    0xe0, 0x0, 0xd8, 0x0, 0x0, 0x0, 0xdf, 0x40,
    0x0, 0x6d, 0x0, 0x0, 0x8, 0xff, 0xcc, 0xcc,
    0xdf, 0xcc, 0xc1, 0x2f, 0xff, 0xff, 0xff, 0xff,
    0xff, 0xf2, 0x0, 0x0, 0x0, 0x0, 0xc, 0x60,
    0x0,

    /* U+2222 "∢" */
    0x0, 0x0, 0x0, 0x0, 0x0, 0x0, 0x0, 0x0,
    0x0, 0x0, 0x3, 0xb3, 0x0, 0x0, 0x1, 0x63,
    0xbf, 0xf2, 0x0, 0x0, 0x7, 0xff, 0xf9, 0x20,
    0x0, 0x2, 0xaf, 0xff, 0x20, 0x0, 0x1, 0x9f,
    0xfa, 0x6f, 0x20, 0x0, 0x8f, 0xfa, 0x20, 0xf,
    0x50, 0x0, 0xef, 0x50, 0x0, 0xf, 0x60, 0x0,
    0x8f, 0xfa, 0x20, 0xf, 0x50, 0x0, 0x1, 0x9f,
    0xf9, 0x6f, 0x20, 0x0, 0x0, 0x2, 0xaf, 0xfe,
    0x20, 0x0, 0x0, 0x0, 0x7, 0xff, 0xf9, 0x20,
    0x0, 0x0, 0x1, 0x53, 0xbf, 0xf2, 0x0, 0x0,
    0x0, 0x0, 0x3, 0xb2, 0x0, 0x0, 0x0, 0x0,
    0x0, 0x0,

    /* U+2223 "∣" */
    0x3f, 0x33, 0xf3, 0x3f, 0x33, 0xf3, 0x3f, 0x33,
    0xf3, 0x3f, 0x33, 0xf3, 0x3f, 0x33, 0xf3, 0x3f,
    0x33, 0xf3, 0x3f, 0x33, 0xf3, 0x3f, 0x33, 0xf3,
    0x3f, 0x32, 0xc2,

    /* U+2224 "∤" */
    0x0, 0x3, 0xf3, 0x0, 0x0, 0x0, 0x3f, 0x30,
    0x0, 0x0, 0x3, 0xf3, 0x0, 0x0, 0x0, 0x3f,
    0x30, 0x0, 0x0, 0x3, 0xf3, 0x0, 0x0, 0x0,
    0x3f, 0x30, 0x0, 0x0, 0x3, 0xf3, 0x39, 0x0,
    0x0, 0x3f, 0xaf, 0x80, 0x0, 0x4, 0xfd, 0x30,
    0x0, 0x6, 0xff, 0x30, 0x0, 0xb, 0xe8, 0xf3,
    0x0, 0x0, 0x61, 0x3f, 0x30, 0x0, 0x0, 0x3,
    0xf3, 0x0, 0x0, 0x0, 0x3f, 0x30, 0x0, 0x0,
    0x3, 0xf3, 0x0, 0x0, 0x0, 0x3f, 0x30, 0x0,
    0x0, 0x3, 0xf3, 0x0, 0x0, 0x0, 0x2c, 0x20,
    0x0,

    /* U+2225 "∥" */
    0x7e, 0x7, 0xe7, 0xe0, 0x7e, 0x7e, 0x7, 0xe7,
    0xe0, 0x7e, 0x7e, 0x7, 0xe7, 0xe0, 0x7e, 0x7e,
    0x7, 0xe7, 0xe0, 0x7e, 0x7e, 0x7, 0xe7, 0xe0,
    0x7e, 0x7e, 0x7, 0xe7, 0xe0, 0x7e, 0x7e, 0x7,
    0xe7, 0xe0, 0x7e, 0x7e, 0x7, 0xe7, 0xe0, 0x7e,
    0x7e, 0x7, 0xe5, 0xb0, 0x5b,

    /* U+2226 "∦" */
    0x7, 0xe0, 0x7e, 0x0, 0x7, 0xe0, 0x7e, 0x0,
    0x7, 0xe0, 0x7e, 0x0, 0x7, 0xe0, 0x7e, 0x0,
    0x7, 0xe0, 0x7e, 0x0, 0x7, 0xe0, 0x7e, 0x0,
    0x7, 0xe0, 0x7f, 0xa1, 0x7, 0xe0, 0x9f, 0xb1,
    0x7, 0xfb, 0xfe, 0x0, 0x9, 0xfb, 0xae, 0x0,
    0x9f, 0xe0, 0x7e, 0x0, 0x5a, 0xe0, 0x7e, 0x0,
    0x7, 0xe0, 0x7e, 0x0, 0x7, 0xe0, 0x7e, 0x0,
    0x7, 0xe0, 0x7e, 0x0, 0x7, 0xe0, 0x7e, 0x0,
    0x7, 0xe0, 0x7e, 0x0, 0x5, 0xb0, 0x5b, 0x0,

    /* U+2227 "∧" */
    0x0, 0x3, 0x65, 0x0, 0x0, 0x0, 0xcf, 0xf0,
    0x0, 0x0, 0x1f, 0xff, 0x40, 0x0, 0x6, 0xf8,
    0xf9, 0x0, 0x0, 0xbf, 0x1d, 0xe0, 0x0, 0xf,
    0xb0, 0x8f, 0x20, 0x4, 0xf6, 0x3, 0xf7, 0x0,
    0x9f, 0x10, 0xe, 0xc0, 0xe, 0xc0, 0x0, 0xaf,
    0x13, 0xf7, 0x0, 0x5, 0xf6, 0x8f, 0x20, 0x0,
    0xf, 0xb0,

    /* U+2228 "∨" */
    0x46, 0x0, 0x0, 0x6, 0x56, 0xf5, 0x0, 0x2,
    0xf9, 0x1f, 0xa0, 0x0, 0x7f, 0x40, 0xce, 0x0,
    0xc, 0xf0, 0x7, 0xf3, 0x1, 0xfa, 0x0, 0x2f,
    0x80, 0x6f, 0x50, 0x0, 0xdd, 0xa, 0xf1, 0x0,
    0x9, 0xf3, 0xfc, 0x0, 0x0, 0x4f, 0xcf, 0x70,
    0x0, 0x0, 0xef, 0xf2, 0x0, 0x0, 0xa, 0xfd,
    0x0, 0x0,

    /* U+2229 "∩" */
    0x0, 0x4, 0x65, 0x10, 0x0, 0x2e, 0xff, 0xff,
    0x70, 0xd, 0xe4, 0x12, 0xbf, 0x34, 0xf5, 0x0,
    0x0, 0xea, 0x7f, 0x0, 0x0, 0xa, 0xd8, 0xf0,
    0x0, 0x0, 0x9e, 0x9e, 0x0, 0x0, 0x9, 0xf9,
    0xe0, 0x0, 0x0, 0x9f, 0x9e, 0x0, 0x0, 0x9,
    0xf9, 0xe0, 0x0, 0x0, 0x9f, 0x9e, 0x0, 0x0,
    0x9, 0xf0,

    /* U+222A "∪" */
    0x36, 0x0, 0x0, 0x3, 0x69, 0xe0, 0x0, 0x0,
    0x9f, 0x9e, 0x0, 0x0, 0x9, 0xf9, 0xe0, 0x0,
    0x0, 0x9f, 0x9e, 0x0, 0x0, 0x9, 0xf9, 0xe0,
    0x0, 0x0, 0x9f, 0x8f, 0x0, 0x0, 0x9, 0xe6,
    0xf1, 0x0, 0x0, 0xcc, 0x2f, 0x80, 0x0, 0x3f,
    0x80, 0x9f, 0xb7, 0x9f, 0xe1, 0x0, 0x7d, 0xfe,
    0xa2, 0x0,

    /* U+222B "∫" */
    0x0, 0x0, 0x26, 0x10, 0x0, 0x3, 0xff, 0xd0,
    0x0, 0xa, 0xd1, 0xe3, 0x0, 0xc, 0xb0, 0x0,
    0x0, 0xd, 0xa0, 0x0, 0x0, 0xd, 0x90, 0x0,
    0x0, 0xe, 0x80, 0x0, 0x0, 0xf, 0x80, 0x0,
    0x0, 0xf, 0x70, 0x0, 0x0, 0xf, 0x60, 0x0,
    0x0, 0x1f, 0x50, 0x0, 0x0, 0x2f, 0x50, 0x0,
    0x0, 0x3f, 0x40, 0x0, 0x0, 0x4f, 0x30, 0x0,
    0x0, 0x4f, 0x20, 0x0, 0x73, 0x6f, 0x10, 0x0,
    0xbc, 0xcd, 0x0, 0x0, 0x2b, 0xb2, 0x0, 0x0,

    /* U+222C "∬" */
    0x0, 0x0, 0x26, 0x10, 0x3, 0x60, 0x0, 0x0,
    0x3f, 0xfd, 0x6, 0xff, 0xb0, 0x0, 0xa, 0xd1,
    0xe3, 0xca, 0x4e, 0x0, 0x0, 0xcb, 0x0, 0xe,
    0x80, 0x0, 0x0, 0xd, 0xa0, 0x0, 0xf7, 0x0,
    0x0, 0x0, 0xd9, 0x0, 0xf, 0x60, 0x0, 0x0,
    0xe, 0x80, 0x1, 0xf6, 0x0, 0x0, 0x0, 0xf8,
    0x0, 0x2f, 0x50, 0x0, 0x0, 0xf, 0x70, 0x2,
    0xf4, 0x0, 0x0, 0x0, 0xf6, 0x0, 0x3f, 0x30,
    0x0, 0x0, 0x1f, 0x50, 0x4, 0xf2, 0x0, 0x0,
    0x2, 0xf5, 0x0, 0x5f, 0x20, 0x0, 0x0, 0x3f,
    0x40, 0x6, 0xf1, 0x0, 0x0, 0x4, 0xf3, 0x0,
    0x6f, 0x0, 0x0, 0x0, 0x4f, 0x20, 0x7, 0xf0,
    0x0, 0x7, 0x36, 0xf2, 0x82, 0x9e, 0x0, 0x0,
    0xbc, 0xcd, 0xd, 0xbe, 0xa0, 0x0, 0x2, 0xbb,
    0x20, 0x3c, 0xa1, 0x0, 0x0,

    /* U+222D "∭" */
    0x0, 0x0, 0x26, 0x10, 0x3, 0x60, 0x0, 0x45,
    0x0, 0x0, 0x3f, 0xfd, 0x6, 0xff, 0xb0, 0x9f,
    0xf8, 0x0, 0xa, 0xd1, 0xe3, 0xca, 0x4e, 0x1f,
    0x86, 0xd0, 0x0, 0xcb, 0x0, 0xe, 0x80, 0x1,
    0xf5, 0x0, 0x0, 0xd, 0xa0, 0x0, 0xf7, 0x0,
    0x2f, 0x40, 0x0, 0x0, 0xd9, 0x0, 0xf, 0x60,
    0x3, 0xf4, 0x0, 0x0, 0xe, 0x80, 0x1, 0xf6,
    0x0, 0x4f, 0x30, 0x0, 0x0, 0xf8, 0x0, 0x2f,
    0x50, 0x5, 0xf2, 0x0, 0x0, 0xf, 0x70, 0x2,
    0xf4, 0x0, 0x5f, 0x10, 0x0, 0x0, 0xf6, 0x0,
    0x3f, 0x30, 0x6, 0xf0, 0x0, 0x0, 0x1f, 0x50,
    0x4, 0xf2, 0x0, 0x7f, 0x0, 0x0, 0x2, 0xf5,
    0x0, 0x5f, 0x20, 0x8, 0xf0, 0x0, 0x0, 0x3f,
    0x40, 0x6, 0xf1, 0x0, 0x8e, 0x0, 0x0, 0x4,
    0xf3, 0x0, 0x6f, 0x0, 0x9, 0xd0, 0x0, 0x0,
    0x4f, 0x20, 0x7, 0xf0, 0x0, 0xad, 0x0, 0x7,
    0x36, 0xf2, 0x82, 0x9e, 0x28, 0xb, 0xb0, 0x0,
    0xbc, 0xcd, 0xd, 0xbe, 0xa1, 0xfa, 0xf7, 0x0,
    0x2, 0xbb, 0x20, 0x3c, 0xa1, 0x5, 0xc9, 0x0,
    0x0,

    /* U+222E "∮" */
    0x0, 0x0, 0x3, 0x60, 0x0, 0x0, 0x5, 0xff,
    0xb0, 0x0, 0x0, 0xcb, 0x3e, 0x10, 0x0, 0xe,
    0x80, 0x0, 0x0, 0x0, 0xf8, 0x0, 0x0, 0x0,
    0xf, 0x70, 0x0, 0x0, 0x5e, 0xff, 0x70, 0x0,
    0x3f, 0x6f, 0x9e, 0x50, 0xa, 0x82, 0xf5, 0x6b,
    0x0, 0xb6, 0x3f, 0x45, 0xc0, 0x7, 0xd5, 0xf3,
    0xc8, 0x0, 0xb, 0xff, 0xec, 0x0, 0x0, 0x7,
    0xf5, 0x0, 0x0, 0x0, 0x6f, 0x10, 0x0, 0x0,
    0x7, 0xf0, 0x0, 0x0, 0x82, 0x8f, 0x0, 0x0,
    0xd, 0xbe, 0xa0, 0x0, 0x0, 0x3c, 0xa1, 0x0,
    0x0,

    /* U+222F "∯" */
    0x0, 0x0, 0x3, 0x60, 0x0, 0x45, 0x0, 0x0,
    0x0, 0x5f, 0xfc, 0x7, 0xff, 0xa0, 0x0, 0x0,
    0xcb, 0x2e, 0x2d, 0x94, 0xe0, 0x0, 0x0, 0xe9,
    0x0, 0xf, 0x70, 0x0, 0x0, 0x0, 0xf8, 0x0,
    0xf, 0x60, 0x0, 0x0, 0x0, 0xf9, 0x33, 0x4f,
    0x50, 0x0, 0x0, 0x7f, 0xff, 0xff, 0xff, 0xf7,
    0x0, 0x4, 0xe6, 0xf5, 0x0, 0x3f, 0x7e, 0x40,
    0xa, 0x72, 0xf4, 0x0, 0x4f, 0x37, 0xa0, 0xa,
    0x73, 0xf4, 0x0, 0x4f, 0x27, 0xa0, 0x5, 0xe7,
    0xf3, 0x0, 0x5f, 0x5e, 0x50, 0x0, 0x7f, 0xff,
    0xff, 0xff, 0xf7, 0x0, 0x0, 0x5, 0xf4, 0x33,
    0x9f, 0x0, 0x0, 0x0, 0x6, 0xf1, 0x0, 0x8f,
    0x0, 0x0, 0x0, 0x7, 0xf0, 0x0, 0x8e, 0x0,
    0x0, 0x9, 0x28, 0xe1, 0x91, 0xad, 0x0, 0x0,
    0xd, 0xbe, 0xa0, 0xfa, 0xe8, 0x0, 0x0, 0x3,
    0xca, 0x10, 0x4c, 0x90, 0x0, 0x0,

    /* U+2230 "∰" */
    0x0, 0x0, 0x3, 0x60, 0x0, 0x45, 0x0, 0x6,
    0x30, 0x0, 0x0, 0x5f, 0xfc, 0x7, 0xff, 0x70,
    0xcf, 0xf4, 0x0, 0x0, 0xcb, 0x2e, 0x2d, 0x96,
    0xb4, 0xf3, 0xa8, 0x0, 0x0, 0xe9, 0x0, 0xf,
    0x60, 0x6, 0xf1, 0x0, 0x0, 0x0, 0xf8, 0x0,
    0xf, 0x60, 0x7, 0xf0, 0x0, 0x0, 0x0, 0xf9,
    0x33, 0x4f, 0x73, 0x39, 0xf0, 0x0, 0x0, 0x7f,
    0xff, 0xff, 0xff, 0xff, 0xff, 0xfd, 0x30, 0x4,
    0xe6, 0xf5, 0x0, 0x3f, 0x40, 0x9, 0xe8, 0xd0,
    0xa, 0x72, 0xf4, 0x0, 0x4f, 0x30, 0xa, 0xd0,
    0xd4, 0xa, 0x73, 0xf4, 0x0, 0x4f, 0x20, 0xb,
    0xc0, 0xd4, 0x5, 0xe7, 0xf3, 0x0, 0x5f, 0x10,
    0xc, 0xc7, 0xe0, 0x0, 0x7f, 0xff, 0xff, 0xff,
    0xff, 0xff, 0xfd, 0x30, 0x0, 0x5, 0xf4, 0x33,
    0x9f, 0x33, 0x3d, 0xa0, 0x0, 0x0, 0x6, 0xf1,
    0x0, 0x8f, 0x0, 0xe, 0x90, 0x0, 0x0, 0x7,
    0xf0, 0x0, 0x8e, 0x0, 0xe, 0x80, 0x0, 0x9,
    0x28, 0xe1, 0x91, 0xad, 0x38, 0xf, 0x70, 0x0,
    0xd, 0xbe, 0xa0, 0xfa, 0xe8, 0x2f, 0xaf, 0x30,
    0x0, 0x3, 0xca, 0x10, 0x4c, 0x90, 0x6, 0xc6,
    0x0, 0x0,

    /* U+2231 "∱" */
    0x0, 0x0, 0x3, 0x60, 0x0, 0x0, 0x0, 0x5f,
    0xfc, 0x0, 0x0, 0x0, 0xbc, 0x2f, 0x10, 0x0,
    0x0, 0xd9, 0x0, 0x0, 0x0, 0x0, 0xe8, 0x0,
    0x0, 0x0, 0x0, 0xf8, 0x0, 0x0, 0x0, 0x19,
    0xfc, 0x30, 0x0, 0x1, 0xd6, 0xf9, 0xd3, 0x0,
    0x7, 0x71, 0xf5, 0x4b, 0x0, 0x4, 0x12, 0xf8,
    0xce, 0xc1, 0x0, 0x3, 0xf4, 0x7f, 0x50, 0x0,
    0x4, 0xf3, 0x1, 0x0, 0x0, 0x4, 0xf2, 0x0,
    0x0, 0x0, 0x5, 0xf2, 0x0, 0x0, 0x0, 0x6,
    0xf1, 0x0, 0x0, 0x8, 0x27, 0xf0, 0x0, 0x0,
    0xc, 0xcd, 0xb0, 0x0, 0x0, 0x2, 0xcb, 0x10,
    0x0, 0x0,

    /* U+2232 "∲" */
    0x0, 0x0, 0x3, 0x60, 0x0, 0x0, 0x0, 0x5f,
    0xfb, 0x0, 0x0, 0x0, 0xcb, 0x3e, 0x10, 0x0,
    0x0, 0xe8, 0x0, 0x0, 0x0, 0x0, 0xf8, 0x0,
    0x0, 0x0, 0x0, 0xf7, 0x0, 0x0, 0x0, 0x5e,
    0xff, 0x70, 0x0, 0x3, 0xf6, 0xf9, 0xe5, 0x0,
    0xa, 0x82, 0xf9, 0x9c, 0x70, 0xb, 0x63, 0xf6,
    0xef, 0x70, 0x7, 0xd5, 0xf4, 0xc9, 0x0, 0x0,
    0xbf, 0xfe, 0xc0, 0x0, 0x0, 0x7, 0xf5, 0x0,
    0x0, 0x0, 0x6, 0xf1, 0x0, 0x0, 0x0, 0x7,
    0xf0, 0x0, 0x0, 0x8, 0x28, 0xf0, 0x0, 0x0,
    0xd, 0xbe, 0xa0, 0x0, 0x0, 0x3, 0xca, 0x10,
    0x0, 0x0,

    /* U+2233 "∳" */
    0x0, 0x0, 0x3, 0x61, 0x0, 0x0, 0x0, 0x5f,
    0xfd, 0x0, 0x0, 0x0, 0xcc, 0x2f, 0x30, 0x0,
    0x0, 0xe9, 0x0, 0x0, 0x0, 0x0, 0xf8, 0x0,
    0x0, 0x0, 0x0, 0xf7, 0x0, 0x0, 0x0, 0x5e,
    0xff, 0x80, 0x0, 0x3, 0xf6, 0xf9, 0xe7, 0x0,
    0xa, 0x82, 0xf5, 0xbf, 0x30, 0xb, 0x63, 0xfa,
    0xdf, 0xd1, 0x7, 0xd5, 0xf4, 0xcb, 0x0, 0x0,
    0xbf, 0xfe, 0xc1, 0x0, 0x0, 0x7, 0xf5, 0x0,
    0x0, 0x0, 0x6, 0xf1, 0x0, 0x0, 0x0, 0x7,
    0xf0, 0x0, 0x0, 0x8, 0x28, 0xf0, 0x0, 0x0,
    0xd, 0xbe, 0xa0, 0x0, 0x0, 0x3, 0xca, 0x10,
    0x0, 0x0,

    /* U+2234 "∴" */
    0x0, 0x1, 0xfb, 0x0, 0x0, 0x0, 0x1, 0xfc,
    0x0, 0x0, 0x0, 0x0, 0x43, 0x0, 0x0, 0x0,
    0x0, 0x0, 0x0, 0x0, 0x0, 0x0, 0x0, 0x0,
    0x0, 0x0, 0x0, 0x0, 0x0, 0x0, 0x0, 0x0,
    0x0, 0x0, 0x0, 0xfe, 0x0, 0x0, 0x3, 0xfa,
    0xfe, 0x0, 0x0, 0x3, 0xfa, 0x32, 0x0, 0x0,
    0x0, 0x32,

    /* U+2235 "∵" */
    0xee, 0x0, 0x0, 0x3, 0xf9, 0xfe, 0x0, 0x0,
    0x3, 0xfa, 0x44, 0x0, 0x0, 0x0, 0x42, 0x0,
    0x0, 0x0, 0x0, 0x0, 0x0, 0x0, 0x0, 0x0,
    0x0, 0x0, 0x0, 0x0, 0x0, 0x0, 0x0, 0x0,
    0x0, 0x0, 0x0, 0x0, 0x1, 0xfc, 0x0, 0x0,
    0x0, 0x1, 0xfc, 0x0, 0x0, 0x0, 0x0, 0x32,
    0x0, 0x0,

    /* U+2236 "∶" */
    0xbf, 0x1c, 0xf1, 0x34, 0x0, 0x0, 0x0, 0x0,
    0x0, 0x0, 0xc, 0xf1, 0xcf, 0x12, 0x30,

    /* U+2237 "∷" */
    0xee, 0x0, 0x0, 0xa, 0xf2, 0xfe, 0x0, 0x0,
    0xb, 0xf2, 0x44, 0x0, 0x0, 0x3, 0x40, 0x0,
    0x0, 0x0, 0x0, 0x0, 0x0, 0x0, 0x0, 0x0,
    0x0, 0x0, 0x0, 0x0, 0x0, 0x0, 0x0, 0x0,
    0x0, 0x0, 0x0, 0xfe, 0x0, 0x0, 0xb, 0xf2,
    0xfe, 0x0, 0x0, 0xb, 0xf2, 0x32, 0x0, 0x0,
    0x2, 0x30,

    /* U+2238 "∸" */
    0x0, 0x0, 0x6, 0xf6, 0x0, 0x0, 0x0, 0x0,
    0x0, 0x6f, 0x70, 0x0, 0x0, 0x0, 0x0, 0x1,
    0x42, 0x0, 0x0, 0x0, 0x77, 0x77, 0x77, 0x77,
    0x77, 0x71, 0x1f, 0xff, 0xff, 0xff, 0xff, 0xff,
    0x20, 0x0, 0x0, 0x0, 0x0, 0x0, 0x0,

    /* U+2239 "∹" */
    0x0, 0x0, 0x0, 0x0, 0x0, 0xbf, 0x10, 0x0,
    0x0, 0x0, 0x0, 0xc, 0xf1, 0x0, 0x0, 0x0,
    0x0, 0x0, 0x34, 0x0, 0x77, 0x77, 0x77, 0x73,
    0x0, 0x0, 0x1f, 0xff, 0xff, 0xff, 0x70, 0x0,
    0x0, 0x0, 0x0, 0x0, 0x0, 0x0, 0x0, 0x0,
    0x0, 0x0, 0x0, 0x0, 0xad, 0x10, 0x0, 0x0,
    0x0, 0x0, 0xc, 0xf1, 0x0, 0x0, 0x0, 0x0,
    0x0, 0x46, 0x0,

    /* U+223A "∺" */
    0x1f, 0xb0, 0x0, 0x0, 0x0, 0xbf, 0x11, 0xfc,
    0x0, 0x0, 0x0, 0xc, 0xf1, 0x4, 0x30, 0x0,
    0x0, 0x0, 0x34, 0x0, 0x77, 0x77, 0x77, 0x77,
    0x77, 0x70, 0x1f, 0xff, 0xff, 0xff, 0xff, 0xff,
    0x10, 0x0, 0x0, 0x0, 0x0, 0x0, 0x0, 0x1d,
    0xa0, 0x0, 0x0, 0x0, 0xad, 0x11, 0xfc, 0x0,
    0x0, 0x0, 0xc, 0xf1, 0x6, 0x40, 0x0, 0x0,
    0x0, 0x46, 0x0,

    /* U+223B "∻" */
    0x0, 0x0, 0x2f, 0xa0, 0x0, 0x0, 0x0, 0x0,
    0x3f, 0xa0, 0x0, 0x0, 0x0, 0x0, 0x4, 0x30,
    0x0, 0x0, 0x7, 0xdf, 0xd8, 0x20, 0x1, 0x86,
    0xce, 0x98, 0xbf, 0xfe, 0xdf, 0xd3, 0x60, 0x0,
    0x0, 0x47, 0x74, 0x0, 0x0, 0x0, 0x2d, 0x90,
    0x0, 0x0, 0x0, 0x0, 0x3f, 0xa0, 0x0, 0x0,
    0x0, 0x0, 0x16, 0x40, 0x0, 0x0,

    /* U+223C "∼" */
    0x0, 0x0, 0x0, 0x0, 0x0, 0x0, 0x0, 0x2a,
    0xff, 0xd8, 0x20, 0x3, 0xc2, 0x1f, 0xc7, 0x7b,
    0xff, 0xee, 0xfb, 0x1, 0x50, 0x0, 0x1, 0x58,
    0x84, 0x0,

    /* U+223D "∽" */
    0x0, 0x0, 0x0, 0x0, 0x0, 0x0, 0x1, 0xc3,
    0x0, 0x27, 0xdf, 0xfb, 0x30, 0xb, 0xfe, 0xef,
    0xfb, 0x77, 0xcf, 0x20, 0x3, 0x88, 0x61, 0x0,
    0x0, 0x52,

    /* U+223E "∾" */
    0x0, 0x13, 0x10, 0x0, 0x4, 0x71, 0x0, 0x7f,
    0xff, 0x90, 0x0, 0x5f, 0xe1, 0x3f, 0x71, 0x6f,
    0xb0, 0x0, 0x1f, 0x88, 0xf0, 0x0, 0x3f, 0xa0,
    0x0, 0xe9, 0x5f, 0x60, 0x0, 0x6f, 0xc6, 0xbf,
    0x20, 0xaf, 0x80, 0x0, 0x4c, 0xfd, 0x40, 0x0,
    0x22, 0x0, 0x0, 0x0, 0x0, 0x0,

    /* U+223F "∿" */
    0x0, 0x5, 0x71, 0x0, 0x0, 0x0, 0x0, 0x7,
    0xff, 0xd0, 0x0, 0x0, 0x0, 0x1, 0xf7, 0x2f,
    0x70, 0x0, 0x0, 0x0, 0x6f, 0x10, 0xbc, 0x0,
    0x0, 0x0, 0xb, 0xc0, 0x6, 0xf1, 0x0, 0x26,
    0x0, 0xf8, 0x0, 0x2f, 0x40, 0x7, 0xf0, 0x1,
    0x0, 0x0, 0xe8, 0x0, 0xbb, 0x0, 0x0, 0x0,
    0xa, 0xe0, 0x1f, 0x60, 0x0, 0x0, 0x0, 0x3f,
    0x8a, 0xe0, 0x0, 0x0, 0x0, 0x0, 0x9f, 0xf4,
    0x0, 0x0, 0x0, 0x0, 0x0, 0x21, 0x0, 0x0,

    /* U+2240 "≀" */
    0x4, 0x20, 0x9, 0xd0, 0x1, 0xf6, 0x0, 0xca,
    0x0, 0xda, 0x1, 0xf7, 0x7, 0xf1, 0xc, 0xc0,
    0xe, 0x90, 0xd, 0x90, 0x8, 0xe0, 0x1, 0xe8,

    /* U+2241 "≁" */
    0x0, 0x0, 0x0, 0x0, 0x0, 0x0, 0x0, 0x0,
    0x0, 0x0, 0x99, 0x0, 0x0, 0x0, 0x0, 0x0,
    0x1f, 0x90, 0x0, 0x0, 0x0, 0x0, 0x7, 0xf2,
    0x0, 0x0, 0x2, 0xaf, 0xfd, 0xeb, 0x0, 0x3c,
    0x21, 0xfc, 0x77, 0xdf, 0xfe, 0xef, 0xb0, 0x15,
    0x0, 0xd, 0xc5, 0x88, 0x40, 0x0, 0x0, 0x4,
    0xf5, 0x0, 0x0, 0x0, 0x0, 0x0, 0xce, 0x0,
    0x0, 0x0, 0x0, 0x0, 0x2, 0x40, 0x0, 0x0,
    0x0,

    /* U+2242 "≂" */
    0x2, 0x22, 0x22, 0x22, 0x22, 0x22, 0x1, 0xff,
    0xff, 0xff, 0xff, 0xff, 0xf2, 0x4, 0x44, 0x44,
    0x44, 0x44, 0x44, 0x0, 0x0, 0x23, 0x10, 0x0,
    0x0, 0x11, 0x5, 0xef, 0xff, 0xb6, 0x21, 0x6e,
    0x21, 0xf9, 0x44, 0x7d, 0xff, 0xff, 0x80, 0x3,
    0x0, 0x0, 0x2, 0x55, 0x10, 0x0,

    /* U+2243 "≃" */
    0x0, 0x49, 0xa7, 0x20, 0x0, 0x6, 0x20, 0xcf,
    0xdd, 0xff, 0xc8, 0x8d, 0xf2, 0x1b, 0x20, 0x1,
    0x6b, 0xee, 0xa2, 0x0, 0x0, 0x0, 0x0, 0x0,
    0x0, 0x0, 0x8, 0x88, 0x88, 0x88, 0x88, 0x88,
    0x11, 0xff, 0xff, 0xff, 0xff, 0xff, 0xf2,

    /* U+2244 "≄" */
    0x0, 0x0, 0x0, 0x0, 0x38, 0x0, 0x0, 0x0,
    0x0, 0x0, 0xd, 0xd1, 0x0, 0x0, 0x49, 0xa7,
    0x2a, 0xf3, 0x5, 0x20, 0xcf, 0xdd, 0xff, 0xfd,
    0x7d, 0xf2, 0x1b, 0x20, 0x3, 0xfe, 0xee, 0xa2,
    0x0, 0x0, 0x0, 0xce, 0x10, 0x0, 0x0, 0x8,
    0x88, 0xbf, 0xb8, 0x88, 0x88, 0x11, 0xff, 0xff,
    0xff, 0xff, 0xff, 0xf2, 0x0, 0x1e, 0xd0, 0x0,
    0x0, 0x0, 0x0, 0x4, 0xe2, 0x0, 0x0, 0x0,
    0x0, 0x0, 0x0, 0x0, 0x0, 0x0, 0x0, 0x0,

    /* U+2245 "≅" */
    0x0, 0x16, 0x74, 0x0, 0x0, 0x3, 0x10, 0x9f,
    0xff, 0xfe, 0x95, 0x5a, 0xf2, 0x1e, 0x50, 0x4,
    0x9e, 0xff, 0xd4, 0x0, 0x10, 0x0, 0x0, 0x2,
    0x10, 0x0, 0x7, 0x77, 0x77, 0x77, 0x77, 0x77,
    0x11, 0xff, 0xff, 0xff, 0xff, 0xff, 0xf2, 0x0,
    0x0, 0x0, 0x0, 0x0, 0x0, 0x0, 0x11, 0x11,
    0x11, 0x11, 0x11, 0x10, 0x1f, 0xff, 0xff, 0xff,
    0xff, 0xff, 0x20, 0x66, 0x66, 0x66, 0x66, 0x66,
    0x61,

    /* U+2246 "≆" */
    0x0, 0x16, 0x74, 0x0, 0x0, 0x3, 0x10, 0x9f,
    0xff, 0xfe, 0x95, 0x5a, 0xf2, 0x1e, 0x50, 0x4,
    0x9e, 0xff, 0xd4, 0x0, 0x10, 0x0, 0x0, 0x4,
    0x50, 0x0, 0x7, 0x77, 0x77, 0x77, 0xef, 0x77,
    0x11, 0xff, 0xff, 0xff, 0xff, 0xff, 0xf2, 0x0,
    0x0, 0x4, 0xfc, 0x10, 0x0, 0x0, 0x11, 0x14,
    0xfd, 0x21, 0x11, 0x10, 0x1f, 0xff, 0xff, 0xff,
    0xff, 0xff, 0x20, 0x69, 0xfc, 0x66, 0x66, 0x66,
    0x61, 0x0, 0x8, 0x0, 0x0, 0x0, 0x0, 0x0,

    /* U+2247 "≇" */
    0x0, 0x0, 0x0, 0x0, 0x74, 0x0, 0x0, 0x1,
    0x67, 0x40, 0x2f, 0x80, 0x31, 0x9, 0xff, 0xff,
    0xed, 0xf6, 0xaf, 0x21, 0xe5, 0x0, 0x4b, 0xff,
    0xfd, 0x40, 0x1, 0x0, 0x0, 0xcd, 0x21, 0x0,
    0x0, 0x77, 0x77, 0x8f, 0xb7, 0x77, 0x71, 0x1f,
    0xff, 0xff, 0xff, 0xff, 0xff, 0x20, 0x0, 0x6,
    0xf4, 0x0, 0x0, 0x0, 0x1, 0x11, 0xec, 0x11,
    0x11, 0x11, 0x1, 0xff, 0xff, 0xff, 0xff, 0xff,
    0xf2, 0x6, 0x6f, 0xb6, 0x66, 0x66, 0x66, 0x10,
    0x3, 0xd2, 0x0, 0x0, 0x0, 0x0, 0x0, 0x0,
    0x0, 0x0, 0x0, 0x0, 0x0,

    /* U+2248 "≈" */
    0x0, 0x49, 0xa7, 0x20, 0x0, 0x6, 0x20, 0xcf,
    0xdd, 0xff, 0xc8, 0x8d, 0xf2, 0x1b, 0x20, 0x1,
    0x6b, 0xee, 0xa2, 0x0, 0x0, 0x23, 0x10, 0x0,
    0x0, 0x11, 0x5, 0xef, 0xff, 0xb6, 0x21, 0x6e,
    0x21, 0xf9, 0x44, 0x7d, 0xff, 0xff, 0x80, 0x3,
    0x0, 0x0, 0x2, 0x55, 0x10, 0x0,

    /* U+2249 "≉" */
    0x0, 0x0, 0x0, 0x0, 0x0, 0x0, 0x0, 0x0,
    0x0, 0x0, 0x6f, 0x20, 0x0, 0x0, 0x0, 0x0,
    0xc, 0xd0, 0x0, 0x0, 0x4, 0x9a, 0x74, 0xf7,
    0x0, 0x62, 0xc, 0xfd, 0xdf, 0xff, 0xa8, 0xdf,
    0x21, 0xb2, 0x0, 0x1f, 0xee, 0xea, 0x20, 0x0,
    0x2, 0x36, 0xf4, 0x0, 0x1, 0x10, 0x5e, 0xff,
    0xff, 0x62, 0x16, 0xe2, 0x1f, 0x94, 0x6f, 0xff,
    0xff, 0xf8, 0x0, 0x30, 0x8, 0xf2, 0x25, 0x51,
    0x0, 0x0, 0x0, 0xeb, 0x0, 0x0, 0x0, 0x0,
    0x0, 0x1b, 0x50, 0x0, 0x0, 0x0,

    /* U+224A "≊" */
    0x0, 0x27, 0x85, 0x0, 0x0, 0x4, 0x10, 0xaf,
    0xff, 0xff, 0xb7, 0x6b, 0xf2, 0x1d, 0x40, 0x3,
    0x8d, 0xff, 0xc3, 0x0, 0x0, 0x12, 0x0, 0x0,
    0x0, 0x0, 0x4, 0xdf, 0xff, 0xa5, 0x11, 0x5d,
    0x21, 0xfa, 0x55, 0x8e, 0xff, 0xff, 0x90, 0x3,
    0x0, 0x0, 0x3, 0x66, 0x10, 0x0, 0x11, 0x11,
    0x11, 0x11, 0x11, 0x10, 0x1f, 0xff, 0xff, 0xff,
    0xff, 0xff, 0x20, 0x66, 0x66, 0x66, 0x66, 0x66,
    0x61,

    /* U+224B "≋" */
    0x0, 0x38, 0x96, 0x10, 0x0, 0x5, 0x20, 0xbf,
    0xee, 0xff, 0xc8, 0x7c, 0xf2, 0x1c, 0x30, 0x2,
    0x7c, 0xff, 0xb3, 0x0, 0x0, 0x23, 0x10, 0x0,
    0x0, 0x11, 0x5, 0xef, 0xff, 0xc6, 0x22, 0x6e,
    0x21, 0xf9, 0x44, 0x7d, 0xff, 0xff, 0x80, 0x2,
    0x0, 0x0, 0x2, 0x54, 0x10, 0x0, 0x29, 0xee,
    0xc7, 0x20, 0x2, 0xb2, 0x1f, 0xc7, 0x7b, 0xff,
    0xee, 0xfb, 0x1, 0x50, 0x0, 0x1, 0x58, 0x84,
    0x0,

    /* U+224C "≌" */
    0x14, 0x0, 0x0, 0x4, 0x76, 0x20, 0x1, 0xfa,
    0x55, 0x9e, 0xff, 0xff, 0x90, 0x4, 0xcf, 0xff,
    0xa4, 0x0, 0x5d, 0x20, 0x0, 0x12, 0x0, 0x0,
    0x0, 0x0, 0x7, 0x77, 0x77, 0x77, 0x77, 0x77,
    0x11, 0xff, 0xff, 0xff, 0xff, 0xff, 0xf2, 0x0,
    0x0, 0x0, 0x0, 0x0, 0x0, 0x0, 0x11, 0x11,
    0x11, 0x11, 0x11, 0x10, 0x1f, 0xff, 0xff, 0xff,
    0xff, 0xff, 0x20, 0x66, 0x66, 0x66, 0x66, 0x66,
    0x61,

    /* U+224D "≍" */
    0x2, 0x0, 0x0, 0x0, 0x0, 0x1, 0x1, 0xfc,
    0x73, 0x0, 0x2, 0x5a, 0xf2, 0x7, 0xdf, 0xff,
    0xff, 0xff, 0xd7, 0x0, 0x0, 0x26, 0x99, 0x85,
    0x20, 0x0, 0x0, 0x0, 0x0, 0x0, 0x0, 0x0,
    0x0, 0x1, 0x59, 0xce, 0xdb, 0x72, 0x0, 0xb,
    0xff, 0xeb, 0xab, 0xef, 0xfc, 0x11, 0xd7, 0x20,
    0x0, 0x0, 0x27, 0xd2, 0x0, 0x0, 0x0, 0x0,
    0x0, 0x0, 0x0,

    /* U+224E "≎" */
    0x0, 0x0, 0x2a, 0xda, 0x20, 0x0, 0x0, 0x0,
    0x2f, 0xea, 0xef, 0x20, 0x0, 0x2, 0x2a, 0xf2,
    0x2, 0xfa, 0x22, 0x1, 0xff, 0xfb, 0x0, 0xa,
    0xff, 0xf1, 0x4, 0x44, 0x20, 0x0, 0x24, 0x44,
    0x0, 0x0, 0x0, 0x0, 0x0, 0x0, 0x0, 0x8,
    0x88, 0x50, 0x0, 0x48, 0x88, 0x1, 0xff, 0xfc,
    0x0, 0xb, 0xff, 0xf1, 0x0, 0x8, 0xf5, 0x5,
    0xf8, 0x0, 0x0, 0x0, 0xc, 0xff, 0xfc, 0x0,
    0x0, 0x0, 0x0, 0x5, 0x85, 0x0, 0x0, 0x0,

    /* U+224F "≏" */
    0x0, 0x0, 0x2a, 0xda, 0x20, 0x0, 0x0, 0x0,
    0x2f, 0xea, 0xef, 0x20, 0x0, 0x2, 0x2a, 0xf2,
    0x2, 0xfa, 0x22, 0x1, 0xff, 0xfb, 0x0, 0xa,
    0xff, 0xf1, 0x4, 0x44, 0x20, 0x0, 0x24, 0x44,
    0x0, 0x0, 0x0, 0x0, 0x0, 0x0, 0x0, 0x8,
    0x88, 0x88, 0x88, 0x88, 0x88, 0x1, 0xff, 0xff,
    0xff, 0xff, 0xff, 0xf1,

    /* U+2250 "≐" */
    0x0, 0x0, 0x1, 0x31, 0x0, 0x0, 0x0, 0x0,
    0x0, 0x6f, 0x70, 0x0, 0x0, 0x0, 0x0, 0x6,
    0xf7, 0x0, 0x0, 0x0, 0x22, 0x22, 0x22, 0x22,
    0x22, 0x20, 0x1f, 0xff, 0xff, 0xff, 0xff, 0xff,
    0x20, 0x44, 0x44, 0x44, 0x44, 0x44, 0x40, 0x0,
    0x0, 0x0, 0x0, 0x0, 0x0, 0x0, 0x88, 0x88,
    0x88, 0x88, 0x88, 0x81, 0x1f, 0xff, 0xff, 0xff,
    0xff, 0xff, 0x20,

    /* U+2251 "≑" */
    0x0, 0x0, 0x1, 0x31, 0x0, 0x0, 0x0, 0x0,
    0x0, 0x6f, 0x70, 0x0, 0x0, 0x0, 0x0, 0x6,
    0xf6, 0x0, 0x0, 0x0, 0x22, 0x22, 0x22, 0x22,
    0x22, 0x20, 0x1f, 0xff, 0xff, 0xff, 0xff, 0xff,
    0x20, 0x44, 0x44, 0x44, 0x44, 0x44, 0x40, 0x0,
    0x0, 0x0, 0x0, 0x0, 0x0, 0x0, 0x99, 0x99,
    0x99, 0x99, 0x99, 0x91, 0x1e, 0xee, 0xee, 0xee,
    0xee, 0xee, 0x20, 0x0, 0x0, 0x14, 0x10, 0x0,
    0x0, 0x0, 0x0, 0x6, 0xf7, 0x0, 0x0, 0x0,
    0x0, 0x0, 0x6f, 0x60, 0x0, 0x0,

    /* U+2252 "≒" */
    0x3, 0x20, 0x0, 0x0, 0x0, 0x0, 0x1, 0xfc,
    0x0, 0x0, 0x0, 0x0, 0x0, 0x1f, 0xc0, 0x0,
    0x0, 0x0, 0x0, 0x0, 0x22, 0x22, 0x22, 0x22,
    0x22, 0x20, 0x1f, 0xff, 0xff, 0xff, 0xff, 0xff,
    0x0, 0x44, 0x44, 0x44, 0x44, 0x44, 0x40, 0x0,
    0x0, 0x0, 0x0, 0x0, 0x0, 0x0, 0x99, 0x99,
    0x99, 0x99, 0x99, 0x90, 0x1e, 0xee, 0xee, 0xee,
    0xee, 0xee, 0x0, 0x0, 0x0, 0x0, 0x0, 0x3,
    0x40, 0x0, 0x0, 0x0, 0x0, 0x0, 0xcf, 0x10,
    0x0, 0x0, 0x0, 0x0, 0xb, 0xf1,

    /* U+2253 "≓" */
    0x0, 0x0, 0x0, 0x0, 0x0, 0x23, 0x0, 0x0,
    0x0, 0x0, 0x0, 0xc, 0xf1, 0x0, 0x0, 0x0,
    0x0, 0x0, 0xcf, 0x10, 0x22, 0x22, 0x22, 0x22,
    0x22, 0x20, 0x1f, 0xff, 0xff, 0xff, 0xff, 0xff,
    0x10, 0x44, 0x44, 0x44, 0x44, 0x44, 0x40, 0x0,
    0x0, 0x0, 0x0, 0x0, 0x0, 0x0, 0x99, 0x99,
    0x99, 0x99, 0x99, 0x90, 0xe, 0xee, 0xee, 0xee,
    0xee, 0xee, 0x10, 0x43, 0x0, 0x0, 0x0, 0x0,
    0x0, 0x1f, 0xc0, 0x0, 0x0, 0x0, 0x0, 0x1,
    0xfb, 0x0, 0x0, 0x0, 0x0, 0x0,

    /* U+2254 "≔" */
    0x9, 0x70, 0x22, 0x22, 0x22, 0x22, 0x22, 0x20,
    0x1f, 0xc0, 0xff, 0xff, 0xff, 0xff, 0xff, 0xf4,
    0xa, 0x80, 0x44, 0x44, 0x44, 0x44, 0x44, 0x41,
    0x0, 0x0, 0x0, 0x0, 0x0, 0x0, 0x0, 0x0,
    0x1e, 0xb0, 0x88, 0x88, 0x88, 0x88, 0x88, 0x82,
    0x1f, 0xc0, 0xef, 0xff, 0xff, 0xff, 0xff, 0xf4,
    0x5, 0x40, 0x0, 0x0, 0x0, 0x0, 0x0, 0x0,

    /* U+2255 "≕" */
    0x2, 0x22, 0x22, 0x22, 0x22, 0x22, 0x6, 0x80,
    0x3f, 0xff, 0xff, 0xff, 0xff, 0xff, 0x1c, 0xf1,
    0x4, 0x44, 0x44, 0x44, 0x44, 0x44, 0x8, 0xb0,
    0x0, 0x0, 0x0, 0x0, 0x0, 0x0, 0x0, 0x0,
    0x18, 0x88, 0x88, 0x88, 0x88, 0x88, 0xb, 0xe1,
    0x3f, 0xff, 0xff, 0xff, 0xff, 0xff, 0xc, 0xf1,
    0x0, 0x0, 0x0, 0x0, 0x0, 0x0, 0x4, 0x50,

    /* U+2256 "≖" */
    0x2, 0x22, 0x22, 0x22, 0x22, 0x22, 0x1, 0xff,
    0xff, 0xff, 0xff, 0xff, 0xf2, 0x4, 0x44, 0xd7,
    0x46, 0xf5, 0x44, 0x0, 0x0, 0xe, 0x10, 0xf,
    0x10, 0x0, 0x8, 0x88, 0xeb, 0x8a, 0xf8, 0x88,
    0x11, 0xff, 0xff, 0xff, 0xff, 0xff, 0xf2,

    /* U+2257 "≗" */
    0x0, 0x0, 0x9, 0xc9, 0x10, 0x0, 0x0, 0x0,
    0x9, 0xa3, 0x8c, 0x0, 0x0, 0x0, 0x0, 0xe1,
    0x0, 0xf0, 0x0, 0x0, 0x0, 0xc, 0x60, 0x3e,
    0x0, 0x0, 0x0, 0x0, 0x3e, 0xee, 0x40, 0x0,
    0x0, 0x22, 0x22, 0x35, 0x32, 0x22, 0x20, 0x1f,
    0xff, 0xff, 0xff, 0xff, 0xff, 0x20, 0x44, 0x44,
    0x44, 0x44, 0x44, 0x40, 0x0, 0x0, 0x0, 0x0,
    0x0, 0x0, 0x0, 0x88, 0x88, 0x88, 0x88, 0x88,
    0x81, 0x1f, 0xff, 0xff, 0xff, 0xff, 0xff, 0x20,

    /* U+2258 "≘" */
    0x0, 0x3, 0x9c, 0xed, 0x94, 0x0, 0x0, 0x8,
    0xff, 0xca, 0xbe, 0xfa, 0x0, 0x0, 0x85, 0x0,
    0x0, 0x4, 0x90, 0x0, 0x22, 0x22, 0x22, 0x22,
    0x22, 0x20, 0x1f, 0xff, 0xff, 0xff, 0xff, 0xff,
    0x20, 0x44, 0x44, 0x44, 0x44, 0x44, 0x40, 0x0,
    0x0, 0x0, 0x0, 0x0, 0x0, 0x0, 0x88, 0x88,
    0x88, 0x88, 0x88, 0x81, 0x1f, 0xff, 0xff, 0xff,
    0xff, 0xff, 0x20,

    /* U+2259 "≙" */
    0x0, 0x0, 0x3, 0x94, 0x0, 0x0, 0x0, 0x0,
    0x0, 0xaf, 0xc0, 0x0, 0x0, 0x0, 0x0, 0x1f,
    0xaf, 0x20, 0x0, 0x0, 0x0, 0x7, 0xf1, 0xe8,
    0x0, 0x0, 0x0, 0x0, 0xd9, 0x7, 0xe0, 0x0,
    0x0, 0x0, 0x3f, 0x30, 0x1f, 0x50, 0x0, 0x2,
    0x24, 0x62, 0x22, 0x65, 0x22, 0x1, 0xff, 0xff,
    0xff, 0xff, 0xff, 0xf2, 0x4, 0x44, 0x44, 0x44,
    0x44, 0x44, 0x0, 0x0, 0x0, 0x0, 0x0, 0x0,
    0x0, 0x8, 0x88, 0x88, 0x88, 0x88, 0x88, 0x11,
    0xff, 0xff, 0xff, 0xff, 0xff, 0xf2,

    /* U+225A "≚" */
    0x0, 0x4, 0x90, 0x0, 0x84, 0x0, 0x0, 0x0,
    0x1f, 0x50, 0x3f, 0x20, 0x0, 0x0, 0x0, 0xbc,
    0xa, 0xc0, 0x0, 0x0, 0x0, 0x5, 0xf3, 0xf6,
    0x0, 0x0, 0x0, 0x0, 0xe, 0xef, 0x0, 0x0,
    0x0, 0x0, 0x0, 0x8f, 0xa0, 0x0, 0x0, 0x2,
    0x22, 0x24, 0x74, 0x22, 0x22, 0x1, 0xff, 0xff,
    0xff, 0xff, 0xff, 0xf2, 0x4, 0x44, 0x44, 0x44,
    0x44, 0x44, 0x0, 0x0, 0x0, 0x0, 0x0, 0x0,
    0x0, 0x8, 0x88, 0x88, 0x88, 0x88, 0x88, 0x11,
    0xff, 0xff, 0xff, 0xff, 0xff, 0xf2,

    /* U+225B "≛" */
    0x0, 0x0, 0x0, 0x0, 0x0, 0x0, 0x0, 0x0,
    0x0, 0x8, 0x0, 0x0, 0x0, 0x0, 0x0, 0x0,
    0xf2, 0x0, 0x0, 0x0, 0x0, 0x4c, 0xdf, 0xdc,
    0x50, 0x0, 0x0, 0x0, 0x3e, 0xff, 0x40, 0x0,
    0x0, 0x0, 0x0, 0xfe, 0xf1, 0x0, 0x0, 0x0,
    0x0, 0x57, 0x6, 0x60, 0x0, 0x0, 0x22, 0x23,
    0x22, 0x23, 0x22, 0x20, 0x1f, 0xff, 0xff, 0xff,
    0xff, 0xff, 0x20, 0x44, 0x44, 0x44, 0x44, 0x44,
    0x40, 0x0, 0x0, 0x0, 0x0, 0x0, 0x0, 0x0,
    0x88, 0x88, 0x88, 0x88, 0x88, 0x81, 0x1f, 0xff,
    0xff, 0xff, 0xff, 0xff, 0x20,

    /* U+225C "≜" */
    0x0, 0x0, 0x0, 0x50, 0x0, 0x0, 0x0, 0x0,
    0x0, 0x4f, 0x60, 0x0, 0x0, 0x0, 0x0, 0xa,
    0xcc, 0x0, 0x0, 0x0, 0x0, 0x1, 0xf1, 0xe2,
    0x0, 0x0, 0x0, 0x0, 0x7a, 0x9, 0x90, 0x0,
    0x0, 0x0, 0xd, 0x40, 0x2e, 0x0, 0x0, 0x0,
    0x3, 0xff, 0xff, 0xf5, 0x0, 0x0, 0x22, 0x34,
    0x44, 0x44, 0x32, 0x20, 0x1f, 0xff, 0xff, 0xff,
    0xff, 0xff, 0x20, 0x44, 0x44, 0x44, 0x44, 0x44,
    0x40, 0x0, 0x0, 0x0, 0x0, 0x0, 0x0, 0x0,
    0x88, 0x88, 0x88, 0x88, 0x88, 0x81, 0x1f, 0xff,
    0xff, 0xff, 0xff, 0xff, 0x20,

    /* U+225D "≝" */
    0x0, 0x0, 0x70, 0x0, 0x1, 0x92, 0x0, 0x4,
    0x69, 0x5, 0x70, 0x99, 0x10, 0x1, 0x80, 0xc5,
    0x41, 0x85, 0x30, 0x0, 0x35, 0x9, 0x87, 0x76,
    0x53, 0x0, 0x0, 0xa4, 0xc3, 0x84, 0x35, 0x30,
    0x0, 0x24, 0x54, 0x24, 0x63, 0x33, 0x20, 0x1f,
    0xff, 0xff, 0xff, 0xff, 0xff, 0x20, 0x44, 0x44,
    0x44, 0x44, 0x44, 0x40, 0x0, 0x0, 0x0, 0x0,
    0x0, 0x0, 0x0, 0x88, 0x88, 0x88, 0x88, 0x88,
    0x81, 0x1f, 0xff, 0xff, 0xff, 0xff, 0xff, 0x20,

    /* U+225E "≞" */
    0x0, 0x7, 0x6a, 0x25, 0xa3, 0x0, 0x0, 0x0,
    0xe3, 0x2e, 0x51, 0xc0, 0x0, 0x0, 0xc, 0x0,
    0xd0, 0xc, 0x0, 0x0, 0x0, 0xc0, 0xc, 0x0,
    0xc0, 0x0, 0x0, 0xc, 0x0, 0xc0, 0xc, 0x0,
    0x0, 0x22, 0x62, 0x26, 0x22, 0x62, 0x20, 0x1f,
    0xff, 0xff, 0xff, 0xff, 0xff, 0x20, 0x44, 0x44,
    0x44, 0x44, 0x44, 0x40, 0x0, 0x0, 0x0, 0x0,
    0x0, 0x0, 0x0, 0x88, 0x88, 0x88, 0x88, 0x88,
    0x81, 0x1f, 0xff, 0xff, 0xff, 0xff, 0xff, 0x20,

    /* U+225F "≟" */
    0x0, 0x0, 0x7, 0x95, 0x0, 0x0, 0x0, 0x0,
    0x2, 0x52, 0xc3, 0x0, 0x0, 0x0, 0x0, 0x0,
    0xc, 0x10, 0x0, 0x0, 0x0, 0x0, 0xa, 0x50,
    0x0, 0x0, 0x0, 0x0, 0x1, 0xb0, 0x0, 0x0,
    0x0, 0x0, 0x0, 0x3, 0x0, 0x0, 0x0, 0x0,
    0x0, 0x2, 0xc0, 0x0, 0x0, 0x0, 0x22, 0x22,
    0x35, 0x22, 0x22, 0x20, 0x1f, 0xff, 0xff, 0xff,
    0xff, 0xff, 0x20, 0x44, 0x44, 0x44, 0x44, 0x44,
    0x40, 0x0, 0x0, 0x0, 0x0, 0x0, 0x0, 0x0,
    0x88, 0x88, 0x88, 0x88, 0x88, 0x81, 0x1f, 0xff,
    0xff, 0xff, 0xff, 0xff, 0x20,

    /* U+2260 "≠" */
    0x0, 0x0, 0x0, 0x0, 0x6, 0x70, 0x0, 0x0,
    0x0, 0x0, 0x4, 0xf9, 0x0, 0x2, 0x22, 0x22,
    0x23, 0xed, 0x32, 0x1, 0xff, 0xff, 0xff, 0xff,
    0xff, 0xf2, 0x4, 0x44, 0x44, 0xdf, 0x54, 0x44,
    0x0, 0x0, 0x0, 0x7f, 0x50, 0x0, 0x0, 0x8,
    0x88, 0x9f, 0xe8, 0x88, 0x88, 0x11, 0xff, 0xff,
    0xff, 0xff, 0xff, 0xf2, 0x0, 0x1d, 0xd1, 0x0,
    0x0, 0x0, 0x0, 0xb, 0xf2, 0x0, 0x0, 0x0,
    0x0, 0x0, 0x34, 0x0, 0x0, 0x0, 0x0, 0x0,

    /* U+2261 "≡" */
    0x8, 0x88, 0x88, 0x88, 0x88, 0x88, 0x11, 0xff,
    0xff, 0xff, 0xff, 0xff, 0xf2, 0x0, 0x0, 0x0,
    0x0, 0x0, 0x0, 0x0, 0x77, 0x77, 0x77, 0x77,
    0x77, 0x71, 0x1f, 0xff, 0xff, 0xff, 0xff, 0xff,
    0x20, 0x0, 0x0, 0x0, 0x0, 0x0, 0x0, 0x1,
    0x11, 0x11, 0x11, 0x11, 0x11, 0x1, 0xff, 0xff,
    0xff, 0xff, 0xff, 0xf2, 0x6, 0x66, 0x66, 0x66,
    0x66, 0x66, 0x10,

    /* U+2262 "≢" */
    0x0, 0x0, 0x0, 0x0, 0x14, 0x0, 0x0, 0x0,
    0x0, 0x0, 0x9, 0xf2, 0x0, 0x8, 0x88, 0x88,
    0x89, 0xfe, 0x88, 0x11, 0xff, 0xff, 0xff, 0xff,
    0xff, 0xf2, 0x0, 0x0, 0x0, 0x4f, 0x70, 0x0,
    0x0, 0x77, 0x77, 0x7d, 0xf7, 0x77, 0x71, 0x1f,
    0xff, 0xff, 0xff, 0xff, 0xff, 0x20, 0x0, 0x1,
    0xec, 0x0, 0x0, 0x0, 0x1, 0x11, 0x8f, 0x51,
    0x11, 0x11, 0x1, 0xff, 0xff, 0xff, 0xff, 0xff,
    0xf2, 0x6, 0x6d, 0xf6, 0x66, 0x66, 0x66, 0x10,
    0x1, 0xf9, 0x0, 0x0, 0x0, 0x0, 0x0, 0x2,
    0x10, 0x0, 0x0, 0x0, 0x0,

    /* U+2263 "≣" */
    0x7, 0x77, 0x77, 0x77, 0x77, 0x77, 0x11, 0xff,
    0xff, 0xff, 0xff, 0xff, 0xf2, 0x0, 0x0, 0x0,
    0x0, 0x0, 0x0, 0x0, 0x0, 0x0, 0x0, 0x0,
    0x0, 0x0, 0x1f, 0xff, 0xff, 0xff, 0xff, 0xff,
    0x20, 0x77, 0x77, 0x77, 0x77, 0x77, 0x71, 0x0,
    0x0, 0x0, 0x0, 0x0, 0x0, 0x1, 0xff, 0xff,
    0xff, 0xff, 0xff, 0xf2, 0x8, 0x88, 0x88, 0x88,
    0x88, 0x88, 0x10, 0x0, 0x0, 0x0, 0x0, 0x0,
    0x0, 0x8, 0x88, 0x88, 0x88, 0x88, 0x88, 0x11,
    0xff, 0xff, 0xff, 0xff, 0xff, 0xf2,

    /* U+2264 "≤" */
    0x0, 0x0, 0x0, 0x0, 0x0, 0x4, 0x10, 0x0,
    0x0, 0x0, 0x26, 0xbf, 0xf2, 0x0, 0x0, 0x49,
    0xdf, 0xfd, 0x84, 0x0, 0x6b, 0xff, 0xfb, 0x61,
    0x0, 0x0, 0x1f, 0xff, 0x81, 0x0, 0x0, 0x0,
    0x0, 0x6b, 0xff, 0xfb, 0x62, 0x0, 0x0, 0x0,
    0x0, 0x49, 0xdf, 0xfd, 0x94, 0x0, 0x0, 0x0,
    0x0, 0x26, 0xbf, 0xf2, 0x0, 0x0, 0x0, 0x0,
    0x0, 0x4, 0x10, 0x88, 0x88, 0x88, 0x88, 0x88,
    0x81, 0x1f, 0xff, 0xff, 0xff, 0xff, 0xff, 0x20,

    /* U+2265 "≥" */
    0x5, 0x0, 0x0, 0x0, 0x0, 0x0, 0x1, 0xff,
    0xb7, 0x20, 0x0, 0x0, 0x0, 0x3, 0x8d, 0xff,
    0xe9, 0x40, 0x0, 0x0, 0x0, 0x1, 0x6a, 0xff,
    0xfb, 0x70, 0x0, 0x0, 0x0, 0x0, 0x8f, 0xff,
    0x20, 0x0, 0x1, 0x6a, 0xff, 0xfb, 0x70, 0x4,
    0x8d, 0xff, 0xe9, 0x40, 0x0, 0x1, 0xff, 0xb7,
    0x20, 0x0, 0x0, 0x0, 0x5, 0x0, 0x0, 0x0,
    0x0, 0x0, 0x0, 0x88, 0x88, 0x88, 0x88, 0x88,
    0x81, 0x1f, 0xff, 0xff, 0xff, 0xff, 0xff, 0x20,

    /* U+2266 "≦" */
    0x0, 0x0, 0x0, 0x0, 0x0, 0x4, 0x10, 0x0,
    0x0, 0x0, 0x26, 0xbf, 0xf3, 0x0, 0x0, 0x49,
    0xdf, 0xfd, 0x84, 0x0, 0x6b, 0xff, 0xfb, 0x62,
    0x0, 0x0, 0x1f, 0xff, 0x91, 0x0, 0x0, 0x0,
    0x0, 0x6b, 0xff, 0xfb, 0x62, 0x0, 0x0, 0x0,
    0x0, 0x48, 0xdf, 0xfd, 0x94, 0x0, 0x0, 0x0,
    0x0, 0x26, 0xbf, 0xf3, 0x0, 0x0, 0x0, 0x0,
    0x0, 0x4, 0x10, 0x88, 0x88, 0x88, 0x88, 0x88,
    0x81, 0x1f, 0xff, 0xff, 0xff, 0xff, 0xff, 0x20,
    0x0, 0x0, 0x0, 0x0, 0x0, 0x0, 0x1f, 0xff,
    0xff, 0xff, 0xff, 0xff, 0x30, 0x88, 0x88, 0x88,
    0x88, 0x88, 0x81,

    /* U+2267 "≧" */
    0x5, 0x0, 0x0, 0x0, 0x0, 0x0, 0x1, 0xff,
    0xb7, 0x20, 0x0, 0x0, 0x0, 0x3, 0x8c, 0xff,
    0xe9, 0x50, 0x0, 0x0, 0x0, 0x1, 0x6a, 0xff,
    0xfb, 0x70, 0x0, 0x0, 0x0, 0x0, 0x8f, 0xff,
    0x30, 0x0, 0x1, 0x6a, 0xff, 0xfb, 0x60, 0x4,
    0x8d, 0xff, 0xd9, 0x40, 0x0, 0x1, 0xff, 0xb7,
    0x20, 0x0, 0x0, 0x0, 0x4, 0x0, 0x0, 0x0,
    0x0, 0x0, 0x0, 0x88, 0x88, 0x88, 0x88, 0x88,
    0x81, 0x1f, 0xff, 0xff, 0xff, 0xff, 0xff, 0x20,
    0x0, 0x0, 0x0, 0x0, 0x0, 0x0, 0x1f, 0xff,
    0xff, 0xff, 0xff, 0xff, 0x30, 0x88, 0x88, 0x88,
    0x88, 0x88, 0x81,

    /* U+2268 "≨" */
    0x0, 0x0, 0x0, 0x0, 0x0, 0x4, 0x10, 0x0,
    0x0, 0x0, 0x26, 0xbf, 0xf3, 0x0, 0x0, 0x49,
    0xdf, 0xfd, 0x84, 0x0, 0x6b, 0xff, 0xfb, 0x62,
    0x0, 0x0, 0x1f, 0xff, 0x91, 0x0, 0x0, 0x0,
    0x0, 0x6b, 0xff, 0xfb, 0x62, 0x0, 0x0, 0x0,
    0x0, 0x48, 0xdf, 0xfd, 0x94, 0x0, 0x0, 0x0,
    0x0, 0x26, 0xbf, 0xf3, 0x0, 0x0, 0x0, 0x1,
    0xb1, 0x4, 0x10, 0x88, 0x88, 0x88, 0xcf, 0xb8,
    0x81, 0x1f, 0xff, 0xff, 0xff, 0xff, 0xff, 0x20,
    0x0, 0x0, 0x7f, 0x90, 0x0, 0x0, 0x1f, 0xff,
    0xff, 0xff, 0xff, 0xff, 0x30, 0x88, 0xaf, 0xd8,
    0x88, 0x88, 0x81, 0x0, 0x1, 0xa2, 0x0, 0x0,
    0x0, 0x0,

    /* U+2269 "≩" */
    0x5, 0x0, 0x0, 0x0, 0x0, 0x0, 0x1, 0xff,
    0xb7, 0x20, 0x0, 0x0, 0x0, 0x3, 0x8c, 0xff,
    0xe9, 0x50, 0x0, 0x0, 0x0, 0x1, 0x6a, 0xff,
    0xfb, 0x70, 0x0, 0x0, 0x0, 0x0, 0x8f, 0xff,
    0x30, 0x0, 0x1, 0x6a, 0xff, 0xfb, 0x60, 0x4,
    0x8d, 0xff, 0xd9, 0x40, 0x0, 0x1, 0xff, 0xb7,
    0x20, 0x0, 0x0, 0x0, 0x4, 0x0, 0x0, 0x1,
    0xb1, 0x0, 0x0, 0x88, 0x88, 0x88, 0xcf, 0xb8,
    0x81, 0x1f, 0xff, 0xff, 0xff, 0xff, 0xff, 0x20,
    0x0, 0x0, 0x7f, 0x90, 0x0, 0x0, 0x1f, 0xff,
    0xff, 0xff, 0xff, 0xff, 0x30, 0x88, 0xaf, 0xd8,
    0x88, 0x88, 0x81, 0x0, 0x1, 0xa2, 0x0, 0x0,
    0x0, 0x0,

    /* U+226A "≪" */
    0x0, 0x0, 0x0, 0x0, 0x59, 0x0, 0x0, 0x7,
    0x70, 0x0, 0x0, 0x5, 0xdf, 0xc0, 0x0, 0x7e,
    0xf8, 0x0, 0x0, 0x6d, 0xfe, 0x70, 0x18, 0xff,
    0xd5, 0x0, 0x7, 0xef, 0xe6, 0x1, 0x8f, 0xfc,
    0x50, 0x0, 0x6e, 0xfd, 0x60, 0x8, 0xff, 0xc4,
    0x0, 0x0, 0xb, 0xfe, 0x30, 0x0, 0xff, 0xc1,
    0x0, 0x0, 0x0, 0x29, 0xff, 0xa3, 0x3, 0xbf,
    0xf9, 0x10, 0x0, 0x0, 0x1, 0x9f, 0xfb, 0x30,
    0x3a, 0xff, 0x92, 0x0, 0x0, 0x0, 0x18, 0xff,
    0xc4, 0x2, 0xaf, 0xfa, 0x20, 0x0, 0x0, 0x1,
    0x7e, 0xc0, 0x0, 0x29, 0xf8, 0x0, 0x0, 0x0,
    0x0, 0x5, 0x0, 0x0, 0x1, 0x40,

    /* U+226B "≫" */
    0x85, 0x0, 0x0, 0xa, 0x40, 0x0, 0x0, 0x0,
    0xa, 0xfd, 0x60, 0x0, 0xef, 0xc4, 0x0, 0x0,
    0x0, 0x6, 0xef, 0xe7, 0x1, 0x8f, 0xfc, 0x50,
    0x0, 0x0, 0x0, 0x6d, 0xfe, 0x70, 0x18, 0xef,
    0xd5, 0x0, 0x0, 0x0, 0x5, 0xdf, 0xe7, 0x0,
    0x7e, 0xfd, 0x40, 0x0, 0x0, 0x2, 0xdf, 0xc0,
    0x0, 0x4f, 0xf8, 0x0, 0x0, 0x2a, 0xff, 0xa2,
    0x4, 0xcf, 0xf8, 0x10, 0x3, 0xaf, 0xf9, 0x20,
    0x5c, 0xfe, 0x71, 0x0, 0x3b, 0xff, 0x91, 0x5,
    0xdf, 0xe7, 0x0, 0x0, 0xb, 0xf8, 0x10, 0x0,
    0xfe, 0x60, 0x0, 0x0, 0x0, 0x41, 0x0, 0x0,
    0x5, 0x0, 0x0, 0x0, 0x0, 0x0,

    /* U+226C "≬" */
    0x1, 0xde, 0x40, 0x0, 0xbf, 0x0, 0x2, 0xff,
    0x70, 0x9, 0xfc, 0xd0, 0xe, 0xb6, 0xf3, 0x2f,
    0x83, 0xf7, 0x5f, 0x50, 0xfa, 0x6f, 0x40, 0xfb,
    0x7f, 0x40, 0xfb, 0x5f, 0x50, 0xfa, 0x3f, 0x72,
    0xf8, 0xf, 0xa6, 0xf4, 0xa, 0xea, 0xe0, 0x4,
    0xff, 0x90, 0x0, 0xcf, 0x10, 0x0, 0xef, 0x30,
    0x0, 0x22, 0x10,

    /* U+226D "≭" */
    0x0, 0x0, 0x0, 0x0, 0x0, 0x0, 0x0, 0x0,
    0x0, 0x0, 0x9, 0x90, 0x0, 0x2, 0x0, 0x0,
    0x2, 0xf8, 0x1, 0x1, 0xfc, 0x73, 0x0, 0xbf,
    0x6a, 0xf2, 0x7, 0xdf, 0xff, 0xff, 0xff, 0xc7,
    0x0, 0x0, 0x26, 0x9f, 0xd5, 0x10, 0x0, 0x0,
    0x0, 0x6, 0xf5, 0x0, 0x0, 0x0, 0x1, 0x59,
    0xef, 0xdb, 0x72, 0x0, 0xa, 0xff, 0xff, 0xbb,
    0xef, 0xfc, 0x11, 0xd7, 0x3f, 0xa0, 0x0, 0x27,
    0xd3, 0x0, 0x9, 0xf2, 0x0, 0x0, 0x0, 0x0,
    0x0, 0x36, 0x0, 0x0, 0x0, 0x0,

    /* U+226E "≮" */
    0x0, 0x0, 0x0, 0x0, 0x0, 0x0, 0x0, 0x0,
    0x0, 0x0, 0x0, 0xd5, 0x0, 0x0, 0x0, 0x0,
    0x0, 0x5f, 0x13, 0x10, 0x0, 0x0, 0x0, 0xd,
    0xed, 0xf2, 0x0, 0x0, 0x1, 0x6c, 0xff, 0xb6,
    0x0, 0x0, 0x5a, 0xff, 0xfb, 0x10, 0x0, 0x9,
    0xef, 0xd8, 0x6f, 0x30, 0x0, 0x1, 0xff, 0xb2,
    0xb, 0xb0, 0x0, 0x0, 0x4, 0xaf, 0xfc, 0xf5,
    0x0, 0x0, 0x0, 0x0, 0x16, 0xef, 0xfb, 0x50,
    0x0, 0x0, 0x0, 0x2f, 0x67, 0xdf, 0xfa, 0x10,
    0x0, 0x9, 0xd0, 0x0, 0x39, 0xe2, 0x0, 0x0,
    0x95, 0x0, 0x0, 0x0, 0x0,

    /* U+226F "≯" */
    0x0, 0x0, 0x0, 0x0, 0x0, 0x0, 0x0, 0x30,
    0x0, 0x0, 0x6d, 0x0, 0x0, 0x1f, 0xd8, 0x20,
    0xe, 0x80, 0x0, 0x0, 0x5b, 0xff, 0xca, 0xf1,
    0x0, 0x0, 0x0, 0x1, 0x6c, 0xff, 0xb5, 0x0,
    0x0, 0x0, 0x0, 0x5f, 0x8d, 0xff, 0x91, 0x0,
    0x0, 0xc, 0xa0, 0x2a, 0xff, 0x20, 0x0, 0x4,
    0xf9, 0xcf, 0xfb, 0x50, 0x0, 0x5, 0xdf, 0xfc,
    0x61, 0x0, 0x0, 0xaf, 0xff, 0x82, 0x0, 0x0,
    0x0, 0x1e, 0x9d, 0xc0, 0x0, 0x0, 0x0, 0x0,
    0x2, 0xf4, 0x0, 0x0, 0x0, 0x0, 0x0, 0x39,
    0x0, 0x0, 0x0, 0x0, 0x0,

    /* U+2270 "≰" */
    0x0, 0x0, 0x0, 0x0, 0x7b, 0x0, 0x0, 0x0,
    0x0, 0x0, 0xd, 0xc0, 0x41, 0x0, 0x0, 0x0,
    0x4, 0xfe, 0xff, 0x20, 0x0, 0x4, 0x8d, 0xff,
    0xd8, 0x40, 0x6, 0xbf, 0xff, 0xbf, 0xb0, 0x0,
    0x1, 0xff, 0xf9, 0x15, 0xf5, 0x0, 0x0, 0x6,
    0xbf, 0xff, 0xef, 0x20, 0x0, 0x0, 0x0, 0x4,
    0x9f, 0xff, 0xd9, 0x40, 0x0, 0x0, 0x7, 0xf5,
    0x6b, 0xff, 0x20, 0x0, 0x0, 0xdd, 0x0, 0x0,
    0x41, 0x8, 0x88, 0x8f, 0xc8, 0x88, 0x88, 0x11,
    0xff, 0xff, 0xff, 0xff, 0xff, 0xf2, 0x0, 0x0,
    0xeb, 0x0, 0x0, 0x0, 0x0, 0x0, 0x9, 0x40,
    0x0, 0x0, 0x0,

    /* U+2271 "≱" */
    0x0, 0x0, 0x0, 0x7, 0xb0, 0x0, 0x0, 0x50,
    0x0, 0x0, 0xdc, 0x0, 0x0, 0x1f, 0xfb, 0x72,
    0x4f, 0x60, 0x0, 0x0, 0x38, 0xdf, 0xff, 0xf5,
    0x0, 0x0, 0x0, 0x0, 0x16, 0xff, 0xff, 0xb7,
    0x0, 0x0, 0x0, 0x5f, 0x48, 0xff, 0xf2, 0x0,
    0x0, 0x1c, 0xff, 0xff, 0xb7, 0x0, 0x48, 0xdf,
    0xfe, 0x94, 0x0, 0x0, 0x1f, 0xfb, 0xcf, 0x20,
    0x0, 0x0, 0x0, 0x50, 0xd, 0xc0, 0x0, 0x0,
    0x0, 0x8, 0x89, 0xfc, 0x88, 0x88, 0x88, 0x11,
    0xff, 0xff, 0xff, 0xff, 0xff, 0xf2, 0x0, 0xe,
    0xa0, 0x0, 0x0, 0x0, 0x0, 0x1, 0x94, 0x0,
    0x0, 0x0, 0x0,

    /* U+2272 "≲" */
    0x0, 0x0, 0x0, 0x0, 0x0, 0x2, 0x0, 0x0,
    0x0, 0x0, 0x5, 0x9e, 0xf2, 0x0, 0x0, 0x27,
    0xbf, 0xfe, 0xa5, 0x0, 0x49, 0xef, 0xfd, 0x83,
    0x0, 0x0, 0x1f, 0xff, 0x91, 0x0, 0x0, 0x0,
    0x0, 0x8d, 0xff, 0xe9, 0x50, 0x0, 0x0, 0x0,
    0x1, 0x6a, 0xff, 0xfb, 0x72, 0x0, 0x0, 0x0,
    0x0, 0x48, 0xdf, 0xf2, 0x0, 0x0, 0x0, 0x0,
    0x0, 0x16, 0x10, 0x6, 0xab, 0x94, 0x0, 0x0,
    0x82, 0xd, 0xfc, 0xcf, 0xfe, 0xaa, 0xee, 0x11,
    0xa1, 0x0, 0x5, 0xad, 0xc8, 0x10, 0x0, 0x0,
    0x0, 0x0, 0x0, 0x0, 0x0,

    /* U+2273 "≳" */
    0x5, 0x0, 0x0, 0x0, 0x0, 0x0, 0x1, 0xff,
    0xb7, 0x20, 0x0, 0x0, 0x0, 0x3, 0x8c, 0xff,
    0xe9, 0x40, 0x0, 0x0, 0x0, 0x1, 0x6a, 0xff,
    0xfb, 0x70, 0x0, 0x0, 0x0, 0x0, 0x8f, 0xff,
    0x30, 0x0, 0x1, 0x6a, 0xff, 0xfb, 0x70, 0x4,
    0x8d, 0xff, 0xe9, 0x40, 0x0, 0x1, 0xff, 0xb7,
    0x20, 0x0, 0x0, 0x0, 0x5, 0x1, 0x10, 0x0,
    0x0, 0x0, 0x0, 0x4c, 0xff, 0xfa, 0x40, 0x4,
    0xd3, 0x1f, 0xa5, 0x59, 0xef, 0xff, 0xfa, 0x0,
    0x40, 0x0, 0x0, 0x47, 0x62, 0x0,

    /* U+2274 "≴" */
    0x0, 0x0, 0x0, 0x0, 0x58, 0x0, 0x0, 0x0,
    0x0, 0x0, 0xb, 0xe0, 0x20, 0x0, 0x0, 0x0,
    0x2, 0xfe, 0xef, 0x20, 0x0, 0x2, 0x7b, 0xff,
    0xea, 0x50, 0x4, 0x9e, 0xff, 0xdf, 0xc0, 0x0,
    0x1, 0xff, 0xf8, 0x13, 0xf6, 0x0, 0x0, 0x8,
    0xdf, 0xfe, 0xdf, 0x10, 0x0, 0x0, 0x0, 0x16,
    0xbf, 0xff, 0xb7, 0x20, 0x0, 0x0, 0x5, 0xf7,
    0x8d, 0xff, 0x20, 0x0, 0x0, 0xbe, 0x0, 0x1,
    0x61, 0x0, 0x6a, 0xbf, 0xa0, 0x0, 0x8, 0x20,
    0xdf, 0xce, 0xff, 0xea, 0xae, 0xe1, 0x1a, 0x10,
    0xdc, 0x5a, 0xdc, 0x81, 0x0, 0x0, 0x1b, 0x60,
    0x0, 0x0, 0x0,

    /* U+2275 "≵" */
    0x0, 0x0, 0x0, 0x7, 0xb0, 0x0, 0x0, 0x50,
    0x0, 0x0, 0xdc, 0x0, 0x0, 0x1f, 0xfb, 0x72,
    0x3f, 0x70, 0x0, 0x0, 0x38, 0xdf, 0xff, 0xf6,
    0x0, 0x0, 0x0, 0x0, 0x16, 0xff, 0xff, 0xb7,
    0x0, 0x0, 0x0, 0x5f, 0x68, 0xff, 0xf2, 0x0,
    0x0, 0x1c, 0xff, 0xff, 0xb7, 0x0, 0x48, 0xdf,
    0xfe, 0x94, 0x0, 0x0, 0x1f, 0xfb, 0xcf, 0x30,
    0x0, 0x0, 0x0, 0x50, 0xd, 0xd0, 0x0, 0x0,
    0x0, 0x4, 0xcf, 0xff, 0xa4, 0x0, 0x4d, 0x31,
    0xfa, 0xcf, 0x9e, 0xff, 0xff, 0xa0, 0x4, 0xe,
    0xb0, 0x4, 0x76, 0x20, 0x0, 0x1, 0x94, 0x0,
    0x0, 0x0, 0x0,

    /* U+2276 "≶" */
    0x0, 0x0, 0x0, 0x0, 0x0, 0x2, 0x0, 0x0,
    0x0, 0x0, 0x5, 0x9e, 0xf1, 0x0, 0x0, 0x27,
    0xbf, 0xfe, 0xa6, 0x0, 0x59, 0xef, 0xfc, 0x83,
    0x0, 0x0, 0x2f, 0xff, 0x81, 0x0, 0x0, 0x0,
    0x1, 0x9d, 0xff, 0xd8, 0x40, 0x0, 0x0, 0x3,
    0x2, 0x6b, 0xff, 0xfb, 0x61, 0x1, 0xfe, 0xa5,
    0x10, 0x49, 0xdf, 0xf1, 0x5, 0x9e, 0xff, 0xc8,
    0x30, 0x27, 0x0, 0x0, 0x3, 0x7c, 0xff, 0xea,
    0x50, 0x0, 0x0, 0x0, 0x1, 0x8f, 0xff, 0x30,
    0x0, 0x0, 0x49, 0xdf, 0xfd, 0x81, 0x2, 0x7b,
    0xff, 0xfa, 0x61, 0x0, 0x1, 0xff, 0xd8, 0x40,
    0x0, 0x0, 0x0, 0x6, 0x10, 0x0, 0x0, 0x0,
    0x0, 0x0,

    /* U+2277 "≷" */
    0x2, 0x0, 0x0, 0x0, 0x0, 0x0, 0x1, 0xfe,
    0x95, 0x0, 0x0, 0x0, 0x0, 0x5, 0xae, 0xff,
    0xb7, 0x20, 0x0, 0x0, 0x0, 0x3, 0x8c, 0xff,
    0xe9, 0x50, 0x0, 0x0, 0x0, 0x1, 0x8f, 0xff,
    0x30, 0x0, 0x0, 0x48, 0xdf, 0xfd, 0x91, 0x1,
    0x6b, 0xff, 0xfb, 0x62, 0x3, 0x1, 0xff, 0xd9,
    0x40, 0x15, 0xae, 0xf1, 0x7, 0x20, 0x38, 0xcf,
    0xfe, 0x95, 0x0, 0x5a, 0xef, 0xfc, 0x73, 0x0,
    0x0, 0x2f, 0xff, 0x81, 0x0, 0x0, 0x0, 0x0,
    0x8c, 0xff, 0xe9, 0x40, 0x0, 0x0, 0x0, 0x1,
    0x6a, 0xff, 0xfb, 0x72, 0x0, 0x0, 0x0, 0x0,
    0x38, 0xdf, 0xf1, 0x0, 0x0, 0x0, 0x0, 0x0,
    0x16, 0x0,

    /* U+2278 "≸" */
    0x0, 0x0, 0x0, 0x1, 0x30, 0x0, 0x0, 0x0,
    0x0, 0x0, 0x5f, 0x20, 0x0, 0x0, 0x0, 0x0,
    0x9, 0xe0, 0x2, 0x0, 0x0, 0x0, 0x0, 0xdd,
    0x9e, 0xf1, 0x0, 0x0, 0x27, 0xcf, 0xfe, 0xa6,
    0x0, 0x59, 0xef, 0xfe, 0xf6, 0x0, 0x0, 0x2f,
    0xff, 0x81, 0x8f, 0x0, 0x0, 0x1, 0x9d, 0xff,
    0xde, 0xd0, 0x0, 0x0, 0x3, 0x2, 0x6b, 0xff,
    0xfb, 0x61, 0x1, 0xfe, 0xa5, 0x4f, 0x89, 0xdf,
    0xf1, 0x5, 0x9e, 0xff, 0xf9, 0x30, 0x27, 0x0,
    0x0, 0x3, 0xdf, 0xff, 0xea, 0x50, 0x0, 0x0,
    0xe, 0xa1, 0x8f, 0xff, 0x30, 0x0, 0x2, 0xfd,
    0xef, 0xfd, 0x81, 0x2, 0x7b, 0xff, 0xfa, 0x61,
    0x0, 0x1, 0xff, 0xdd, 0xf0, 0x0, 0x0, 0x0,
    0x6, 0x10, 0xcb, 0x0, 0x0, 0x0, 0x0, 0x0,
    0xf, 0x80, 0x0, 0x0, 0x0, 0x0, 0x0, 0x52,
    0x0, 0x0, 0x0, 0x0,

    /* U+2279 "≹" */
    0x0, 0x0, 0x0, 0x1, 0x30, 0x0, 0x0, 0x0,
    0x0, 0x0, 0x5f, 0x20, 0x0, 0x2, 0x0, 0x0,
    0x9, 0xe0, 0x0, 0x1, 0xfe, 0x95, 0x0, 0xdb,
    0x0, 0x0, 0x5, 0xae, 0xff, 0xcf, 0x80, 0x0,
    0x0, 0x0, 0x3, 0x8d, 0xff, 0xe9, 0x50, 0x0,
    0x0, 0x0, 0x8f, 0x8f, 0xff, 0x30, 0x0, 0x0,
    0x4d, 0xff, 0xfd, 0x91, 0x1, 0x6b, 0xff, 0xfc,
    0x62, 0x3, 0x1, 0xff, 0xd9, 0x7f, 0x65, 0xae,
    0xf1, 0x7, 0x20, 0x3a, 0xff, 0xfe, 0x95, 0x0,
    0x5a, 0xef, 0xfe, 0x73, 0x0, 0x0, 0x2f, 0xff,
    0x8e, 0xa0, 0x0, 0x0, 0x0, 0x8c, 0xff, 0xfc,
    0x50, 0x0, 0x0, 0x0, 0x1, 0x9f, 0xff, 0xfb,
    0x72, 0x0, 0x0, 0x9, 0xf0, 0x38, 0xdf, 0xf1,
    0x0, 0x0, 0xdb, 0x0, 0x0, 0x16, 0x0, 0x0,
    0xf, 0x80, 0x0, 0x0, 0x0, 0x0, 0x0, 0x52,
    0x0, 0x0, 0x0, 0x0,

    /* U+227A "≺" */
    0x0, 0x0, 0x0, 0x0, 0x0, 0x4, 0x20, 0x0,
    0x0, 0x0, 0x0, 0x4, 0xf2, 0x0, 0x0, 0x0,
    0x0, 0x7, 0xfb, 0x0, 0x0, 0x0, 0x0, 0x4c,
    0xf8, 0x0, 0x0, 0x0, 0x17, 0xdf, 0xc3, 0x0,
    0x0, 0x7a, 0xdf, 0xfa, 0x40, 0x0, 0x0, 0x1f,
    0xff, 0xc4, 0x0, 0x0, 0x0, 0x0, 0x36, 0x9d,
    0xfe, 0x81, 0x0, 0x0, 0x0, 0x0, 0x3, 0x8f,
    0xf7, 0x0, 0x0, 0x0, 0x0, 0x0, 0x18, 0xfc,
    0x10, 0x0, 0x0, 0x0, 0x0, 0x3, 0xde, 0x10,
    0x0, 0x0, 0x0, 0x0, 0x1, 0xd2, 0x0, 0x0,
    0x0, 0x0, 0x0, 0x1, 0x10,

    /* U+227B "≻" */
    0x14, 0x0, 0x0, 0x0, 0x0, 0x0, 0x1, 0xf4,
    0x0, 0x0, 0x0, 0x0, 0x0, 0xa, 0xf8, 0x0,
    0x0, 0x0, 0x0, 0x0, 0x7, 0xfd, 0x40, 0x0,
    0x0, 0x0, 0x0, 0x2, 0xcf, 0xd7, 0x20, 0x0,
    0x0, 0x0, 0x0, 0x3a, 0xff, 0xea, 0x71, 0x0,
    0x0, 0x0, 0x4, 0xbf, 0xff, 0x20, 0x0, 0x1,
    0x8e, 0xfe, 0xa6, 0x30, 0x0, 0x6, 0xff, 0x93,
    0x0, 0x0, 0x0, 0x1b, 0xf9, 0x10, 0x0, 0x0,
    0x0, 0xd, 0xe4, 0x0, 0x0, 0x0, 0x0, 0x1,
    0xd2, 0x0, 0x0, 0x0, 0x0, 0x0, 0x2, 0x0,
    0x0, 0x0, 0x0, 0x0, 0x0,

    /* U+227C "≼" */
    0x0, 0x0, 0x0, 0x0, 0x0, 0x0, 0x0, 0x0,
    0x0, 0x0, 0x0, 0x0, 0x62, 0x0, 0x0, 0x0,
    0x0, 0x1, 0xaf, 0x20, 0x0, 0x0, 0x0, 0x29,
    0xfe, 0x50, 0x0, 0x0, 0x37, 0xcf, 0xe7, 0x0,
    0x0, 0xac, 0xff, 0xfb, 0x50, 0x0, 0x0, 0x1f,
    0xff, 0xf9, 0x50, 0x0, 0x0, 0x0, 0x2, 0x69,
    0xef, 0xf9, 0x20, 0x0, 0x1b, 0x74, 0x10, 0x38,
    0xef, 0x90, 0x1, 0xcf, 0xff, 0xb6, 0x0, 0x7f,
    0xe1, 0x0, 0x3, 0x8d, 0xff, 0x70, 0x1c, 0x20,
    0x0, 0x0, 0x3, 0x9f, 0xe5, 0x0, 0x0, 0x0,
    0x0, 0x0, 0x2b, 0xf8, 0x0, 0x0, 0x0, 0x0,
    0x0, 0x6, 0xf2, 0x0, 0x0, 0x0, 0x0, 0x0,
    0x4, 0x20,

    /* U+227D "≽" */
    0x0, 0x0, 0x0, 0x0, 0x0, 0x0, 0x1, 0x70,
    0x0, 0x0, 0x0, 0x0, 0x0, 0x1f, 0xb2, 0x0,
    0x0, 0x0, 0x0, 0x0, 0x4e, 0xf9, 0x20, 0x0,
    0x0, 0x0, 0x0, 0x7, 0xef, 0xd8, 0x30, 0x0,
    0x0, 0x0, 0x0, 0x5a, 0xef, 0xfd, 0xa1, 0x0,
    0x0, 0x0, 0x59, 0xff, 0xff, 0x20, 0x0, 0x19,
    0xef, 0xea, 0x63, 0x0, 0x0, 0x8f, 0xf9, 0x30,
    0x4, 0x7a, 0x20, 0xdf, 0x80, 0x5, 0xbf, 0xff,
    0xd1, 0x1d, 0x20, 0x7e, 0xfd, 0x84, 0x0, 0x0,
    0x4, 0xef, 0xa3, 0x0, 0x0, 0x0, 0x7, 0xfb,
    0x20, 0x0, 0x0, 0x0, 0x1, 0xf7, 0x0, 0x0,
    0x0, 0x0, 0x0, 0x15, 0x0, 0x0, 0x0, 0x0,
    0x0, 0x0,

    /* U+227E "≾" */
    0x0, 0x0, 0x0, 0x0, 0x0, 0x0, 0x0, 0x0,
    0x0, 0x0, 0x0, 0x0, 0x62, 0x0, 0x0, 0x0,
    0x0, 0x1, 0xaf, 0x20, 0x0, 0x0, 0x0, 0x29,
    0xfe, 0x50, 0x0, 0x0, 0x37, 0xcf, 0xe7, 0x0,
    0x0, 0xac, 0xff, 0xfb, 0x50, 0x0, 0x0, 0x1f,
    0xff, 0xf9, 0x50, 0x0, 0x0, 0x0, 0x2, 0x69,
    0xef, 0xf9, 0x20, 0x0, 0x0, 0x0, 0x0, 0x38,
    0xef, 0x90, 0x0, 0x0, 0x0, 0x0, 0x0, 0x7f,
    0xe1, 0x0, 0x0, 0x0, 0x0, 0x0, 0x1c, 0x20,
    0x0, 0x44, 0x20, 0x0, 0x0, 0x22, 0x6, 0xef,
    0xff, 0xc7, 0x33, 0x8f, 0x21, 0xf8, 0x33, 0x6c,
    0xff, 0xfe, 0x70, 0x2, 0x0, 0x0, 0x1, 0x43,
    0x0, 0x0,

    /* U+227F "≿" */
    0x0, 0x0, 0x0, 0x0, 0x0, 0x0, 0x1, 0x70,
    0x0, 0x0, 0x0, 0x0, 0x0, 0x1f, 0xb2, 0x0,
    0x0, 0x0, 0x0, 0x0, 0x4e, 0xf9, 0x20, 0x0,
    0x0, 0x0, 0x0, 0x7, 0xef, 0xd8, 0x30, 0x0,
    0x0, 0x0, 0x0, 0x5a, 0xef, 0xfd, 0xa1, 0x0,
    0x0, 0x0, 0x59, 0xff, 0xff, 0x20, 0x0, 0x19,
    0xef, 0xea, 0x63, 0x0, 0x0, 0x8f, 0xf9, 0x30,
    0x0, 0x0, 0x0, 0xdf, 0x80, 0x0, 0x0, 0x0,
    0x0, 0x1d, 0x20, 0x0, 0x0, 0x0, 0x0, 0x0,
    0x0, 0x44, 0x20, 0x0, 0x0, 0x21, 0x6, 0xef,
    0xff, 0xc7, 0x33, 0x8f, 0x21, 0xf8, 0x33, 0x6c,
    0xff, 0xfe, 0x70, 0x2, 0x0, 0x0, 0x1, 0x43,
    0x0, 0x0,

    /* U+2280 "⊀" */
    0x0, 0x0, 0x0, 0x0, 0x0, 0x81, 0x0, 0x0,
    0x0, 0x0, 0x0, 0x5f, 0x20, 0x0, 0x0, 0x0,
    0x0, 0xc, 0xa4, 0x20, 0x0, 0x0, 0x0, 0x4,
    0xf7, 0xf2, 0x0, 0x0, 0x0, 0x0, 0xbf, 0xfb,
    0x0, 0x0, 0x0, 0x0, 0x5f, 0xf8, 0x0, 0x0,
    0x0, 0x27, 0xdf, 0xd3, 0x0, 0x0, 0x7a, 0xdf,
    0xfd, 0xf4, 0x0, 0x0, 0x1f, 0xff, 0xc5, 0xad,
    0x0, 0x0, 0x0, 0x36, 0x9e, 0xff, 0xb1, 0x0,
    0x0, 0x0, 0x0, 0xa, 0xef, 0xf7, 0x0, 0x0,
    0x0, 0x1, 0xf7, 0x18, 0xfc, 0x10, 0x0, 0x0,
    0x7e, 0x0, 0x3, 0xee, 0x10, 0x0, 0xe, 0x70,
    0x0, 0x1, 0xd2, 0x0, 0x2, 0xd1, 0x0, 0x0,
    0x1, 0x10, 0x0, 0x0, 0x0, 0x0, 0x0, 0x0,

    /* U+2281 "⊁" */
    0x0, 0x0, 0x0, 0x0, 0x20, 0x0, 0x1, 0x50,
    0x0, 0x0, 0x1f, 0x40, 0x0, 0x1f, 0x50, 0x0,
    0x8, 0xe0, 0x0, 0x0, 0x9f, 0x80, 0x1, 0xf6,
    0x0, 0x0, 0x0, 0x7f, 0xd5, 0x7e, 0x0, 0x0,
    0x0, 0x0, 0x2b, 0xff, 0xc2, 0x0, 0x0, 0x0,
    0x0, 0x9, 0xff, 0xfe, 0xa7, 0x10, 0x0, 0x0,
    0xe9, 0x3b, 0xff, 0xf2, 0x0, 0x0, 0x5f, 0xff,
    0xe9, 0x63, 0x0, 0x0, 0x6f, 0xf9, 0x30, 0x0,
    0x0, 0x1, 0xbf, 0xf2, 0x0, 0x0, 0x0, 0x0,
    0xde, 0xfb, 0x0, 0x0, 0x0, 0x0, 0x1d, 0x5f,
    0x30, 0x0, 0x0, 0x0, 0x0, 0x2b, 0xc0, 0x0,
    0x0, 0x0, 0x0, 0x2, 0xf4, 0x0, 0x0, 0x0,
    0x0, 0x0, 0x4, 0x0, 0x0, 0x0, 0x0, 0x0,

    /* U+2282 "⊂" */
    0x0, 0x2a, 0xef, 0xff, 0xff, 0xff, 0x40, 0x3f,
    0xc7, 0x55, 0x55, 0x55, 0x51, 0xd, 0xb0, 0x0,
    0x0, 0x0, 0x0, 0x2, 0xf3, 0x0, 0x0, 0x0,
    0x0, 0x0, 0x2f, 0x20, 0x0, 0x0, 0x0, 0x0,
    0x0, 0xf7, 0x0, 0x0, 0x0, 0x0, 0x0, 0x8,
    0xf6, 0x0, 0x0, 0x0, 0x0, 0x0, 0x8, 0xff,
    0xff, 0xff, 0xff, 0xf4, 0x0, 0x1, 0x55, 0x55,
    0x55, 0x55, 0x10,

    /* U+2283 "⊃" */
    0x3f, 0xff, 0xff, 0xff, 0xeb, 0x30, 0x1, 0x55,
    0x55, 0x55, 0x56, 0xcf, 0x40, 0x0, 0x0, 0x0,
    0x0, 0x0, 0xae, 0x0, 0x0, 0x0, 0x0, 0x0,
    0x2, 0xf3, 0x0, 0x0, 0x0, 0x0, 0x0, 0x1f,
    0x40, 0x0, 0x0, 0x0, 0x0, 0x6, 0xf1, 0x0,
    0x0, 0x0, 0x0, 0x5, 0xf9, 0x3, 0xff, 0xff,
    0xff, 0xff, 0xf9, 0x0, 0x15, 0x55, 0x55, 0x55,
    0x51, 0x0, 0x0,

    /* U+2284 "⊄" */
    0x0, 0x0, 0x0, 0x0, 0x13, 0x0, 0x0, 0x0,
    0x0, 0x0, 0xa, 0xd0, 0x0, 0x0, 0x0, 0x0,
    0x0, 0xe8, 0x0, 0x0, 0x0, 0x0, 0x0, 0x4f,
    0x30, 0x0, 0x0, 0x2a, 0xef, 0xff, 0xff, 0xff,
    0x40, 0x3f, 0xc7, 0x55, 0xfb, 0x55, 0x51, 0xd,
    0xb0, 0x0, 0x2f, 0x50, 0x0, 0x1, 0xf4, 0x0,
    0x7, 0xf0, 0x0, 0x0, 0x2f, 0x20, 0x0, 0xcb,
    0x0, 0x0, 0x0, 0xf6, 0x0, 0x1f, 0x60, 0x0,
    0x0, 0x8, 0xf5, 0x6, 0xf1, 0x0, 0x0, 0x0,
    0x9, 0xff, 0xff, 0xdd, 0xdd, 0xd4, 0x0, 0x2,
    0x7f, 0xa7, 0x77, 0x77, 0x20, 0x0, 0x5, 0xf2,
    0x0, 0x0, 0x0, 0x0, 0x0, 0xad, 0x0, 0x0,
    0x0, 0x0, 0x0, 0x8, 0x50, 0x0, 0x0, 0x0,

    /* U+2285 "⊅" */
    0x0, 0x0, 0x0, 0x0, 0x0, 0x0, 0x0, 0x0,
    0x0, 0x0, 0x9e, 0x0, 0x0, 0x0, 0x0, 0x0,
    0xe, 0x90, 0x0, 0x0, 0x0, 0x0, 0x3, 0xf4,
    0x0, 0x0, 0x2d, 0xdd, 0xdd, 0xef, 0xd9, 0x20,
    0x1, 0x77, 0x77, 0x7f, 0xc8, 0xdf, 0x30, 0x0,
    0x0, 0x2, 0xf5, 0x0, 0xbd, 0x0, 0x0, 0x0,
    0x7f, 0x0, 0x2, 0xf3, 0x0, 0x0, 0xc, 0xb0,
    0x0, 0x1f, 0x40, 0x0, 0x1, 0xf6, 0x0, 0x6,
    0xf1, 0x0, 0x0, 0x6f, 0x10, 0x5, 0xf9, 0x3,
    0xff, 0xff, 0xff, 0xff, 0xf9, 0x0, 0x15, 0x56,
    0xf9, 0x55, 0x52, 0x0, 0x0, 0x0, 0x5f, 0x20,
    0x0, 0x0, 0x0, 0x0, 0xa, 0xd0, 0x0, 0x0,
    0x0, 0x0, 0x0, 0x85, 0x0, 0x0, 0x0, 0x0,

    /* U+2286 "⊆" */
    0x0, 0x0, 0x0, 0x0, 0x0, 0x0, 0x0, 0x4,
    0xcf, 0xff, 0xff, 0xff, 0xf2, 0x5, 0xfa, 0x54,
    0x44, 0x44, 0x44, 0x0, 0xe9, 0x0, 0x0, 0x0,
    0x0, 0x0, 0x4f, 0x10, 0x0, 0x0, 0x0, 0x0,
    0x4, 0xf0, 0x0, 0x0, 0x0, 0x0, 0x0, 0x1f,
    0x50, 0x0, 0x0, 0x0, 0x0, 0x0, 0x9f, 0x50,
    0x0, 0x0, 0x0, 0x0, 0x0, 0x9f, 0xff, 0xff,
    0xff, 0xff, 0x20, 0x0, 0x25, 0x55, 0x55, 0x55,
    0x50, 0x4, 0x55, 0x55, 0x55, 0x55, 0x55, 0x0,
    0xef, 0xff, 0xff, 0xff, 0xff, 0xf2,

    /* U+2287 "⊇" */
    0x0, 0x0, 0x0, 0x0, 0x0, 0x0, 0x1, 0xff,
    0xff, 0xff, 0xff, 0xd5, 0x0, 0x4, 0x44, 0x44,
    0x44, 0x5a, 0xf6, 0x0, 0x0, 0x0, 0x0, 0x0,
    0x8, 0xf1, 0x0, 0x0, 0x0, 0x0, 0x0, 0xf,
    0x50, 0x0, 0x0, 0x0, 0x0, 0x0, 0xf5, 0x0,
    0x0, 0x0, 0x0, 0x0, 0x4f, 0x20, 0x0, 0x0,
    0x0, 0x0, 0x4e, 0xa0, 0x1f, 0xff, 0xff, 0xff,
    0xff, 0xa0, 0x0, 0x55, 0x55, 0x55, 0x55, 0x20,
    0x0, 0x5, 0x55, 0x55, 0x55, 0x55, 0x54, 0x1,
    0xff, 0xff, 0xff, 0xff, 0xff, 0xf0,

    /* U+2288 "⊈" */
    0x0, 0x0, 0x0, 0x0, 0x0, 0x0, 0x0, 0x0,
    0x0, 0x0, 0x4, 0xe0, 0x0, 0x0, 0x0, 0x0,
    0x0, 0xbb, 0x0, 0x0, 0x4, 0xcf, 0xff, 0xff,
    0xff, 0xf2, 0x5, 0xfa, 0x54, 0x4b, 0xd4, 0x44,
    0x0, 0xe9, 0x0, 0x0, 0xe7, 0x0, 0x0, 0x4f,
    0x10, 0x0, 0x5f, 0x10, 0x0, 0x4, 0xf0, 0x0,
    0xc, 0xa0, 0x0, 0x0, 0x1f, 0x50, 0x2, 0xf3,
    0x0, 0x0, 0x0, 0x9f, 0x50, 0x9c, 0x0, 0x0,
    0x0, 0x0, 0x9f, 0xff, 0xff, 0xff, 0xff, 0x20,
    0x0, 0x2a, 0xe5, 0x55, 0x55, 0x50, 0x4, 0x55,
    0xdb, 0x55, 0x55, 0x55, 0x0, 0xef, 0xff, 0xff,
    0xff, 0xff, 0xf2, 0x0, 0xa, 0xb0, 0x0, 0x0,
    0x0, 0x0, 0x0, 0xd5, 0x0, 0x0, 0x0, 0x0,
    0x0, 0x0, 0x0, 0x0, 0x0, 0x0, 0x0,

    /* U+2289 "⊉" */
    0x0, 0x0, 0x0, 0x0, 0x0, 0x0, 0x0, 0x0,
    0x0, 0x0, 0x4, 0xe0, 0x0, 0x0, 0x0, 0x0,
    0x0, 0xbb, 0x0, 0x1, 0xff, 0xff, 0xff, 0xff,
    0xd5, 0x0, 0x4, 0x44, 0x44, 0x4b, 0xd9, 0xf6,
    0x0, 0x0, 0x0, 0x0, 0xe7, 0x7, 0xf1, 0x0,
    0x0, 0x0, 0x5f, 0x10, 0xf, 0x50, 0x0, 0x0,
    0xc, 0xa0, 0x0, 0xf5, 0x0, 0x0, 0x2, 0xf3,
    0x0, 0x4f, 0x20, 0x0, 0x0, 0x9c, 0x0, 0x4e,
    0xa0, 0x1f, 0xff, 0xff, 0xff, 0xff, 0xa0, 0x0,
    0x55, 0x5a, 0xf5, 0x55, 0x20, 0x0, 0x5, 0x55,
    0xdb, 0x55, 0x55, 0x54, 0x1, 0xff, 0xff, 0xff,
    0xff, 0xff, 0xf0, 0x0, 0xa, 0xb0, 0x0, 0x0,
    0x0, 0x0, 0x0, 0xd5, 0x0, 0x0, 0x0, 0x0,
    0x0, 0x0, 0x0, 0x0, 0x0, 0x0, 0x0,

    /* U+228A "⊊" */
    0x0, 0x0, 0x0, 0x0, 0x0, 0x0, 0x0, 0x4,
    0xcf, 0xff, 0xff, 0xff, 0xf2, 0x5, 0xfa, 0x54,
    0x44, 0x44, 0x44, 0x0, 0xe8, 0x0, 0x0, 0x0,
    0x0, 0x0, 0x4f, 0x10, 0x0, 0x0, 0x0, 0x0,
    0x4, 0xf0, 0x0, 0x0, 0x0, 0x0, 0x0, 0x1f,
    0x50, 0x0, 0x0, 0x0, 0x0, 0x0, 0x9f, 0x50,
    0x0, 0x0, 0x0, 0x0, 0x0, 0x9f, 0xff, 0xff,
    0xff, 0xff, 0x20, 0x0, 0x25, 0x56, 0xb5, 0x55,
    0x50, 0x4, 0x55, 0x55, 0xaf, 0x65, 0x55, 0x0,
    0xef, 0xff, 0xff, 0xff, 0xff, 0xf2, 0x0, 0x0,
    0xe, 0x70, 0x0, 0x0, 0x0, 0x0, 0x0, 0x10,
    0x0, 0x0, 0x0,

    /* U+228B "⊋" */
    0x0, 0x0, 0x0, 0x0, 0x0, 0x0, 0x6, 0xff,
    0xff, 0xff, 0xff, 0xb3, 0x0, 0x14, 0x44, 0x44,
    0x44, 0x6c, 0xf3, 0x0, 0x0, 0x0, 0x0, 0x0,
    0xc, 0xc0, 0x0, 0x0, 0x0, 0x0, 0x0, 0x5f,
    0x0, 0x0, 0x0, 0x0, 0x0, 0x4, 0xf1, 0x0,
    0x0, 0x0, 0x0, 0x0, 0x9e, 0x0, 0x0, 0x0,
    0x0, 0x1, 0x7f, 0x60, 0x5f, 0xff, 0xff, 0xff,
    0xff, 0x70, 0x2, 0x55, 0x55, 0x56, 0xb4, 0x10,
    0x0, 0x4, 0x55, 0x55, 0xbf, 0x55, 0x55, 0x0,
    0xef, 0xff, 0xff, 0xff, 0xff, 0xf2, 0x0, 0x0,
    0xe, 0x70, 0x0, 0x0, 0x0, 0x0, 0x0, 0x10,
    0x0, 0x0, 0x0,

    /* U+228C "⊌" */
    0x36, 0x0, 0x0, 0x3, 0x69, 0xe0, 0x0, 0x0,
    0x9f, 0x9e, 0x0, 0x0, 0x9, 0xf9, 0xe0, 0x0,
    0x0, 0x9f, 0x9e, 0x0, 0x30, 0x9, 0xf9, 0xe0,
    0xb4, 0x0, 0x9f, 0x8f, 0x6f, 0xcc, 0xa9, 0xe6,
    0xf2, 0x96, 0x0, 0xcc, 0x2f, 0x80, 0x10, 0x3f,
    0x80, 0x9f, 0xb7, 0x9f, 0xe1, 0x0, 0x7d, 0xfe,
    0xa2, 0x0,

    /* U+228D "⊍" */
    0x12, 0x0, 0x0, 0x1, 0x39, 0xe0, 0x0, 0x0,
    0x9f, 0x9e, 0x0, 0x0, 0x9, 0xf9, 0xe0, 0x0,
    0x0, 0x9f, 0x9e, 0x0, 0x0, 0x9, 0xf9, 0xe0,
    0x5, 0x40, 0x9f, 0x8f, 0x1, 0xfc, 0x9, 0xe6,
    0xf1, 0x1e, 0xb0, 0xcc, 0x2f, 0x80, 0x0, 0x3f,
    0x80, 0xaf, 0xb7, 0x9f, 0xe1, 0x0, 0x7d, 0xfe,
    0xa2, 0x0,

    /* U+228E "⊎" */
    0x46, 0x0, 0x0, 0x4, 0x79, 0xe0, 0x0, 0x0,
    0x9f, 0x9e, 0x0, 0x0, 0x9, 0xf9, 0xe0, 0x0,
    0x0, 0x9f, 0x9e, 0x0, 0xc0, 0x9, 0xf9, 0xe1,
    0x6e, 0x63, 0x9f, 0x8f, 0x28, 0xf8, 0x49, 0xe6,
    0xf2, 0xe, 0x0, 0xcc, 0x2f, 0x90, 0x0, 0x3f,
    0x80, 0x9f, 0xc8, 0xaf, 0xe1, 0x0, 0x7c, 0xee,
    0x91, 0x0,

    /* U+228F "⊏" */
    0x3, 0x33, 0x33, 0x33, 0x33, 0x33, 0x1, 0xff,
    0xff, 0xff, 0xff, 0xff, 0xf3, 0x1f, 0x94, 0x44,
    0x44, 0x44, 0x44, 0x1, 0xf6, 0x0, 0x0, 0x0,
    0x0, 0x0, 0x1f, 0x60, 0x0, 0x0, 0x0, 0x0,
    0x1, 0xf6, 0x0, 0x0, 0x0, 0x0, 0x0, 0x1f,
    0x60, 0x0, 0x0, 0x0, 0x0, 0x1, 0xf6, 0x0,
    0x0, 0x0, 0x0, 0x0, 0x1f, 0x60, 0x0, 0x0,
    0x0, 0x0, 0x1, 0xfb, 0x88, 0x88, 0x88, 0x88,
    0x81, 0x1f, 0xff, 0xff, 0xff, 0xff, 0xff, 0x30,

    /* U+2290 "⊐" */
    0x3, 0x33, 0x33, 0x33, 0x33, 0x33, 0x1, 0xff,
    0xff, 0xff, 0xff, 0xff, 0xf2, 0x4, 0x44, 0x44,
    0x44, 0x44, 0x7f, 0x20, 0x0, 0x0, 0x0, 0x0,
    0x5, 0xf2, 0x0, 0x0, 0x0, 0x0, 0x0, 0x5f,
    0x20, 0x0, 0x0, 0x0, 0x0, 0x5, 0xf2, 0x0,
    0x0, 0x0, 0x0, 0x0, 0x5f, 0x20, 0x0, 0x0,
    0x0, 0x0, 0x5, 0xf2, 0x0, 0x0, 0x0, 0x0,
    0x0, 0x5f, 0x20, 0x88, 0x88, 0x88, 0x88, 0x8a,
    0xf2, 0x1f, 0xff, 0xff, 0xff, 0xff, 0xff, 0x20,

    /* U+2291 "⊑" */
    0x5, 0x55, 0x55, 0x55, 0x55, 0x55, 0x11, 0xff,
    0xff, 0xff, 0xff, 0xff, 0xf3, 0x1f, 0x82, 0x22,
    0x22, 0x22, 0x22, 0x1, 0xf6, 0x0, 0x0, 0x0,
    0x0, 0x0, 0x1f, 0x60, 0x0, 0x0, 0x0, 0x0,
    0x1, 0xf6, 0x0, 0x0, 0x0, 0x0, 0x0, 0x1f,
    0x60, 0x0, 0x0, 0x0, 0x0, 0x1, 0xf6, 0x0,
    0x0, 0x0, 0x0, 0x0, 0x1f, 0x60, 0x0, 0x0,
    0x0, 0x0, 0x1, 0xfb, 0x88, 0x88, 0x88, 0x88,
    0x81, 0x1f, 0xff, 0xff, 0xff, 0xff, 0xff, 0x20,
    0x0, 0x0, 0x0, 0x0, 0x0, 0x0, 0x1f, 0xff,
    0xff, 0xff, 0xff, 0xff, 0x30, 0x88, 0x88, 0x88,
    0x88, 0x88, 0x81,

    /* U+2292 "⊒" */
    0x5, 0x55, 0x55, 0x55, 0x55, 0x55, 0x1, 0xff,
    0xff, 0xff, 0xff, 0xff, 0xf2, 0x2, 0x22, 0x22,
    0x22, 0x22, 0x6f, 0x20, 0x0, 0x0, 0x0, 0x0,
    0x5, 0xf2, 0x0, 0x0, 0x0, 0x0, 0x0, 0x5f,
    0x20, 0x0, 0x0, 0x0, 0x0, 0x5, 0xf2, 0x0,
    0x0, 0x0, 0x0, 0x0, 0x5f, 0x20, 0x0, 0x0,
    0x0, 0x0, 0x5, 0xf2, 0x0, 0x0, 0x0, 0x0,
    0x0, 0x5f, 0x20, 0x88, 0x88, 0x88, 0x88, 0x8b,
    0xf2, 0x1f, 0xff, 0xff, 0xff, 0xff, 0xff, 0x20,
    0x0, 0x0, 0x0, 0x0, 0x0, 0x0, 0x1f, 0xff,
    0xff, 0xff, 0xff, 0xff, 0x20, 0x88, 0x88, 0x88,
    0x88, 0x88, 0x81,

    /* U+2293 "⊓" */
    0x4, 0x44, 0x44, 0x44, 0x44, 0x40, 0x1f, 0xff,
    0xff, 0xff, 0xff, 0xf1, 0x1f, 0x83, 0x33, 0x33,
    0x38, 0xf1, 0x1f, 0x60, 0x0, 0x0, 0x6, 0xf1,
    0x1f, 0x60, 0x0, 0x0, 0x6, 0xf1, 0x1f, 0x60,
    0x0, 0x0, 0x6, 0xf1, 0x1f, 0x60, 0x0, 0x0,
    0x6, 0xf1, 0x1f, 0x60, 0x0, 0x0, 0x6, 0xf1,
    0x1f, 0x60, 0x0, 0x0, 0x6, 0xf1, 0x1f, 0x60,
    0x0, 0x0, 0x6, 0xf1, 0x1f, 0x60, 0x0, 0x0,
    0x6, 0xf1, 0x1f, 0x60, 0x0, 0x0, 0x6, 0xf1,

    /* U+2294 "⊔" */
    0x4, 0x10, 0x0, 0x0, 0x1, 0x40, 0x1f, 0x60,
    0x0, 0x0, 0x6, 0xf1, 0x1f, 0x60, 0x0, 0x0,
    0x6, 0xf1, 0x1f, 0x60, 0x0, 0x0, 0x6, 0xf1,
    0x1f, 0x60, 0x0, 0x0, 0x6, 0xf1, 0x1f, 0x60,
    0x0, 0x0, 0x6, 0xf1, 0x1f, 0x60, 0x0, 0x0,
    0x6, 0xf1, 0x1f, 0x60, 0x0, 0x0, 0x6, 0xf1,
    0x1f, 0x60, 0x0, 0x0, 0x6, 0xf1, 0x1f, 0x60,
    0x0, 0x0, 0x6, 0xf1, 0x1f, 0xb8, 0x88, 0x88,
    0x8b, 0xf1, 0x1f, 0xff, 0xff, 0xff, 0xff, 0xf1,

    /* U+2295 "⊕" */
    0x0, 0x0, 0x15, 0x65, 0x10, 0x0, 0x0, 0x0,
    0x9f, 0xfe, 0xff, 0xa0, 0x0, 0x0, 0xce, 0x51,
    0x72, 0x5e, 0xd0, 0x0, 0x8e, 0x20, 0x3f, 0x40,
    0x1e, 0xa0, 0xf, 0x60, 0x3, 0xf4, 0x0, 0x5f,
    0x14, 0xf3, 0x77, 0x9f, 0x97, 0x73, 0xf5, 0x5f,
    0x5f, 0xff, 0xff, 0xff, 0x6e, 0x63, 0xf2, 0x0,
    0x3f, 0x50, 0x1, 0xf5, 0xe, 0x70, 0x3, 0xf4,
    0x0, 0x6f, 0x10, 0x6f, 0x40, 0x3f, 0x40, 0x3f,
    0x80, 0x0, 0x9f, 0x83, 0x53, 0x8f, 0xa0, 0x0,
    0x0, 0x6e, 0xff, 0xfe, 0x70, 0x0, 0x0, 0x0,
    0x2, 0x32, 0x0, 0x0, 0x0,

    /* U+2296 "⊖" */
    0x0, 0x0, 0x15, 0x65, 0x10, 0x0, 0x0, 0x0,
    0x9f, 0xfe, 0xff, 0xa0, 0x0, 0x0, 0xce, 0x50,
    0x0, 0x5e, 0xd0, 0x0, 0x8e, 0x20, 0x0, 0x0,
    0x1e, 0xa0, 0xf, 0x60, 0x0, 0x0, 0x0, 0x5f,
    0x14, 0xf3, 0x77, 0x77, 0x77, 0x73, 0xf5, 0x5f,
    0x5f, 0xff, 0xff, 0xff, 0x6e, 0x63, 0xf2, 0x0,
    0x0, 0x0, 0x1, 0xf5, 0xe, 0x70, 0x0, 0x0,
    0x0, 0x6f, 0x10, 0x6f, 0x40, 0x0, 0x0, 0x3f,
    0x80, 0x0, 0x9f, 0x83, 0x12, 0x8f, 0xa0, 0x0,
    0x0, 0x6e, 0xff, 0xfe, 0x70, 0x0, 0x0, 0x0,
    0x2, 0x32, 0x0, 0x0, 0x0,

    /* U+2297 "⊗" */
    0x0, 0x0, 0x15, 0x65, 0x10, 0x0, 0x0, 0x0,
    0x9f, 0xfe, 0xff, 0xa0, 0x0, 0x0, 0xce, 0x50,
    0x0, 0x5e, 0xd0, 0x0, 0x8e, 0x48, 0x0, 0x8,
    0x4e, 0xa0, 0xf, 0x66, 0xfa, 0x9, 0xf7, 0x5f,
    0x14, 0xf1, 0x6, 0xfd, 0xf8, 0x0, 0xf5, 0x5f,
    0x0, 0xc, 0xfd, 0x0, 0xe, 0x63, 0xf1, 0x9,
    0xfb, 0xfa, 0x0, 0xf5, 0xe, 0x77, 0xf7, 0x6,
    0xf8, 0x6f, 0x10, 0x6f, 0x56, 0x0, 0x5, 0x4f,
    0x80, 0x0, 0x9f, 0x83, 0x12, 0x8f, 0xa0, 0x0,
    0x0, 0x6e, 0xff, 0xfe, 0x70, 0x0, 0x0, 0x0,
    0x2, 0x32, 0x0, 0x0, 0x0,

    /* U+2298 "⊘" */
    0x0, 0x0, 0x15, 0x65, 0x10, 0x0, 0x0, 0x0,
    0x9f, 0xfe, 0xff, 0xa0, 0x0, 0x0, 0xce, 0x50,
    0x0, 0x5e, 0xd0, 0x0, 0x8e, 0x20, 0x0, 0x7,
    0x4e, 0xa0, 0xf, 0x60, 0x0, 0x8, 0xf7, 0x5f,
    0x14, 0xf1, 0x0, 0x9, 0xf8, 0x0, 0xf5, 0x5f,
    0x0, 0x9, 0xf8, 0x0, 0xe, 0x63, 0xf1, 0x9,
    0xf7, 0x0, 0x0, 0xf5, 0xe, 0x77, 0xf7, 0x0,
    0x0, 0x6f, 0x10, 0x6f, 0x55, 0x0, 0x0, 0x3f,
    0x80, 0x0, 0x9f, 0x83, 0x12, 0x8f, 0xa0, 0x0,
    0x0, 0x6e, 0xff, 0xfe, 0x70, 0x0, 0x0, 0x0,
    0x2, 0x32, 0x0, 0x0, 0x0,

    /* U+2299 "⊙" */
    0x0, 0x0, 0x15, 0x65, 0x10, 0x0, 0x0, 0x0,
    0x9f, 0xfe, 0xff, 0xa0, 0x0, 0x0, 0xce, 0x50,
    0x0, 0x5e, 0xd0, 0x0, 0x8e, 0x20, 0x0, 0x0,
    0x1e, 0xa0, 0xf, 0x60, 0x0, 0x0, 0x0, 0x5f,
    0x14, 0xf1, 0x0, 0x2f, 0xa0, 0x0, 0xf5, 0x5f,
    0x0, 0x2, 0xfb, 0x0, 0xe, 0x63, 0xf1, 0x0,
    0x4, 0x30, 0x0, 0xf5, 0xe, 0x70, 0x0, 0x0,
    0x0, 0x6f, 0x10, 0x6f, 0x40, 0x0, 0x0, 0x3f,
    0x80, 0x0, 0x9f, 0x83, 0x12, 0x8f, 0xa0, 0x0,
    0x0, 0x6e, 0xff, 0xfe, 0x70, 0x0, 0x0, 0x0,
    0x2, 0x32, 0x0, 0x0, 0x0,

    /* U+229A "⊚" */
    0x0, 0x0, 0x15, 0x65, 0x10, 0x0, 0x0, 0x0,
    0x9f, 0xfe, 0xff, 0xa0, 0x0, 0x0, 0xce, 0x50,
    0x0, 0x5e, 0xd0, 0x0, 0x8e, 0x20, 0x13, 0x10,
    0x1e, 0xa0, 0xf, 0x60, 0x5f, 0xef, 0x60, 0x5f,
    0x14, 0xf1, 0x1f, 0x40, 0x3f, 0x10, 0xf5, 0x5f,
    0x3, 0xe0, 0x0, 0xd4, 0xe, 0x63, 0xf1, 0xe,
    0x60, 0x5f, 0x10, 0xf5, 0xe, 0x70, 0x4e, 0xfe,
    0x40, 0x6f, 0x10, 0x6f, 0x40, 0x1, 0x0, 0x3f,
    0x80, 0x0, 0x9f, 0x83, 0x12, 0x8f, 0xa0, 0x0,
    0x0, 0x6e, 0xff, 0xfe, 0x70, 0x0, 0x0, 0x0,
    0x2, 0x32, 0x0, 0x0, 0x0,

    /* U+229B "⊛" */
    0x0, 0x0, 0x15, 0x65, 0x10, 0x0, 0x0, 0x0,
    0x9f, 0xfe, 0xff, 0xa0, 0x0, 0x0, 0xce, 0x50,
    0x30, 0x5e, 0xd0, 0x0, 0x8e, 0x20, 0xe, 0x0,
    0x1e, 0xa0, 0xf, 0x69, 0x30, 0xe0, 0x3a, 0x5f,
    0x14, 0xf1, 0x2b, 0xae, 0x9b, 0x30, 0xf5, 0x5f,
    0x0, 0xa, 0xfb, 0x0, 0xe, 0x63, 0xf1, 0x5d,
    0x7e, 0x6d, 0x60, 0xf5, 0xe, 0x77, 0x10, 0xe0,
    0x17, 0x6f, 0x10, 0x6f, 0x40, 0xe, 0x0, 0x3f,
    0x80, 0x0, 0x9f, 0x83, 0x22, 0x8f, 0xa0, 0x0,
    0x0, 0x6e, 0xff, 0xfe, 0x70, 0x0, 0x0, 0x0,
    0x2, 0x32, 0x0, 0x0, 0x0,

    /* U+229C "⊜" */
    0x0, 0x0, 0x15, 0x65, 0x10, 0x0, 0x0, 0x0,
    0x9f, 0xfe, 0xff, 0xa0, 0x0, 0x0, 0xce, 0x50,
    0x0, 0x5e, 0xd0, 0x0, 0x8e, 0x20, 0x0, 0x0,
    0x1e, 0xa0, 0xf, 0x61, 0xee, 0xee, 0xe7, 0x5f,
    0x14, 0xf1, 0x4, 0x44, 0x44, 0x20, 0xf5, 0x5f,
    0x0, 0x0, 0x0, 0x0, 0xe, 0x63, 0xf1, 0x1f,
    0xff, 0xff, 0x80, 0xf5, 0xe, 0x70, 0x33, 0x33,
    0x32, 0x6f, 0x10, 0x6f, 0x40, 0x0, 0x0, 0x3f,
    0x80, 0x0, 0x9f, 0x83, 0x12, 0x8f, 0xa0, 0x0,
    0x0, 0x6e, 0xff, 0xfe, 0x70, 0x0, 0x0, 0x0,
    0x2, 0x32, 0x0, 0x0, 0x0,

    /* U+229D "⊝" */
    0x0, 0x0, 0x15, 0x65, 0x10, 0x0, 0x0, 0x0,
    0x9f, 0xfe, 0xff, 0xa0, 0x0, 0x0, 0xce, 0x50,
    0x0, 0x5e, 0xd0, 0x0, 0x8e, 0x20, 0x0, 0x0,
    0x1e, 0xa0, 0xf, 0x60, 0x0, 0x0, 0x0, 0x5f,
    0x14, 0xf1, 0x7, 0x77, 0x77, 0x30, 0xf5, 0x5f,
    0x1, 0xff, 0xff, 0xf8, 0xe, 0x63, 0xf1, 0x0,
    0x0, 0x0, 0x0, 0xf5, 0xe, 0x70, 0x0, 0x0,
    0x0, 0x6f, 0x10, 0x6f, 0x40, 0x0, 0x0, 0x3f,
    0x80, 0x0, 0x9f, 0x83, 0x12, 0x8f, 0xa0, 0x0,
    0x0, 0x6e, 0xff, 0xfe, 0x70, 0x0, 0x0, 0x0,
    0x2, 0x32, 0x0, 0x0, 0x0,

    /* U+229E "⊞" */
    0x26, 0x66, 0x66, 0x66, 0x66, 0x66, 0x25, 0xff,
    0xff, 0xff, 0xff, 0xff, 0xf6, 0x5f, 0x0, 0x1,
    0x61, 0x0, 0xe, 0x65, 0xf0, 0x0, 0x3f, 0x40,
    0x0, 0xe6, 0x5f, 0x0, 0x3, 0xf4, 0x0, 0xe,
    0x65, 0xf2, 0x77, 0x9f, 0x97, 0x72, 0xe6, 0x5f,
    0x5f, 0xff, 0xff, 0xff, 0x6e, 0x65, 0xf0, 0x0,
    0x3f, 0x50, 0x0, 0xe6, 0x5f, 0x0, 0x3, 0xf4,
    0x0, 0xe, 0x65, 0xf0, 0x0, 0x3f, 0x40, 0x0,
    0xe6, 0x5f, 0x11, 0x11, 0x42, 0x11, 0x1e, 0x65,
    0xff, 0xff, 0xff, 0xff, 0xff, 0xf6, 0x14, 0x44,
    0x44, 0x44, 0x44, 0x44, 0x10,

    /* U+229F "⊟" */
    0x26, 0x66, 0x66, 0x66, 0x66, 0x66, 0x25, 0xff,
    0xff, 0xff, 0xff, 0xff, 0xf6, 0x5f, 0x0, 0x0,
    0x0, 0x0, 0xe, 0x65, 0xf0, 0x0, 0x0, 0x0,
    0x0, 0xe6, 0x5f, 0x0, 0x0, 0x0, 0x0, 0xe,
    0x65, 0xf2, 0x77, 0x77, 0x77, 0x72, 0xe6, 0x5f,
    0x5f, 0xff, 0xff, 0xff, 0x6e, 0x65, 0xf0, 0x0,
    0x0, 0x0, 0x0, 0xe6, 0x5f, 0x0, 0x0, 0x0,
    0x0, 0xe, 0x65, 0xf0, 0x0, 0x0, 0x0, 0x0,
    0xe6, 0x5f, 0x11, 0x11, 0x11, 0x11, 0x1e, 0x65,
    0xff, 0xff, 0xff, 0xff, 0xff, 0xf6, 0x14, 0x44,
    0x44, 0x44, 0x44, 0x44, 0x10,

    /* U+22A0 "⊠" */
    0x26, 0x66, 0x66, 0x66, 0x66, 0x66, 0x25, 0xff,
    0xff, 0xff, 0xff, 0xff, 0xf6, 0x5f, 0x17, 0x0,
    0x0, 0x7, 0x1e, 0x65, 0xf6, 0xf9, 0x0, 0x8,
    0xf7, 0xe6, 0x5f, 0x8, 0xf9, 0x9, 0xf8, 0xe,
    0x65, 0xf0, 0x7, 0xfd, 0xf8, 0x0, 0xe6, 0x5f,
    0x0, 0xc, 0xfd, 0x0, 0xe, 0x65, 0xf0, 0x9,
    0xfb, 0xfa, 0x0, 0xe6, 0x5f, 0x9, 0xf7, 0x7,
    0xfa, 0xe, 0x65, 0xf7, 0xf7, 0x0, 0x6, 0xf7,
    0xe6, 0x5f, 0x16, 0x11, 0x11, 0x16, 0x1e, 0x65,
    0xff, 0xff, 0xff, 0xff, 0xff, 0xf6, 0x14, 0x44,
    0x44, 0x44, 0x44, 0x44, 0x10,

    /* U+22A1 "⊡" */
    0x26, 0x66, 0x66, 0x66, 0x66, 0x66, 0x25, 0xff,
    0xff, 0xff, 0xff, 0xff, 0xf6, 0x5f, 0x0, 0x0,
    0x0, 0x0, 0xe, 0x65, 0xf0, 0x0, 0x0, 0x0,
    0x0, 0xe6, 0x5f, 0x0, 0x0, 0x0, 0x0, 0xe,
    0x65, 0xf0, 0x0, 0x2f, 0xa0, 0x0, 0xe6, 0x5f,
    0x0, 0x2, 0xfb, 0x0, 0xe, 0x65, 0xf0, 0x0,
    0x4, 0x30, 0x0, 0xe6, 0x5f, 0x0, 0x0, 0x0,
    0x0, 0xe, 0x65, 0xf0, 0x0, 0x0, 0x0, 0x0,
    0xe6, 0x5f, 0x11, 0x11, 0x11, 0x11, 0x1e, 0x65,
    0xff, 0xff, 0xff, 0xff, 0xff, 0xf6, 0x14, 0x44,
    0x44, 0x44, 0x44, 0x44, 0x10,

    /* U+22A2 "⊢" */
    0x28, 0x0, 0x0, 0x0, 0x0, 0x0, 0x0, 0x4e,
    0x0, 0x0, 0x0, 0x0, 0x0, 0x0, 0x4e, 0x0,
    0x0, 0x0, 0x0, 0x0, 0x0, 0x4e, 0x0, 0x0,
    0x0, 0x0, 0x0, 0x0, 0x4e, 0x0, 0x0, 0x0,
    0x0, 0x0, 0x0, 0x4e, 0x0, 0x0, 0x0, 0x0,
    0x0, 0x0, 0x4f, 0xee, 0xee, 0xee, 0xee, 0xee,
    0xe5, 0x4e, 0x33, 0x33, 0x33, 0x33, 0x33, 0x31,
    0x4e, 0x0, 0x0, 0x0, 0x0, 0x0, 0x0, 0x4e,
    0x0, 0x0, 0x0, 0x0, 0x0, 0x0, 0x4e, 0x0,
    0x0, 0x0, 0x0, 0x0, 0x0, 0x4e, 0x0, 0x0,
    0x0, 0x0, 0x0, 0x0, 0x4e, 0x0, 0x0, 0x0,
    0x0, 0x0, 0x0,

    /* U+22A3 "⊣" */
    0x0, 0x0, 0x0, 0x0, 0x0, 0x0, 0x91, 0x0,
    0x0, 0x0, 0x0, 0x0, 0x0, 0xf2, 0x0, 0x0,
    0x0, 0x0, 0x0, 0x0, 0xf2, 0x0, 0x0, 0x0,
    0x0, 0x0, 0x0, 0xf2, 0x0, 0x0, 0x0, 0x0,
    0x0, 0x0, 0xf2, 0x0, 0x0, 0x0, 0x0, 0x0,
    0x0, 0xf2, 0x6e, 0xee, 0xee, 0xee, 0xee, 0xee,
    0xf2, 0x13, 0x33, 0x33, 0x33, 0x33, 0x33, 0xf2,
    0x0, 0x0, 0x0, 0x0, 0x0, 0x0, 0xf2, 0x0,
    0x0, 0x0, 0x0, 0x0, 0x0, 0xf2, 0x0, 0x0,
    0x0, 0x0, 0x0, 0x0, 0xf2, 0x0, 0x0, 0x0,
    0x0, 0x0, 0x0, 0xf2, 0x0, 0x0, 0x0, 0x0,
    0x0, 0x0, 0xf2,

    /* U+22A4 "⊤" */
    0x7d, 0xdd, 0xdd, 0xdd, 0xdd, 0xdd, 0xd1, 0x24,
    0x44, 0x44, 0xd8, 0x44, 0x44, 0x40, 0x0, 0x0,
    0x0, 0xc5, 0x0, 0x0, 0x0, 0x0, 0x0, 0x0,
    0xc5, 0x0, 0x0, 0x0, 0x0, 0x0, 0x0, 0xc5,
    0x0, 0x0, 0x0, 0x0, 0x0, 0x0, 0xc5, 0x0,
    0x0, 0x0, 0x0, 0x0, 0x0, 0xc5, 0x0, 0x0,
    0x0, 0x0, 0x0, 0x0, 0xc5, 0x0, 0x0, 0x0,
    0x0, 0x0, 0x0, 0xc5, 0x0, 0x0, 0x0, 0x0,
    0x0, 0x0, 0xc5, 0x0, 0x0, 0x0, 0x0, 0x0,
    0x0, 0xc5, 0x0, 0x0, 0x0, 0x0, 0x0, 0x0,
    0xc5, 0x0, 0x0, 0x0, 0x0, 0x0, 0x0, 0x94,
    0x0, 0x0, 0x0,

    /* U+22A5 "⊥" */
    0x0, 0x0, 0x0, 0x73, 0x0, 0x0, 0x0, 0x0,
    0x0, 0x0, 0xc5, 0x0, 0x0, 0x0, 0x0, 0x0,
    0x0, 0xc5, 0x0, 0x0, 0x0, 0x0, 0x0, 0x0,
    0xc5, 0x0, 0x0, 0x0, 0x0, 0x0, 0x0, 0xc5,
    0x0, 0x0, 0x0, 0x0, 0x0, 0x0, 0xc5, 0x0,
    0x0, 0x0, 0x0, 0x0, 0x0, 0xc5, 0x0, 0x0,
    0x0, 0x0, 0x0, 0x0, 0xc5, 0x0, 0x0, 0x0,
    0x0, 0x0, 0x0, 0xc5, 0x0, 0x0, 0x0, 0x0,
    0x0, 0x0, 0xc5, 0x0, 0x0, 0x0, 0x0, 0x0,
    0x0, 0xc5, 0x0, 0x0, 0x0, 0x1, 0x11, 0x11,
    0xd6, 0x11, 0x11, 0x10, 0x8f, 0xff, 0xff, 0xff,
    0xff, 0xff, 0xf1,

    /* U+22A6 "⊦" */
    0x28, 0x0, 0x0, 0x0, 0x4e, 0x0, 0x0, 0x0,
    0x4e, 0x0, 0x0, 0x0, 0x4e, 0x0, 0x0, 0x0,
    0x4e, 0x0, 0x0, 0x0, 0x4e, 0x0, 0x0, 0x0,
    0x4f, 0xee, 0xee, 0xe0, 0x4e, 0x33, 0x33, 0x30,
    0x4e, 0x0, 0x0, 0x0, 0x4e, 0x0, 0x0, 0x0,
    0x4e, 0x0, 0x0, 0x0, 0x4e, 0x0, 0x0, 0x0,
    0x4e, 0x0, 0x0, 0x0,

    /* U+22A7 "⊧" */
    0x28, 0x0, 0x0, 0x0, 0x4e, 0x0, 0x0, 0x0,
    0x4e, 0x0, 0x0, 0x0, 0x4e, 0x0, 0x0, 0x0,
    0x4e, 0x66, 0x66, 0x60, 0x4f, 0xbb, 0xbb, 0xb0,
    0x4e, 0x0, 0x0, 0x0, 0x4e, 0x44, 0x44, 0x40,
    0x4f, 0xdd, 0xdd, 0xd0, 0x4e, 0x0, 0x0, 0x0,
    0x4e, 0x0, 0x0, 0x0, 0x4e, 0x0, 0x0, 0x0,
    0x4e, 0x0, 0x0, 0x0,

    /* U+22A8 "⊨" */
    0x28, 0x0, 0x0, 0x0, 0x0, 0x0, 0x0, 0x4e,
    0x0, 0x0, 0x0, 0x0, 0x0, 0x0, 0x4e, 0x0,
    0x0, 0x0, 0x0, 0x0, 0x0, 0x4e, 0x0, 0x0,
    0x0, 0x0, 0x0, 0x0, 0x4e, 0x66, 0x66, 0x66,
    0x66, 0x66, 0x62, 0x4f, 0xbb, 0xbb, 0xbb, 0xbb,
    0xbb, 0xb4, 0x4e, 0x0, 0x0, 0x0, 0x0, 0x0,
    0x0, 0x4e, 0x44, 0x44, 0x44, 0x44, 0x44, 0x41,
    0x4f, 0xdd, 0xdd, 0xdd, 0xdd, 0xdd, 0xd4, 0x4e,
    0x0, 0x0, 0x0, 0x0, 0x0, 0x0, 0x4e, 0x0,
    0x0, 0x0, 0x0, 0x0, 0x0, 0x4e, 0x0, 0x0,
    0x0, 0x0, 0x0, 0x0, 0x4e, 0x0, 0x0, 0x0,
    0x0, 0x0, 0x0,

    /* U+22A9 "⊩" */
    0x28, 0x1, 0x90, 0x0, 0x0, 0x0, 0x0, 0x4e,
    0x2, 0xf0, 0x0, 0x0, 0x0, 0x0, 0x4e, 0x2,
    0xf0, 0x0, 0x0, 0x0, 0x0, 0x4e, 0x2, 0xf0,
    0x0, 0x0, 0x0, 0x0, 0x4e, 0x2, 0xf0, 0x0,
    0x0, 0x0, 0x0, 0x4e, 0x2, 0xf0, 0x0, 0x0,
    0x0, 0x0, 0x4e, 0x2, 0xfe, 0xee, 0xee, 0xee,
    0xe5, 0x4e, 0x2, 0xf3, 0x33, 0x33, 0x33, 0x31,
    0x4e, 0x2, 0xf0, 0x0, 0x0, 0x0, 0x0, 0x4e,
    0x2, 0xf0, 0x0, 0x0, 0x0, 0x0, 0x4e, 0x2,
    0xf0, 0x0, 0x0, 0x0, 0x0, 0x4e, 0x2, 0xf0,
    0x0, 0x0, 0x0, 0x0, 0x4e, 0x2, 0xf0, 0x0,
    0x0, 0x0, 0x0,

    /* U+22AA "⊪" */
    0x28, 0x1, 0x90, 0x9, 0x10, 0x0, 0x0, 0x4e,
    0x2, 0xf0, 0xf, 0x10, 0x0, 0x0, 0x4e, 0x2,
    0xf0, 0xf, 0x10, 0x0, 0x0, 0x4e, 0x2, 0xf0,
    0xf, 0x10, 0x0, 0x0, 0x4e, 0x2, 0xf0, 0xf,
    0x10, 0x0, 0x0, 0x4e, 0x2, 0xf0, 0xf, 0x10,
    0x0, 0x0, 0x4e, 0x2, 0xf0, 0xf, 0xee, 0xee,
    0xe5, 0x4e, 0x2, 0xf0, 0xf, 0x53, 0x33, 0x31,
    0x4e, 0x2, 0xf0, 0xf, 0x10, 0x0, 0x0, 0x4e,
    0x2, 0xf0, 0xf, 0x10, 0x0, 0x0, 0x4e, 0x2,
    0xf0, 0xf, 0x10, 0x0, 0x0, 0x4e, 0x2, 0xf0,
    0xf, 0x10, 0x0, 0x0, 0x4e, 0x2, 0xf0, 0xf,
    0x10, 0x0, 0x0,

    /* U+22AB "⊫" */
    0x28, 0x1, 0x90, 0x0, 0x0, 0x0, 0x0, 0x4e,
    0x2, 0xf0, 0x0, 0x0, 0x0, 0x0, 0x4e, 0x2,
    0xf0, 0x0, 0x0, 0x0, 0x0, 0x4e, 0x2, 0xf0,
    0x0, 0x0, 0x0, 0x0, 0x4e, 0x2, 0xf6, 0x66,
    0x66, 0x66, 0x62, 0x4e, 0x2, 0xfb, 0xbb, 0xbb,
    0xbb, 0xb4, 0x4e, 0x2, 0xf0, 0x0, 0x0, 0x0,
    0x0, 0x4e, 0x2, 0xf4, 0x44, 0x44, 0x44, 0x41,
    0x4e, 0x2, 0xfd, 0xdd, 0xdd, 0xdd, 0xd4, 0x4e,
    0x2, 0xf0, 0x0, 0x0, 0x0, 0x0, 0x4e, 0x2,
    0xf0, 0x0, 0x0, 0x0, 0x0, 0x4e, 0x2, 0xf0,
    0x0, 0x0, 0x0, 0x0, 0x4e, 0x2, 0xf0, 0x0,
    0x0, 0x0, 0x0,

    /* U+22AC "⊬" */
    0x0, 0x0, 0x0, 0x0, 0x1, 0x0, 0x0, 0x28,
    0x0, 0x0, 0x0, 0xa, 0x80, 0x0, 0x4e, 0x0,
    0x0, 0x0, 0x2f, 0x10, 0x0, 0x4e, 0x0, 0x0,
    0x0, 0x99, 0x0, 0x0, 0x4e, 0x0, 0x0, 0x1,
    0xf2, 0x0, 0x0, 0x4e, 0x0, 0x0, 0x8, 0xb0,
    0x0, 0x0, 0x4e, 0x0, 0x0, 0xf, 0x30, 0x0,
    0x0, 0x4f, 0xee, 0xee, 0xef, 0xee, 0xee, 0xe5,
    0x4e, 0x33, 0x34, 0xf6, 0x33, 0x33, 0x31, 0x4e,
    0x0, 0x6, 0xd0, 0x0, 0x0, 0x0, 0x4e, 0x0,
    0xd, 0x60, 0x0, 0x0, 0x0, 0x4e, 0x0, 0x5e,
    0x0, 0x0, 0x0, 0x0, 0x4e, 0x0, 0xc7, 0x0,
    0x0, 0x0, 0x0, 0x4e, 0x4, 0xe0, 0x0, 0x0,
    0x0, 0x0, 0x0, 0x3, 0x60, 0x0, 0x0, 0x0,
    0x0,

    /* U+22AD "⊭" */
    0x0, 0x0, 0x0, 0x0, 0x1, 0x0, 0x0, 0x28,
    0x0, 0x0, 0x0, 0xa, 0x80, 0x0, 0x4e, 0x0,
    0x0, 0x0, 0x2f, 0x10, 0x0, 0x4e, 0x0, 0x0,
    0x0, 0x99, 0x0, 0x0, 0x4e, 0x0, 0x0, 0x1,
    0xf2, 0x0, 0x0, 0x4e, 0x66, 0x66, 0x6a, 0xe6,
    0x66, 0x62, 0x4f, 0xbb, 0xbb, 0xbf, 0xbb, 0xbb,
    0xb4, 0x4e, 0x0, 0x0, 0x7c, 0x0, 0x0, 0x0,
    0x4e, 0x44, 0x44, 0xe9, 0x44, 0x44, 0x41, 0x4f,
    0xdd, 0xde, 0xed, 0xdd, 0xdd, 0xd4, 0x4e, 0x0,
    0xd, 0x50, 0x0, 0x0, 0x0, 0x4e, 0x0, 0x5e,
    0x0, 0x0, 0x0, 0x0, 0x4e, 0x0, 0xc7, 0x0,
    0x0, 0x0, 0x0, 0x4e, 0x4, 0xe0, 0x0, 0x0,
    0x0, 0x0, 0x0, 0x3, 0x60, 0x0, 0x0, 0x0,
    0x0,

    /* U+22AE "⊮" */
    0x0, 0x0, 0x0, 0x0, 0x0, 0x1, 0x0, 0x28,
    0x1, 0x90, 0x0, 0x0, 0xc, 0x60, 0x4e, 0x2,
    0xf0, 0x0, 0x0, 0x3f, 0x0, 0x4e, 0x2, 0xf0,
    0x0, 0x0, 0xb8, 0x0, 0x4e, 0x2, 0xf0, 0x0,
    0x2, 0xf1, 0x0, 0x4e, 0x2, 0xf0, 0x0, 0x9,
    0x90, 0x0, 0x4e, 0x2, 0xf0, 0x0, 0x1f, 0x20,
    0x0, 0x4e, 0x2, 0xfe, 0xee, 0xef, 0xee, 0xe5,
    0x4e, 0x2, 0xf3, 0x34, 0xf5, 0x33, 0x31, 0x4e,
    0x2, 0xf0, 0x7, 0xc0, 0x0, 0x0, 0x4e, 0x2,
    0xf0, 0xe, 0x40, 0x0, 0x0, 0x4e, 0x2, 0xf0,
    0x6d, 0x0, 0x0, 0x0, 0x4e, 0x2, 0xf0, 0xd5,
    0x0, 0x0, 0x0, 0x4e, 0x2, 0xf5, 0xe0, 0x0,
    0x0, 0x0, 0x0, 0x0, 0x4, 0x50, 0x0, 0x0,
    0x0,

    /* U+22AF "⊯" */
    0x0, 0x0, 0x0, 0x0, 0x0, 0x1, 0x0, 0x28,
    0x1, 0x90, 0x0, 0x0, 0xb, 0x70, 0x4e, 0x2,
    0xf0, 0x0, 0x0, 0x2f, 0x10, 0x4e, 0x2, 0xf0,
    0x0, 0x0, 0xa9, 0x0, 0x4e, 0x2, 0xf0, 0x0,
    0x2, 0xf2, 0x0, 0x4e, 0x2, 0xf6, 0x66, 0x6b,
    0xd6, 0x62, 0x4e, 0x2, 0xfb, 0xbb, 0xbf, 0xbb,
    0xb4, 0x4e, 0x2, 0xf0, 0x0, 0x8b, 0x0, 0x0,
    0x4e, 0x2, 0xf4, 0x44, 0xe8, 0x44, 0x41, 0x4e,
    0x2, 0xfd, 0xde, 0xed, 0xdd, 0xd4, 0x4e, 0x2,
    0xf0, 0xe, 0x50, 0x0, 0x0, 0x4e, 0x2, 0xf0,
    0x5d, 0x0, 0x0, 0x0, 0x4e, 0x2, 0xf0, 0xd6,
    0x0, 0x0, 0x0, 0x4e, 0x2, 0xf4, 0xe0, 0x0,
    0x0, 0x0, 0x0, 0x0, 0x3, 0x50, 0x0, 0x0,
    0x0,

    /* U+22B0 "⊰" */
    0x0, 0x0, 0x0, 0x0, 0x0, 0x0, 0x0, 0x0,
    0x0, 0x0, 0x6e, 0xfc, 0x20, 0x0, 0x0, 0x0,
    0x5, 0xb7, 0xec, 0x0, 0x0, 0x0, 0x0, 0x0,
    0x8, 0xf0, 0x0, 0x0, 0x0, 0x0, 0x6, 0xfc,
    0x0, 0x0, 0x0, 0x15, 0x9e, 0xfb, 0x10, 0x7,
    0x9b, 0xdf, 0xfe, 0xa3, 0x0, 0x1, 0xff, 0xff,
    0xe9, 0x20, 0x0, 0x0, 0x3, 0x57, 0xae, 0xff,
    0xd7, 0x0, 0x0, 0x0, 0x0, 0x1, 0x5b, 0xfe,
    0x30, 0x0, 0x0, 0x0, 0x0, 0x3, 0xed, 0x0,
    0x0, 0x0, 0x0, 0x0, 0x8, 0xf0, 0x0, 0x0,
    0x0, 0x8, 0xeb, 0xfb, 0x0, 0x0, 0x0, 0x0,
    0x3b, 0xc9, 0x10,

    /* U+22B1 "⊱" */
    0x0, 0x0, 0x0, 0x0, 0x0, 0x0, 0x0, 0x3c,
    0xfe, 0x50, 0x0, 0x0, 0x0, 0xd, 0xd7, 0xb4,
    0x0, 0x0, 0x0, 0x0, 0xf7, 0x0, 0x0, 0x0,
    0x0, 0x0, 0xd, 0xf6, 0x0, 0x0, 0x0, 0x0,
    0x0, 0x2c, 0xfe, 0x84, 0x10, 0x0, 0x0, 0x0,
    0x4, 0xaf, 0xff, 0xdb, 0x96, 0x0, 0x0, 0x0,
    0x39, 0xff, 0xff, 0xf0, 0x0, 0x17, 0xef, 0xfd,
    0xa7, 0x53, 0x0, 0x4e, 0xfa, 0x51, 0x0, 0x0,
    0x0, 0xe, 0xd2, 0x0, 0x0, 0x0, 0x0, 0x0,
    0xf7, 0x0, 0x0, 0x0, 0x0, 0x0, 0xc, 0xfb,
    0xe7, 0x0, 0x0, 0x0, 0x0, 0x19, 0xdb, 0x30,
    0x0, 0x0, 0x0,

    /* U+22B2 "⊲" */
    0x0, 0x0, 0x0, 0x0, 0x0, 0x0, 0x0, 0x0,
    0x0, 0x0, 0x0, 0x5, 0xb2, 0x0, 0x0, 0x0,
    0x1, 0x8e, 0xff, 0x20, 0x0, 0x0, 0x4a, 0xff,
    0xb9, 0xf2, 0x0, 0x17, 0xdf, 0xe8, 0x20, 0x5f,
    0x20, 0x9f, 0xfc, 0x60, 0x0, 0x5, 0xf2, 0x1f,
    0xfa, 0x10, 0x0, 0x0, 0x5f, 0x20, 0x5c, 0xff,
    0xa3, 0x0, 0x5, 0xf2, 0x0, 0x2, 0x9f, 0xfd,
    0x60, 0x5f, 0x20, 0x0, 0x0, 0x6, 0xcf, 0xfc,
    0xf2, 0x0, 0x0, 0x0, 0x0, 0x3a, 0xff, 0x20,
    0x0, 0x0, 0x0, 0x0, 0x1, 0x71,

    /* U+22B3 "⊳" */
    0x0, 0x0, 0x0, 0x0, 0x0, 0x0, 0x1, 0xc5,
    0x0, 0x0, 0x0, 0x0, 0x0, 0x1f, 0xfe, 0x82,
    0x0, 0x0, 0x0, 0x1, 0xfa, 0xbf, 0xfb, 0x40,
    0x0, 0x0, 0x1f, 0x60, 0x18, 0xef, 0xe7, 0x10,
    0x1, 0xf6, 0x0, 0x0, 0x5c, 0xff, 0xa1, 0x1f,
    0x60, 0x0, 0x0, 0x19, 0xff, 0x31, 0xf6, 0x0,
    0x3, 0x9f, 0xfc, 0x60, 0x1f, 0x60, 0x6c, 0xff,
    0x93, 0x0, 0x1, 0xfc, 0xef, 0xd7, 0x10, 0x0,
    0x0, 0x1f, 0xfa, 0x40, 0x0, 0x0, 0x0, 0x0,
    0x71, 0x0, 0x0, 0x0, 0x0, 0x0,

    /* U+22B4 "⊴" */
    0x0, 0x0, 0x0, 0x0, 0x0, 0x0, 0x0, 0x0,
    0x0, 0x0, 0x0, 0x5, 0xc2, 0x0, 0x0, 0x0,
    0x1, 0x8e, 0xff, 0x20, 0x0, 0x0, 0x4b, 0xff,
    0xb9, 0xf2, 0x0, 0x17, 0xdf, 0xe8, 0x20, 0x5f,
    0x20, 0xaf, 0xfc, 0x50, 0x0, 0x5, 0xf2, 0x1f,
    0xfa, 0x10, 0x0, 0x0, 0x5f, 0x20, 0x5b, 0xff,
    0xa4, 0x0, 0x5, 0xf2, 0x0, 0x2, 0x8e, 0xfd,
    0x71, 0x5f, 0x20, 0x0, 0x0, 0x6, 0xcf, 0xfc,
    0xf2, 0x0, 0x0, 0x0, 0x0, 0x39, 0xff, 0x20,
    0x0, 0x0, 0x0, 0x0, 0x1, 0x71, 0x8, 0x88,
    0x88, 0x88, 0x88, 0x88, 0x11, 0xff, 0xff, 0xff,
    0xff, 0xff, 0xf2,

    /* U+22B5 "⊵" */
    0x0, 0x0, 0x0, 0x0, 0x0, 0x0, 0x1, 0xc5,
    0x0, 0x0, 0x0, 0x0, 0x0, 0x1f, 0xfe, 0x82,
    0x0, 0x0, 0x0, 0x1, 0xf9, 0xaf, 0xfb, 0x50,
    0x0, 0x0, 0x1f, 0x60, 0x18, 0xef, 0xe7, 0x10,
    0x1, 0xf6, 0x0, 0x0, 0x5b, 0xff, 0xa1, 0x1f,
    0x60, 0x0, 0x0, 0x19, 0xff, 0x21, 0xf6, 0x0,
    0x3, 0xaf, 0xfc, 0x50, 0x1f, 0x60, 0x6d, 0xff,
    0x92, 0x0, 0x1, 0xfc, 0xff, 0xd6, 0x0, 0x0,
    0x0, 0x1f, 0xfa, 0x30, 0x0, 0x0, 0x0, 0x1,
    0x71, 0x0, 0x0, 0x0, 0x0, 0x0, 0x8, 0x88,
    0x88, 0x88, 0x88, 0x88, 0x11, 0xff, 0xff, 0xff,
    0xff, 0xff, 0xf2,

    /* U+22B6 "⊶" */
    0x0, 0x10, 0x0, 0x0, 0x0, 0x0, 0x1, 0x0,
    0x2d, 0xfe, 0x30, 0x0, 0x0, 0x4, 0xef, 0xd2,
    0xbc, 0x3a, 0xe5, 0x55, 0x55, 0x5e, 0xff, 0xfb,
    0xe6, 0x4, 0xff, 0xff, 0xff, 0xff, 0xff, 0xfe,
    0xae, 0x7d, 0xb1, 0x11, 0x11, 0x1c, 0xff, 0xf9,
    0x19, 0xda, 0x10, 0x0, 0x0, 0x1, 0xad, 0x90,

    /* U+22B7 "⊷" */
    0x0, 0x10, 0x0, 0x0, 0x0, 0x0, 0x1, 0x0,
    0x2d, 0xfe, 0x40, 0x0, 0x0, 0x4, 0xef, 0xd2,
    0xbf, 0xff, 0xe6, 0x66, 0x66, 0x6e, 0xa3, 0xcc,
    0xef, 0xff, 0xff, 0xff, 0xff, 0xff, 0x40, 0x6e,
    0x9f, 0xff, 0xc1, 0x11, 0x11, 0x1c, 0xd8, 0xe9,
    0x8, 0xca, 0x10, 0x0, 0x0, 0x1, 0x9c, 0x90,

    /* U+22B8 "⊸" */
    0x0, 0x0, 0x0, 0x0, 0x0, 0x1, 0x0, 0x0,
    0x0, 0x0, 0x0, 0x0, 0x1b, 0xff, 0x60, 0x6,
    0x66, 0x66, 0x66, 0x6a, 0xe3, 0x7f, 0x11, 0xff,
    0xff, 0xff, 0xff, 0xfa, 0x1, 0xf3, 0x1, 0x11,
    0x11, 0x11, 0x17, 0xf8, 0xbe, 0x0, 0x0, 0x0,
    0x0, 0x0, 0x7, 0xcb, 0x30,

    /* U+22B9 "⊹" */
    0x0, 0x0, 0x0, 0x0, 0x0, 0x0, 0x0, 0x0,
    0x0, 0x3, 0xf4, 0x0, 0x0, 0x0, 0x0, 0x0,
    0x3, 0xf4, 0x0, 0x0, 0x0, 0x0, 0x0, 0x3,
    0xf4, 0x0, 0x0, 0x0, 0x0, 0x0, 0x3, 0xf4,
    0x0, 0x0, 0x0, 0x0, 0x0, 0x1, 0x92, 0x0,
    0x0, 0x0, 0x67, 0x77, 0x40, 0x0, 0x47, 0x77,
    0x70, 0xff, 0xff, 0xa0, 0x0, 0x9f, 0xff, 0xf0,
    0x0, 0x0, 0x0, 0x0, 0x0, 0x0, 0x0, 0x0,
    0x0, 0x2, 0xa2, 0x0, 0x0, 0x0, 0x0, 0x0,
    0x3, 0xf4, 0x0, 0x0, 0x0, 0x0, 0x0, 0x3,
    0xf4, 0x0, 0x0, 0x0, 0x0, 0x0, 0x3, 0xf4,
    0x0, 0x0, 0x0, 0x0, 0x0, 0x3, 0xf4, 0x0,
    0x0, 0x0,

    /* U+22BA "⊺" */
    0xcd, 0xdd, 0xd3, 0x44, 0xe7, 0x41, 0x0, 0xe3,
    0x0, 0x0, 0xe3, 0x0, 0x0, 0xe3, 0x0, 0x0,
    0xe3, 0x0, 0x0, 0xe3, 0x0, 0x0, 0xe3, 0x0,
    0x0, 0xe3, 0x0, 0x0, 0xe3, 0x0, 0x0, 0xe3,
    0x0, 0x0, 0xe3, 0x0, 0x0, 0xa2, 0x0,

    /* U+22BB "⊻" */
    0x2, 0x51, 0x0, 0x0, 0x35, 0x0, 0x4f, 0x70,
    0x0, 0xf, 0xc0, 0x0, 0xfc, 0x0, 0x4, 0xf7,
    0x0, 0xa, 0xf1, 0x0, 0x9f, 0x20, 0x0, 0x5f,
    0x60, 0xe, 0xd0, 0x0, 0x1, 0xfb, 0x3, 0xf8,
    0x0, 0x0, 0xb, 0xf0, 0x8f, 0x30, 0x0, 0x0,
    0x7f, 0x4c, 0xe0, 0x0, 0x0, 0x2, 0xfb, 0xfa,
    0x0, 0x0, 0x0, 0xd, 0xff, 0x50, 0x0, 0x0,
    0x0, 0x8f, 0xf0, 0x0, 0x0, 0x0, 0x0, 0x11,
    0x0, 0x0, 0x8, 0x88, 0x88, 0x88, 0x88, 0x41,
    0xff, 0xff, 0xff, 0xff, 0xf9,

    /* U+22BC "⊼" */
    0x7, 0x77, 0x77, 0x77, 0x77, 0x41, 0xff, 0xff,
    0xff, 0xff, 0xf9, 0x0, 0x0, 0x0, 0x0, 0x0,
    0x0, 0x0, 0x3, 0x88, 0x0, 0x0, 0x0, 0x0,
    0xaf, 0xf2, 0x0, 0x0, 0x0, 0xf, 0xff, 0x70,
    0x0, 0x0, 0x4, 0xf8, 0xfc, 0x0, 0x0, 0x0,
    0x9f, 0x2a, 0xf1, 0x0, 0x0, 0xe, 0xd0, 0x5f,
    0x60, 0x0, 0x3, 0xf8, 0x1, 0xfb, 0x0, 0x0,
    0x7f, 0x30, 0xb, 0xf0, 0x0, 0xc, 0xe0, 0x0,
    0x6f, 0x40, 0x1, 0xfa, 0x0, 0x2, 0xf9, 0x0,
    0x5e, 0x40, 0x0, 0xb, 0xc0,

    /* U+22BD "⊽" */
    0x7, 0x77, 0x77, 0x77, 0x77, 0x41, 0xff, 0xff,
    0xff, 0xff, 0xf9, 0x0, 0x0, 0x0, 0x0, 0x0,
    0x0, 0x38, 0x20, 0x0, 0x6, 0x80, 0x3, 0xf8,
    0x0, 0x0, 0xfb, 0x0, 0xe, 0xd0, 0x0, 0x5f,
    0x60, 0x0, 0x9f, 0x20, 0xa, 0xf1, 0x0, 0x4,
    0xf7, 0x0, 0xec, 0x0, 0x0, 0xf, 0xc0, 0x4f,
    0x70, 0x0, 0x0, 0xaf, 0x19, 0xf2, 0x0, 0x0,
    0x5, 0xf5, 0xde, 0x0, 0x0, 0x0, 0x1f, 0xdf,
    0x90, 0x0, 0x0, 0x0, 0xcf, 0xf4, 0x0, 0x0,
    0x0, 0x6, 0xed, 0x0, 0x0,

    /* U+22BE "⊾" */
    0x1, 0x0, 0x0, 0x0, 0x0, 0x8, 0xf0, 0x0,
    0x0, 0x0, 0x0, 0x8f, 0x0, 0x0, 0x0, 0x0,
    0x8, 0xf8, 0x20, 0x0, 0x0, 0x0, 0x8f, 0x9e,
    0xa1, 0x0, 0x0, 0x8, 0xf0, 0x9, 0xe2, 0x0,
    0x0, 0x8f, 0x0, 0x7, 0xd0, 0x0, 0x8, 0xf0,
    0x0, 0xc, 0x70, 0x0, 0x8f, 0x0, 0x0, 0x4d,
    0x0, 0x8, 0xf8, 0x88, 0x88, 0xf8, 0x84, 0x8f,
    0xff, 0xff, 0xff, 0xff, 0x90,

    /* U+22BF "⊿" */
    0x0, 0x0, 0x0, 0x0, 0x1, 0x10, 0x0, 0x0,
    0x0, 0x8, 0xf9, 0x0, 0x0, 0x0, 0x8, 0xdf,
    0x90, 0x0, 0x0, 0x8, 0xd1, 0xe9, 0x0, 0x0,
    0x8, 0xd1, 0xe, 0x90, 0x0, 0x8, 0xd1, 0x0,
    0xe9, 0x0, 0x8, 0xd1, 0x0, 0xe, 0x90, 0x8,
    0xd1, 0x0, 0x0, 0xe9, 0x8, 0xd1, 0x0, 0x0,
    0xe, 0x96, 0xf9, 0x88, 0x88, 0x88, 0xf9, 0x8f,
    0xff, 0xff, 0xff, 0xff, 0x90,

    /* U+22C0 "⋀" */
    0x0, 0x0, 0x0, 0xc, 0xf8, 0x0, 0x0, 0x0,
    0x0, 0x0, 0x0, 0x2f, 0xfe, 0x0, 0x0, 0x0,
    0x0, 0x0, 0x0, 0x9f, 0x8f, 0x50, 0x0, 0x0,
    0x0, 0x0, 0x0, 0xec, 0xf, 0xb0, 0x0, 0x0,
    0x0, 0x0, 0x5, 0xf6, 0x9, 0xf1, 0x0, 0x0,
    0x0, 0x0, 0xc, 0xf0, 0x3, 0xf8, 0x0, 0x0,
    0x0, 0x0, 0x2f, 0x90, 0x0, 0xde, 0x0, 0x0,
    0x0, 0x0, 0x8f, 0x30, 0x0, 0x7f, 0x40, 0x0,
    0x0, 0x0, 0xed, 0x0, 0x0, 0x1f, 0xa0, 0x0,
    0x0, 0x5, 0xf6, 0x0, 0x0, 0xa, 0xf1, 0x0,
    0x0, 0xb, 0xf1, 0x0, 0x0, 0x4, 0xf7, 0x0,
    0x0, 0x1f, 0xa0, 0x0, 0x0, 0x0, 0xed, 0x0,
    0x0, 0x7f, 0x40, 0x0, 0x0, 0x0, 0x8f, 0x40,
    0x0, 0xed, 0x0, 0x0, 0x0, 0x0, 0x1f, 0xa0,
    0x4, 0xf7, 0x0, 0x0, 0x0, 0x0, 0xb, 0xf1,
    0xa, 0xf1, 0x0, 0x0, 0x0, 0x0, 0x5, 0xf6,
    0x6, 0x50, 0x0, 0x0, 0x0, 0x0, 0x0, 0x75,

    /* U+22C1 "⋁" */
    0xd, 0xd0, 0x0, 0x0, 0x0, 0x0, 0x2, 0xf9,
    0x7, 0xf4, 0x0, 0x0, 0x0, 0x0, 0x8, 0xf3,
    0x1, 0xfa, 0x0, 0x0, 0x0, 0x0, 0xe, 0xd0,
    0x0, 0xbf, 0x10, 0x0, 0x0, 0x0, 0x4f, 0x70,
    0x0, 0x4f, 0x70, 0x0, 0x0, 0x0, 0xbf, 0x10,
    0x0, 0xe, 0xd0, 0x0, 0x0, 0x1, 0xfa, 0x0,
    0x0, 0x8, 0xf3, 0x0, 0x0, 0x7, 0xf4, 0x0,
    0x0, 0x1, 0xfa, 0x0, 0x0, 0xd, 0xe0, 0x0,
    0x0, 0x0, 0xbf, 0x0, 0x0, 0x3f, 0x70, 0x0,
    0x0, 0x0, 0x5f, 0x60, 0x0, 0xaf, 0x10, 0x0,
    0x0, 0x0, 0xe, 0xc0, 0x0, 0xfb, 0x0, 0x0,
    0x0, 0x0, 0x8, 0xf2, 0x6, 0xf5, 0x0, 0x0,
    0x0, 0x0, 0x2, 0xf9, 0xc, 0xe0, 0x0, 0x0,
    0x0, 0x0, 0x0, 0xce, 0x3f, 0x80, 0x0, 0x0,
    0x0, 0x0, 0x0, 0x5f, 0xdf, 0x20, 0x0, 0x0,
    0x0, 0x0, 0x0, 0xe, 0xfb, 0x0, 0x0, 0x0,
    0x0, 0x0, 0x0, 0x4, 0x73, 0x0, 0x0, 0x0,

    /* U+22C2 "⋂" */
    0x0, 0x6, 0xbe, 0xed, 0x92, 0x0, 0x0, 0x3e,
    0xfc, 0x98, 0xae, 0xf9, 0x0, 0x2f, 0xd3, 0x0,
    0x0, 0x8, 0xf9, 0x9, 0xf2, 0x0, 0x0, 0x0,
    0x9, 0xf1, 0xdb, 0x0, 0x0, 0x0, 0x0, 0x3f,
    0x5e, 0x90, 0x0, 0x0, 0x0, 0x1, 0xf6, 0xe9,
    0x0, 0x0, 0x0, 0x0, 0x1f, 0x7e, 0x90, 0x0,
    0x0, 0x0, 0x1, 0xf7, 0xe9, 0x0, 0x0, 0x0,
    0x0, 0x1f, 0x7e, 0x90, 0x0, 0x0, 0x0, 0x1,
    0xf7, 0xe9, 0x0, 0x0, 0x0, 0x0, 0x1f, 0x7e,
    0x90, 0x0, 0x0, 0x0, 0x1, 0xf7, 0xe9, 0x0,
    0x0, 0x0, 0x0, 0x1f, 0x7e, 0x90, 0x0, 0x0,
    0x0, 0x1, 0xf7, 0xe9, 0x0, 0x0, 0x0, 0x0,
    0x1f, 0x7e, 0x90, 0x0, 0x0, 0x0, 0x1, 0xf7,
    0x64, 0x0, 0x0, 0x0, 0x0, 0x7, 0x30,

    /* U+22C3 "⋃" */
    0xe9, 0x0, 0x0, 0x0, 0x0, 0x1f, 0x6e, 0x90,
    0x0, 0x0, 0x0, 0x1, 0xf7, 0xe9, 0x0, 0x0,
    0x0, 0x0, 0x1f, 0x7e, 0x90, 0x0, 0x0, 0x0,
    0x1, 0xf7, 0xe9, 0x0, 0x0, 0x0, 0x0, 0x1f,
    0x7e, 0x90, 0x0, 0x0, 0x0, 0x1, 0xf7, 0xe9,
    0x0, 0x0, 0x0, 0x0, 0x1f, 0x7e, 0x90, 0x0,
    0x0, 0x0, 0x1, 0xf7, 0xe9, 0x0, 0x0, 0x0,
    0x0, 0x1f, 0x7e, 0x90, 0x0, 0x0, 0x0, 0x1,
    0xf7, 0xe9, 0x0, 0x0, 0x0, 0x0, 0x1f, 0x7e,
    0xa0, 0x0, 0x0, 0x0, 0x2, 0xf6, 0xbd, 0x0,
    0x0, 0x0, 0x0, 0x5f, 0x36, 0xf7, 0x0, 0x0,
    0x0, 0x1d, 0xd0, 0xa, 0xfb, 0x41, 0x2, 0x7e,
    0xf3, 0x0, 0x6, 0xef, 0xff, 0xff, 0xb2, 0x0,
    0x0, 0x0, 0x36, 0x65, 0x10, 0x0, 0x0,

    /* U+22C4 "⋄" */
    0x0, 0x0, 0x20, 0x0, 0x0, 0x0, 0x1d, 0x0,
    0x0, 0x0, 0x8, 0xe6, 0x0, 0x0, 0x0, 0xe3,
    0xd0, 0x0, 0x0, 0x78, 0xa, 0x50, 0x0, 0xd,
    0x10, 0x3d, 0x0, 0x6, 0x90, 0x0, 0xb4, 0x0,
    0xd2, 0x0, 0x4, 0xc0, 0x5a, 0x0, 0x0, 0xc,
    0x3c, 0x30, 0x0, 0x0, 0x5a, 0xa6, 0x0, 0x0,
    0x8, 0x82, 0xd0, 0x0, 0x0, 0xe1, 0xb, 0x50,
    0x0, 0x69, 0x0, 0x3c, 0x0, 0xd, 0x20, 0x0,
    0xc4, 0x5, 0xa0, 0x0, 0x4, 0xb0, 0xd2, 0x0,
    0x0, 0xc, 0x7b, 0x0, 0x0, 0x0, 0x5f, 0x30,
    0x0, 0x0, 0x0, 0xa0, 0x0, 0x0, 0x0, 0x0,
    0x0, 0x0,

    /* U+22C5 "⋅" */
    0x4, 0x31, 0xfc, 0x1f, 0xb0,

    /* U+22C6 "⋆" */
    0x0, 0x0, 0x0, 0x0, 0x0, 0x7, 0x0, 0x0,
    0x0, 0xe, 0x30, 0x0, 0x3b, 0xcf, 0xdb, 0x60,
    0x3, 0xef, 0xf6, 0x0, 0x0, 0xee, 0xf2, 0x0,
    0x3, 0x90, 0x67, 0x0, 0x0, 0x0, 0x0, 0x0,

    /* U+22C7 "⋇" */
    0x0, 0x0, 0x0, 0x0, 0x0, 0x0, 0x0, 0x7,
    0x0, 0x8f, 0xa0, 0x7, 0x0, 0x4, 0xfb, 0x8,
    0xfa, 0xa, 0xf5, 0x0, 0x5, 0xfb, 0x12, 0x1a,
    0xf6, 0x0, 0x0, 0x5, 0xfb, 0xa, 0xf6, 0x0,
    0x0, 0x77, 0x7c, 0xfe, 0xfc, 0x77, 0x71, 0x1f,
    0xff, 0xff, 0xff, 0xff, 0xff, 0x20, 0x0, 0xb,
    0xfa, 0xfc, 0x10, 0x0, 0x0, 0x9, 0xf7, 0x6,
    0xfa, 0x0, 0x0, 0x8, 0xf8, 0x13, 0x27, 0xf9,
    0x0, 0x4, 0xf9, 0x8, 0xfa, 0x8, 0xf6, 0x0,
    0x6, 0x0, 0x8f, 0x90, 0x6, 0x0,

    /* U+22C8 "⋈" */
    0x6, 0x0, 0x0, 0x0, 0x0, 0x0, 0x0, 0x60,
    0x1f, 0xa0, 0x0, 0x0, 0x0, 0x0, 0xa, 0xf1,
    0x1f, 0xfd, 0x30, 0x0, 0x0, 0x3, 0xdf, 0xf1,
    0x1f, 0xbf, 0xf7, 0x0, 0x0, 0x7f, 0xea, 0xf1,
    0x1f, 0x62, 0xcf, 0xb1, 0x1b, 0xfb, 0x16, 0xf1,
    0x1f, 0x60, 0x8, 0xfe, 0xef, 0x70, 0x6, 0xf1,
    0x1f, 0x60, 0x0, 0xbf, 0xfb, 0x0, 0x6, 0xf1,
    0x1f, 0x60, 0x2c, 0xfb, 0xbf, 0xc2, 0x6, 0xf1,
    0x1f, 0x65, 0xff, 0x70, 0x7, 0xff, 0x56, 0xf1,
    0x1f, 0xdf, 0xd3, 0x0, 0x0, 0x3d, 0xfd, 0xf1,
    0x1f, 0xfa, 0x0, 0x0, 0x0, 0x0, 0xaf, 0xf1,
    0x1f, 0x60, 0x0, 0x0, 0x0, 0x0, 0x6, 0xf1,
    0x2, 0x0, 0x0, 0x0, 0x0, 0x0, 0x0, 0x20,

    /* U+22C9 "⋉" */
    0x6, 0x0, 0x0, 0x0, 0x0, 0x0, 0x0, 0x61,
    0x1f, 0xa0, 0x0, 0x0, 0x0, 0x0, 0xa, 0xf1,
    0x1f, 0xfd, 0x30, 0x0, 0x0, 0x3, 0xdf, 0x90,
    0x1f, 0xbf, 0xf7, 0x0, 0x0, 0x7f, 0xe4, 0x0,
    0x1f, 0x62, 0xcf, 0xb1, 0x1b, 0xfc, 0x10, 0x0,
    0x1f, 0x60, 0x8, 0xfe, 0xef, 0x80, 0x0, 0x0,
    0x1f, 0x60, 0x0, 0xbf, 0xfb, 0x0, 0x0, 0x0,
    0x1f, 0x60, 0x2c, 0xfb, 0xbf, 0xc2, 0x0, 0x0,
    0x1f, 0x65, 0xff, 0x70, 0x7, 0xff, 0x50, 0x0,
    0x1f, 0xdf, 0xd3, 0x0, 0x0, 0x3d, 0xf9, 0x0,
    0x1f, 0xfa, 0x0, 0x0, 0x0, 0x0, 0xaf, 0xd0,
    0x1f, 0x60, 0x0, 0x0, 0x0, 0x0, 0x5, 0xf1,
    0x2, 0x0, 0x0, 0x0, 0x0, 0x0, 0x0, 0x20,

    /* U+22CA "⋊" */
    0x16, 0x0, 0x0, 0x0, 0x0, 0x0, 0x0, 0x60,
    0x1f, 0xa0, 0x0, 0x0, 0x0, 0x0, 0x1a, 0xf1,
    0x9, 0xfd, 0x30, 0x0, 0x0, 0x3, 0xef, 0xf1,
    0x0, 0x5e, 0xf7, 0x0, 0x0, 0x7f, 0xeb, 0xf1,
    0x0, 0x1, 0xcf, 0xb1, 0x1b, 0xfc, 0x16, 0xf1,
    0x0, 0x0, 0x8, 0xfe, 0xef, 0x80, 0x6, 0xf1,
    0x0, 0x0, 0x0, 0xbf, 0xfb, 0x0, 0x6, 0xf1,
    0x0, 0x0, 0x2c, 0xfb, 0xbf, 0xc2, 0x6, 0xf1,
    0x0, 0x5, 0xff, 0x60, 0x7, 0xff, 0x56, 0xf1,
    0x0, 0x9f, 0xd3, 0x0, 0x0, 0x3d, 0xfe, 0xf1,
    0xc, 0xfa, 0x0, 0x0, 0x0, 0x0, 0xaf, 0xf1,
    0x1f, 0x50, 0x0, 0x0, 0x0, 0x0, 0x6, 0xf1,
    0x2, 0x0, 0x0, 0x0, 0x0, 0x0, 0x0, 0x20,

    /* U+22CB "⋋" */
    0x16, 0x0, 0x0, 0x0, 0x0, 0x0, 0x0, 0x0,
    0x1f, 0xa0, 0x0, 0x0, 0x0, 0x0, 0x0, 0x0,
    0x8, 0xfd, 0x30, 0x0, 0x0, 0x0, 0x0, 0x0,
    0x0, 0x4e, 0xf7, 0x0, 0x0, 0x0, 0x0, 0x0,
    0x0, 0x1, 0xcf, 0xb1, 0x0, 0x0, 0x0, 0x0,
    0x0, 0x0, 0x8, 0xfe, 0x40, 0x0, 0x0, 0x0,
    0x0, 0x0, 0x0, 0xbf, 0xf8, 0x0, 0x0, 0x0,
    0x0, 0x0, 0x2c, 0xfb, 0xbf, 0xc1, 0x0, 0x0,
    0x0, 0x5, 0xff, 0x70, 0x7, 0xfe, 0x40, 0x0,
    0x0, 0x9f, 0xd3, 0x0, 0x0, 0x3d, 0xf8, 0x0,
    0xd, 0xfa, 0x0, 0x0, 0x0, 0x0, 0xaf, 0xc0,
    0x1f, 0x60, 0x0, 0x0, 0x0, 0x0, 0x6, 0xf1,
    0x2, 0x0, 0x0, 0x0, 0x0, 0x0, 0x0, 0x20,

    /* U+22CC "⋌" */
    0x0, 0x0, 0x0, 0x0, 0x0, 0x0, 0x0, 0x61,
    0x0, 0x0, 0x0, 0x0, 0x0, 0x0, 0xa, 0xf1,
    0x0, 0x0, 0x0, 0x0, 0x0, 0x3, 0xdf, 0x80,
    0x0, 0x0, 0x0, 0x0, 0x0, 0x7f, 0xe4, 0x0,
    0x0, 0x0, 0x0, 0x0, 0x1b, 0xfc, 0x10, 0x0,
    0x0, 0x0, 0x0, 0x4, 0xef, 0x80, 0x0, 0x0,
    0x0, 0x0, 0x0, 0x8f, 0xfb, 0x0, 0x0, 0x0,
    0x0, 0x0, 0x1c, 0xfb, 0xbf, 0xc2, 0x0, 0x0,
    0x0, 0x4, 0xef, 0x70, 0x7, 0xff, 0x50, 0x0,
    0x0, 0x8f, 0xd3, 0x0, 0x0, 0x3d, 0xf9, 0x0,
    0xc, 0xfa, 0x0, 0x0, 0x0, 0x0, 0xaf, 0xd0,
    0x1f, 0x60, 0x0, 0x0, 0x0, 0x0, 0x6, 0xf1,
    0x2, 0x0, 0x0, 0x0, 0x0, 0x0, 0x0, 0x20,

    /* U+22CD "⋍" */
    0x17, 0x0, 0x0, 0x27, 0xa9, 0x50, 0x1, 0xfd,
    0x88, 0xcf, 0xfd, 0xdf, 0xc1, 0x1, 0x9e, 0xec,
    0x71, 0x0, 0x2b, 0x20, 0x0, 0x0, 0x0, 0x0,
    0x0, 0x0, 0x8, 0x88, 0x88, 0x88, 0x88, 0x88,
    0x11, 0xff, 0xff, 0xff, 0xff, 0xff, 0xf2,

    /* U+22CE "⋎" */
    0x6, 0x60, 0x0, 0x0, 0x0, 0x56, 0x0, 0x4f,
    0x90, 0x0, 0x0, 0x5f, 0x70, 0x0, 0x5f, 0x50,
    0x0, 0x2f, 0x80, 0x0, 0x0, 0xbe, 0x10, 0xc,
    0xd0, 0x0, 0x0, 0x2, 0xf8, 0x5, 0xf4, 0x0,
    0x0, 0x0, 0xa, 0xe0, 0xbd, 0x0, 0x0, 0x0,
    0x0, 0x4f, 0x5f, 0x70, 0x0, 0x0, 0x0, 0x0,
    0xec, 0xf2, 0x0, 0x0, 0x0, 0x0, 0xb, 0xfe,
    0x0, 0x0, 0x0, 0x0, 0x0, 0x8f, 0xb0, 0x0,
    0x0, 0x0, 0x0, 0x5, 0xf8, 0x0, 0x0, 0x0,

    /* U+22CF "⋏" */
    0x0, 0x0, 0x1, 0x63, 0x0, 0x0, 0x0, 0x0,
    0x0, 0x6f, 0x90, 0x0, 0x0, 0x0, 0x0, 0x9,
    0xfc, 0x0, 0x0, 0x0, 0x0, 0x0, 0xcf, 0xf0,
    0x0, 0x0, 0x0, 0x0, 0x1f, 0x9f, 0x40, 0x0,
    0x0, 0x0, 0x7, 0xf2, 0xea, 0x0, 0x0, 0x0,
    0x0, 0xdc, 0x8, 0xf0, 0x0, 0x0, 0x0, 0x5f,
    0x50, 0x2f, 0x80, 0x0, 0x0, 0xe, 0xb0, 0x0,
    0x8f, 0x20, 0x0, 0xb, 0xe2, 0x0, 0x0, 0xdd,
    0x10, 0xa, 0xf3, 0x0, 0x0, 0x1, 0xec, 0x0,

    /* U+22D0 "⋐" */
    0x0, 0x0, 0x25, 0x77, 0x77, 0x77, 0x10, 0x1,
    0xaf, 0xff, 0xff, 0xff, 0xf2, 0x0, 0xdf, 0x72,
    0x0, 0x0, 0x0, 0x0, 0x9f, 0x40, 0x25, 0x55,
    0x55, 0x50, 0xf, 0x90, 0x8f, 0xff, 0xff, 0xff,
    0x24, 0xf4, 0x2f, 0x92, 0x22, 0x22, 0x20, 0x4f,
    0x34, 0xf3, 0x0, 0x0, 0x0, 0x3, 0xf5, 0x1f,
    0xc7, 0x77, 0x77, 0x71, 0xe, 0xc0, 0x4d, 0xff,
    0xff, 0xff, 0x20, 0x5f, 0x90, 0x0, 0x0, 0x0,
    0x0, 0x0, 0x8f, 0xd8, 0x77, 0x77, 0x77, 0x10,
    0x0, 0x4b, 0xff, 0xff, 0xff, 0xf2, 0x0, 0x0,
    0x0, 0x0, 0x0, 0x0, 0x0,

    /* U+22D1 "⋑" */
    0x7, 0x77, 0x77, 0x76, 0x20, 0x0, 0x1, 0xff,
    0xff, 0xff, 0xff, 0xb1, 0x0, 0x0, 0x0, 0x0,
    0x2, 0x7f, 0xd1, 0x0, 0x55, 0x55, 0x55, 0x20,
    0x2f, 0xa0, 0x1f, 0xff, 0xff, 0xff, 0x90, 0x7f,
    0x10, 0x22, 0x22, 0x22, 0x8f, 0x32, 0xf5, 0x0,
    0x0, 0x0, 0x2, 0xf5, 0x1f, 0x60, 0x77, 0x77,
    0x77, 0xcf, 0x24, 0xf4, 0x1f, 0xff, 0xff, 0xfe,
    0x50, 0xbe, 0x0, 0x0, 0x0, 0x0, 0x0, 0x8f,
    0x60, 0x7, 0x77, 0x77, 0x78, 0xdf, 0x90, 0x1,
    0xff, 0xff, 0xff, 0xfc, 0x40, 0x0, 0x0, 0x0,
    0x0, 0x0, 0x0, 0x0, 0x0,

    /* U+22D2 "⋒" */
    0x0, 0x1, 0x8c, 0xed, 0x92, 0x0, 0x0, 0x3,
    0xef, 0xb9, 0xaf, 0xf6, 0x0, 0x1, 0xed, 0x20,
    0x0, 0x1a, 0xf4, 0x0, 0x9f, 0x21, 0xae, 0xc3,
    0xc, 0xd0, 0xe, 0x90, 0xbf, 0x9d, 0xf1, 0x5f,
    0x20, 0xf7, 0xf, 0x70, 0x2f, 0x53, 0xf4, 0x1f,
    0x61, 0xf6, 0x1, 0xf6, 0x2f, 0x51, 0xf6, 0x1f,
    0x60, 0x1f, 0x62, 0xf5, 0x1f, 0x61, 0xf6, 0x1,
    0xf6, 0x2f, 0x51, 0xf6, 0x1f, 0x60, 0x1f, 0x62,
    0xf5, 0x1f, 0x61, 0xf6, 0x1, 0xf6, 0x2f, 0x51,
    0xf6, 0x1f, 0x60, 0x1f, 0x62, 0xf5,

    /* U+22D3 "⋓" */
    0xb, 0x40, 0xb4, 0x0, 0xb4, 0x1b, 0x31, 0xf6,
    0x1f, 0x60, 0x1f, 0x62, 0xf5, 0x1f, 0x61, 0xf6,
    0x1, 0xf6, 0x2f, 0x51, 0xf6, 0x1f, 0x60, 0x1f,
    0x62, 0xf5, 0x1f, 0x61, 0xf6, 0x1, 0xf6, 0x2f,
    0x51, 0xf6, 0x1f, 0x60, 0x1f, 0x62, 0xf5, 0x1f,
    0x61, 0xf6, 0x1, 0xf6, 0x2f, 0x40, 0xf8, 0xe,
    0xc3, 0x8f, 0x34, 0xf3, 0xb, 0xd0, 0x4f, 0xff,
    0x90, 0xaf, 0x0, 0x4f, 0x90, 0x14, 0x30, 0x6f,
    0x70, 0x0, 0x7f, 0xc6, 0x45, 0xaf, 0xb0, 0x0,
    0x0, 0x5d, 0xff, 0xfe, 0x70, 0x0, 0x0, 0x0,
    0x2, 0x32, 0x0, 0x0, 0x0,

    /* U+22D4 "⋔" */
    0x0, 0x0, 0x20, 0x0, 0x0, 0x0, 0x1f, 0x60,
    0x0, 0x0, 0x1, 0xf6, 0x0, 0x0, 0x0, 0x1f,
    0x60, 0x0, 0x0, 0x7e, 0xff, 0x91, 0x0, 0xaf,
    0xbf, 0xcf, 0xd1, 0x3f, 0x81, 0xf6, 0x4f, 0x88,
    0xf0, 0x1f, 0x60, 0xcc, 0x8e, 0x1, 0xf6, 0xa,
    0xd9, 0xe0, 0x1f, 0x60, 0xad, 0x9e, 0x1, 0xf6,
    0xa, 0xd9, 0xe0, 0x1f, 0x60, 0xad, 0x9e, 0x1,
    0xf6, 0xa, 0xd9, 0xe0, 0x1f, 0x60, 0xad,

    /* U+22D5 "⋕" */
    0x0, 0x0, 0x0, 0x0, 0x0, 0x0, 0x0, 0x0,
    0xb, 0xc0, 0xbc, 0x0, 0x0, 0x0, 0x0, 0xbc,
    0xb, 0xc0, 0x0, 0x0, 0x0, 0xb, 0xc0, 0xbc,
    0x0, 0x0, 0x0, 0x0, 0xbc, 0xb, 0xc0, 0x0,
    0x0, 0x11, 0x1b, 0xd1, 0xbc, 0x11, 0x10, 0x1f,
    0xff, 0xff, 0xff, 0xff, 0xff, 0x20, 0x66, 0x6d,
    0xd6, 0xdd, 0x66, 0x61, 0x0, 0x0, 0xbc, 0xb,
    0xc0, 0x0, 0x0, 0x88, 0x8d, 0xe8, 0xde, 0x88,
    0x81, 0x1f, 0xff, 0xff, 0xff, 0xff, 0xff, 0x20,
    0x0, 0xb, 0xc0, 0xbc, 0x0, 0x0, 0x0, 0x0,
    0xbc, 0xb, 0xc0, 0x0, 0x0, 0x0, 0xb, 0xc0,
    0xbc, 0x0, 0x0, 0x0, 0x0, 0xbc, 0xb, 0xc0,
    0x0, 0x0, 0x0, 0x9, 0xb0, 0xaa, 0x0, 0x0,

    /* U+22D6 "⋖" */
    0x0, 0x0, 0x0, 0x0, 0x0, 0x27, 0x0, 0x0,
    0x0, 0x1, 0x6c, 0xff, 0x0, 0x0, 0x5, 0xaf,
    0xfd, 0x71, 0x0, 0x39, 0xef, 0xe8, 0x20, 0x0,
    0x3d, 0xfe, 0x93, 0x0, 0xb, 0xf1, 0x4f, 0xfa,
    0x40, 0x0, 0xc, 0xf1, 0x2, 0x8e, 0xfe, 0x83,
    0x3, 0x40, 0x0, 0x0, 0x4a, 0xff, 0xd7, 0x20,
    0x0, 0x0, 0x0, 0x5, 0xbf, 0xfc, 0x0, 0x0,
    0x0, 0x0, 0x1, 0x7c,

    /* U+22D7 "⋗" */
    0x72, 0x0, 0x0, 0x0, 0x0, 0x0, 0xff, 0xc6,
    0x10, 0x0, 0x0, 0x0, 0x17, 0xdf, 0xfa, 0x50,
    0x0, 0x0, 0x0, 0x2, 0x8e, 0xfe, 0x93, 0x0,
    0x1f, 0xb0, 0x0, 0x39, 0xef, 0xd3, 0x1f, 0xc0,
    0x0, 0x4, 0xaf, 0xf4, 0x4, 0x30, 0x38, 0xef,
    0xe8, 0x20, 0x2, 0x7d, 0xff, 0xa4, 0x0, 0x0,
    0xcf, 0xfb, 0x50, 0x0, 0x0, 0x0, 0xc7, 0x10,
    0x0, 0x0, 0x0, 0x0,

    /* U+22D8 "⋘" */
    0x0, 0x0, 0x0, 0x0, 0x59, 0x0, 0x0, 0x7,
    0x70, 0x0, 0x1, 0x94, 0x0, 0x0, 0x0, 0x5d,
    0xfc, 0x0, 0x7, 0xef, 0x80, 0x2, 0x9f, 0xf4,
    0x0, 0x0, 0x6d, 0xfe, 0x70, 0x18, 0xff, 0xd5,
    0x2, 0xaf, 0xfb, 0x30, 0x0, 0x7e, 0xfe, 0x60,
    0x18, 0xff, 0xc5, 0x3, 0xaf, 0xfa, 0x30, 0x0,
    0x6e, 0xfd, 0x60, 0x8, 0xff, 0xc4, 0x1, 0xbf,
    0xfa, 0x20, 0x0, 0x0, 0xbf, 0xe3, 0x0, 0xf,
    0xfc, 0x10, 0x3, 0xff, 0x80, 0x0, 0x0, 0x0,
    0x29, 0xff, 0xa3, 0x3, 0xbf, 0xf9, 0x10, 0x5d,
    0xfe, 0x70, 0x0, 0x0, 0x0, 0x19, 0xff, 0xb3,
    0x3, 0xaf, 0xf9, 0x20, 0x5c, 0xfe, 0x71, 0x0,
    0x0, 0x0, 0x18, 0xff, 0xc4, 0x2, 0xaf, 0xfa,
    0x20, 0x4c, 0xff, 0x81, 0x0, 0x0, 0x0, 0x17,
    0xec, 0x0, 0x2, 0x9f, 0x80, 0x0, 0x4b, 0xf4,
    0x0, 0x0, 0x0, 0x0, 0x5, 0x0, 0x0, 0x1,
    0x40, 0x0, 0x0, 0x32,

    /* U+22D9 "⋙" */
    0x85, 0x0, 0x0, 0xa, 0x40, 0x0, 0x2, 0x92,
    0x0, 0x0, 0x0, 0x0, 0xaf, 0xd6, 0x0, 0xe,
    0xfc, 0x40, 0x2, 0xff, 0xa2, 0x0, 0x0, 0x0,
    0x6, 0xef, 0xe7, 0x1, 0x8f, 0xfc, 0x50, 0x2a,
    0xff, 0xb3, 0x0, 0x0, 0x0, 0x6, 0xdf, 0xe7,
    0x1, 0x8e, 0xfd, 0x50, 0x2a, 0xff, 0xb3, 0x0,
    0x0, 0x0, 0x5, 0xdf, 0xe7, 0x0, 0x7e, 0xfd,
    0x40, 0x29, 0xff, 0xc2, 0x0, 0x0, 0x0, 0x2d,
    0xfc, 0x0, 0x4, 0xff, 0x80, 0x0, 0x7f, 0xf4,
    0x0, 0x0, 0x2a, 0xff, 0xa2, 0x4, 0xcf, 0xf8,
    0x10, 0x6d, 0xfe, 0x60, 0x0, 0x3a, 0xff, 0x92,
    0x5, 0xcf, 0xe7, 0x10, 0x6e, 0xfd, 0x60, 0x0,
    0x3b, 0xff, 0x91, 0x5, 0xdf, 0xe7, 0x0, 0x7e,
    0xfd, 0x50, 0x0, 0x0, 0xbf, 0x81, 0x0, 0xf,
    0xe6, 0x0, 0x3, 0xfc, 0x40, 0x0, 0x0, 0x0,
    0x41, 0x0, 0x0, 0x5, 0x0, 0x0, 0x1, 0x40,
    0x0, 0x0, 0x0, 0x0,

    /* U+22DA "⋚" */
    0x0, 0x0, 0x0, 0x0, 0x0, 0x2, 0x0, 0x0,
    0x0, 0x0, 0x4, 0x9e, 0xf2, 0x0, 0x0, 0x27,
    0xbf, 0xff, 0xa6, 0x0, 0x49, 0xef, 0xfd, 0x84,
    0x0, 0x0, 0x1f, 0xff, 0x81, 0x0, 0x0, 0x0,
    0x0, 0x8d, 0xff, 0xd9, 0x40, 0x0, 0x0, 0x0,
    0x1, 0x6a, 0xff, 0xfb, 0x72, 0x0, 0x0, 0x0,
    0x0, 0x48, 0xdf, 0xf2, 0x0, 0x0, 0x0, 0x0,
    0x0, 0x16, 0x10, 0x66, 0x66, 0x66, 0x66, 0x66,
    0x61, 0x1f, 0xff, 0xff, 0xff, 0xff, 0xff, 0x20,
    0x11, 0x11, 0x11, 0x11, 0x11, 0x10, 0x1b, 0x61,
    0x0, 0x0, 0x0, 0x0, 0x1, 0xdf, 0xfd, 0x84,
    0x0, 0x0, 0x0, 0x0, 0x27, 0xbf, 0xff, 0xa6,
    0x10, 0x0, 0x0, 0x0, 0x4, 0x9d, 0xff, 0xd1,
    0x0, 0x0, 0x0, 0x15, 0xaf, 0xff, 0x20, 0x0,
    0x37, 0xcf, 0xfe, 0xa5, 0x10, 0x9, 0xef, 0xfc,
    0x73, 0x0, 0x0, 0x1, 0xea, 0x51, 0x0, 0x0,
    0x0, 0x0, 0x0, 0x0, 0x0, 0x0, 0x0, 0x0,
    0x0,

    /* U+22DB "⋛" */
    0x3, 0x0, 0x0, 0x0, 0x0, 0x0, 0x1, 0xfe,
    0x95, 0x0, 0x0, 0x0, 0x0, 0x5, 0xae, 0xff,
    0xc7, 0x30, 0x0, 0x0, 0x0, 0x3, 0x8c, 0xff,
    0xe9, 0x50, 0x0, 0x0, 0x0, 0x1, 0x8f, 0xff,
    0x20, 0x0, 0x0, 0x48, 0xdf, 0xfd, 0x81, 0x2,
    0x6b, 0xff, 0xfb, 0x62, 0x0, 0x1, 0xff, 0xd9,
    0x40, 0x0, 0x0, 0x0, 0x6, 0x20, 0x0, 0x0,
    0x0, 0x0, 0x0, 0x66, 0x66, 0x66, 0x66, 0x66,
    0x61, 0x1f, 0xff, 0xff, 0xff, 0xff, 0xff, 0x20,
    0x11, 0x11, 0x11, 0x11, 0x11, 0x10, 0x0, 0x0,
    0x0, 0x0, 0x1, 0x6a, 0x20, 0x0, 0x0, 0x3,
    0x8c, 0xff, 0xe2, 0x0, 0x15, 0xae, 0xff, 0xc7,
    0x20, 0x0, 0xcf, 0xfe, 0x95, 0x0, 0x0, 0x0,
    0x1f, 0xff, 0xa6, 0x10, 0x0, 0x0, 0x0, 0x15,
    0x9e, 0xff, 0xc8, 0x30, 0x0, 0x0, 0x0, 0x3,
    0x7c, 0xff, 0xea, 0x10, 0x0, 0x0, 0x0, 0x1,
    0x59, 0xe2, 0x0, 0x0, 0x0, 0x0, 0x0, 0x0,
    0x0,

    /* U+22DC "⋜" */
    0x7, 0x77, 0x77, 0x77, 0x77, 0x77, 0x11, 0xff,
    0xff, 0xff, 0xff, 0xff, 0xf2, 0x0, 0x0, 0x0,
    0x0, 0x0, 0x0, 0x0, 0x0, 0x0, 0x0, 0x0,
    0x27, 0xc2, 0x0, 0x0, 0x0, 0x59, 0xef, 0xfc,
    0x10, 0x2, 0x7b, 0xff, 0xea, 0x51, 0x0, 0x1e,
    0xff, 0xc8, 0x30, 0x0, 0x0, 0x1, 0xef, 0xfc,
    0x72, 0x0, 0x0, 0x0, 0x0, 0x38, 0xcf, 0xfe,
    0x95, 0x0, 0x0, 0x0, 0x0, 0x16, 0xae, 0xff,
    0xb1, 0x0, 0x0, 0x0, 0x0, 0x3, 0x8c, 0x20,

    /* U+22DD "⋝" */
    0x7, 0x77, 0x77, 0x77, 0x77, 0x77, 0x11, 0xff,
    0xff, 0xff, 0xff, 0xff, 0xf2, 0x0, 0x0, 0x0,
    0x0, 0x0, 0x0, 0x1, 0xc7, 0x30, 0x0, 0x0,
    0x0, 0x0, 0xc, 0xff, 0xea, 0x51, 0x0, 0x0,
    0x0, 0x1, 0x5a, 0xef, 0xfc, 0x73, 0x0, 0x0,
    0x0, 0x0, 0x37, 0xcf, 0xfe, 0x20, 0x0, 0x0,
    0x2, 0x7b, 0xff, 0xf2, 0x0, 0x4, 0x9d, 0xff,
    0xd8, 0x40, 0x0, 0xbf, 0xff, 0xb6, 0x10, 0x0,
    0x0, 0x1d, 0x84, 0x0, 0x0, 0x0, 0x0, 0x0,

    /* U+22DE "⋞" */
    0x0, 0x0, 0x0, 0x0, 0x0, 0x0, 0x0, 0x0,
    0x0, 0x0, 0x0, 0x0, 0x52, 0x0, 0x0, 0x0,
    0x0, 0x0, 0x8f, 0x20, 0x0, 0x0, 0x0, 0x3,
    0xcf, 0x60, 0x0, 0x0, 0x0, 0x5b, 0xfd, 0x31,
    0x10, 0x2, 0x5a, 0xef, 0xd6, 0x3, 0xd2, 0x1e,
    0xff, 0xe9, 0x40, 0x19, 0xfc, 0x11, 0x95, 0x20,
    0x4, 0xaf, 0xf7, 0x0, 0x2, 0x48, 0xbf, 0xfd,
    0x71, 0x0, 0x1, 0xff, 0xff, 0x93, 0x0, 0x0,
    0x0, 0x8, 0xae, 0xff, 0xd7, 0x10, 0x0, 0x0,
    0x0, 0x1, 0x6a, 0xff, 0x91, 0x0, 0x0, 0x0,
    0x0, 0x1, 0x7e, 0xf7, 0x0, 0x0, 0x0, 0x0,
    0x0, 0x8, 0xf2, 0x0, 0x0, 0x0, 0x0, 0x0,
    0x5, 0x20,

    /* U+22DF "⋟" */
    0x0, 0x0, 0x0, 0x0, 0x0, 0x0, 0x1, 0x60,
    0x0, 0x0, 0x0, 0x0, 0x0, 0x1f, 0x90, 0x0,
    0x0, 0x0, 0x0, 0x0, 0x5f, 0xd4, 0x0, 0x0,
    0x0, 0x0, 0x1, 0x2c, 0xfc, 0x50, 0x0, 0x0,
    0x1, 0xe3, 0x5, 0xdf, 0xfa, 0x62, 0x0, 0xc,
    0xfa, 0x20, 0x39, 0xef, 0xff, 0x20, 0x6, 0xef,
    0xb5, 0x0, 0x25, 0x91, 0x0, 0x0, 0x7d, 0xff,
    0xc8, 0x52, 0x0, 0x0, 0x0, 0x3, 0x8f, 0xff,
    0xf2, 0x0, 0x0, 0x17, 0xcf, 0xfe, 0xb8, 0x10,
    0x1, 0x9f, 0xfb, 0x61, 0x0, 0x0, 0x6, 0xfe,
    0x71, 0x0, 0x0, 0x0, 0x1, 0xf9, 0x10, 0x0,
    0x0, 0x0, 0x0, 0x15, 0x0, 0x0, 0x0, 0x0,
    0x0, 0x0,

    /* U+22E0 "⋠" */
    0x0, 0x0, 0x0, 0x0, 0x5, 0x40, 0x0, 0x0,
    0x0, 0x0, 0x0, 0xe8, 0x0, 0x0, 0x0, 0x0,
    0x0, 0x6f, 0x17, 0x20, 0x0, 0x0, 0x0, 0xd,
    0xbb, 0xf2, 0x0, 0x0, 0x0, 0x5, 0xff, 0xe5,
    0x0, 0x0, 0x3, 0x7c, 0xfe, 0x70, 0x0, 0xa,
    0xcf, 0xff, 0xdf, 0x30, 0x0, 0x1, 0xff, 0xff,
    0xac, 0xb0, 0x0, 0x0, 0x0, 0x36, 0xae, 0xff,
    0x92, 0x0, 0x1, 0xb8, 0x41, 0xac, 0x9e, 0xf9,
    0x0, 0x1d, 0xff, 0xff, 0x90, 0x7, 0xfe, 0x10,
    0x0, 0x4d, 0xff, 0xf8, 0x11, 0xc2, 0x0, 0x1,
    0xf6, 0x3a, 0xfe, 0x50, 0x0, 0x0, 0x8e, 0x0,
    0x2, 0xbf, 0x90, 0x0, 0x1f, 0x70, 0x0, 0x0,
    0x6f, 0x20, 0x7, 0xe0, 0x0, 0x0, 0x0, 0x42,
    0x0, 0xb8, 0x0, 0x0, 0x0, 0x0, 0x0, 0x0,
    0x0, 0x0, 0x0, 0x0, 0x0,

    /* U+22E1 "⋡" */
    0x0, 0x0, 0x0, 0x0, 0x5, 0x40, 0x0, 0x0,
    0x0, 0x0, 0x0, 0xe8, 0x0, 0x18, 0x0, 0x0,
    0x0, 0x6f, 0x10, 0x1, 0xfb, 0x20, 0x0, 0xd,
    0x90, 0x0, 0x4, 0xef, 0xa3, 0x5, 0xf2, 0x0,
    0x0, 0x0, 0x7e, 0xfd, 0xdc, 0x0, 0x0, 0x0,
    0x0, 0x5, 0xcf, 0xff, 0xda, 0x10, 0x0, 0x0,
    0xb, 0xff, 0xff, 0xf2, 0x0, 0x1, 0x8e, 0xfe,
    0xa6, 0x30, 0x0, 0x8, 0xff, 0xfc, 0x0, 0x47,
    0xb2, 0xd, 0xf8, 0x3f, 0xab, 0xff, 0xfd, 0x11,
    0xd2, 0xb, 0xff, 0xd8, 0x40, 0x0, 0x0, 0x4e,
    0xfa, 0x30, 0x0, 0x0, 0x0, 0x7f, 0xfe, 0x0,
    0x0, 0x0, 0x0, 0x1f, 0x8f, 0x70, 0x0, 0x0,
    0x0, 0x1, 0x57, 0xe0, 0x0, 0x0, 0x0, 0x0,
    0x0, 0xb8, 0x0, 0x0, 0x0, 0x0, 0x0, 0x0,
    0x0, 0x0, 0x0, 0x0, 0x0,

    /* U+22E2 "⋢" */
    0x0, 0x0, 0x0, 0x0, 0x58, 0x0, 0x0, 0x0,
    0x0, 0x0, 0xc, 0xc0, 0x0, 0x2, 0x22, 0x22,
    0x24, 0xf8, 0x22, 0x1, 0xff, 0xff, 0xff, 0xff,
    0xff, 0xf2, 0x1f, 0x95, 0x55, 0x5f, 0xc5, 0x55,
    0x1, 0xf6, 0x0, 0x3, 0xf5, 0x0, 0x0, 0x1f,
    0x60, 0x0, 0x9f, 0x0, 0x0, 0x1, 0xf6, 0x0,
    0xe, 0xa0, 0x0, 0x0, 0x1f, 0x60, 0x4, 0xf4,
    0x0, 0x0, 0x1, 0xf8, 0x33, 0xbf, 0x33, 0x33,
    0x30, 0x1f, 0xff, 0xff, 0xff, 0xff, 0xff, 0x20,
    0x44, 0x49, 0xf6, 0x44, 0x44, 0x40, 0x8, 0x88,
    0xdf, 0x88, 0x88, 0x88, 0x11, 0xff, 0xff, 0xff,
    0xff, 0xff, 0xf2, 0x0, 0x6, 0xf2, 0x0, 0x0,
    0x0, 0x0, 0x0, 0xcc, 0x0, 0x0, 0x0, 0x0,
    0x0, 0x4, 0x40, 0x0, 0x0, 0x0, 0x0,

    /* U+22E3 "⋣" */
    0x0, 0x0, 0x0, 0x0, 0x58, 0x0, 0x0, 0x0,
    0x0, 0x0, 0xc, 0xc0, 0x0, 0x2, 0x22, 0x22,
    0x24, 0xf8, 0x22, 0x1, 0xff, 0xff, 0xff, 0xff,
    0xff, 0xf2, 0x5, 0x55, 0x55, 0x5f, 0xc5, 0x8f,
    0x20, 0x0, 0x0, 0x3, 0xf5, 0x5, 0xf2, 0x0,
    0x0, 0x0, 0x9f, 0x0, 0x5f, 0x20, 0x0, 0x0,
    0xe, 0xa0, 0x5, 0xf2, 0x0, 0x0, 0x5, 0xf4,
    0x0, 0x5f, 0x20, 0x33, 0x33, 0xbf, 0x33, 0x37,
    0xf2, 0x1f, 0xff, 0xff, 0xff, 0xff, 0xff, 0x20,
    0x44, 0x49, 0xf6, 0x44, 0x44, 0x40, 0x8, 0x88,
    0xdf, 0x88, 0x88, 0x88, 0x11, 0xff, 0xff, 0xff,
    0xff, 0xff, 0xf2, 0x0, 0x6, 0xf2, 0x0, 0x0,
    0x0, 0x0, 0x0, 0xcc, 0x0, 0x0, 0x0, 0x0,
    0x0, 0x4, 0x40, 0x0, 0x0, 0x0, 0x0,

    /* U+22E4 "⋤" */
    0x2, 0x22, 0x22, 0x22, 0x22, 0x22, 0x1, 0xff,
    0xff, 0xff, 0xff, 0xff, 0xf2, 0x1f, 0x95, 0x55,
    0x55, 0x55, 0x55, 0x1, 0xf6, 0x0, 0x0, 0x0,
    0x0, 0x0, 0x1f, 0x60, 0x0, 0x0, 0x0, 0x0,
    0x1, 0xf6, 0x0, 0x0, 0x0, 0x0, 0x0, 0x1f,
    0x60, 0x0, 0x0, 0x0, 0x0, 0x1, 0xf8, 0x33,
    0x33, 0x33, 0x33, 0x30, 0x1f, 0xff, 0xff, 0xff,
    0xff, 0xff, 0x20, 0x44, 0x44, 0x47, 0xf9, 0x44,
    0x40, 0x8, 0x88, 0x88, 0xdf, 0x98, 0x88, 0x11,
    0xff, 0xff, 0xff, 0xff, 0xff, 0xf2, 0x0, 0x0,
    0x4f, 0x80, 0x0, 0x0, 0x0, 0x0, 0x1, 0x80,
    0x0, 0x0, 0x0,

    /* U+22E5 "⋥" */
    0x2, 0x22, 0x22, 0x22, 0x22, 0x22, 0x1, 0xff,
    0xff, 0xff, 0xff, 0xff, 0xf2, 0x5, 0x55, 0x55,
    0x55, 0x55, 0x8f, 0x20, 0x0, 0x0, 0x0, 0x0,
    0x5, 0xf2, 0x0, 0x0, 0x0, 0x0, 0x0, 0x5f,
    0x20, 0x0, 0x0, 0x0, 0x0, 0x5, 0xf2, 0x0,
    0x0, 0x0, 0x0, 0x0, 0x5f, 0x20, 0x33, 0x33,
    0x33, 0x33, 0x37, 0xf2, 0x1f, 0xff, 0xff, 0xff,
    0xff, 0xff, 0x20, 0x44, 0x44, 0x47, 0xf9, 0x44,
    0x40, 0x8, 0x88, 0x88, 0xdf, 0x98, 0x88, 0x11,
    0xff, 0xff, 0xff, 0xff, 0xff, 0xf2, 0x0, 0x0,
    0x4f, 0x80, 0x0, 0x0, 0x0, 0x0, 0x1, 0x80,
    0x0, 0x0, 0x0,

    /* U+22E6 "⋦" */
    0x0, 0x0, 0x0, 0x0, 0x0, 0x2, 0x0, 0x0,
    0x0, 0x0, 0x5, 0x9e, 0xf2, 0x0, 0x0, 0x27,
    0xbf, 0xfe, 0xa5, 0x0, 0x49, 0xef, 0xfd, 0x83,
    0x0, 0x0, 0x1f, 0xff, 0x91, 0x0, 0x0, 0x0,
    0x0, 0x8d, 0xff, 0xe9, 0x50, 0x0, 0x0, 0x0,
    0x1, 0x6a, 0xff, 0xfb, 0x72, 0x0, 0x0, 0x0,
    0x0, 0x98, 0xdf, 0xf2, 0x0, 0x0, 0x0, 0x5f,
    0x40, 0x16, 0x10, 0x6, 0xab, 0x9d, 0xd0, 0x0,
    0x82, 0xd, 0xfc, 0xbf, 0xfe, 0xaa, 0xee, 0x11,
    0xa1, 0x0, 0xbe, 0xad, 0xc8, 0x10, 0x0, 0x0,
    0x2f, 0x70, 0x0, 0x0, 0x0, 0x0, 0x0, 0x60,
    0x0, 0x0, 0x0,

    /* U+22E7 "⋧" */
    0x3, 0x0, 0x0, 0x0, 0x0, 0x0, 0x1, 0xfe,
    0xa5, 0x10, 0x0, 0x0, 0x0, 0x5, 0xae, 0xff,
    0xc7, 0x30, 0x0, 0x0, 0x0, 0x3, 0x8c, 0xff,
    0xe9, 0x50, 0x0, 0x0, 0x0, 0x1, 0x8f, 0xff,
    0x20, 0x0, 0x0, 0x49, 0xdf, 0xfd, 0x81, 0x2,
    0x6b, 0xff, 0xfb, 0x62, 0x0, 0x1, 0xff, 0xd9,
    0x40, 0x50, 0x0, 0x0, 0x6, 0x20, 0x0, 0x5f,
    0x40, 0x0, 0x0, 0x6, 0xab, 0x9d, 0xd0, 0x0,
    0x82, 0xd, 0xfc, 0xbf, 0xfe, 0xaa, 0xee, 0x11,
    0xa1, 0x0, 0xbe, 0xad, 0xc8, 0x10, 0x0, 0x0,
    0x2f, 0x70, 0x0, 0x0, 0x0, 0x0, 0x0, 0x60,
    0x0, 0x0, 0x0,

    /* U+22E8 "⋨" */
    0x0, 0x0, 0x0, 0x0, 0x0, 0x0, 0x0, 0x0,
    0x0, 0x0, 0x0, 0x0, 0x62, 0x0, 0x0, 0x0,
    0x0, 0x1, 0xaf, 0x20, 0x0, 0x0, 0x0, 0x29,
    0xfe, 0x50, 0x0, 0x0, 0x37, 0xcf, 0xe7, 0x0,
    0x0, 0xac, 0xff, 0xfb, 0x50, 0x0, 0x0, 0x1f,
    0xff, 0xf9, 0x50, 0x0, 0x0, 0x0, 0x2, 0x69,
    0xef, 0xf9, 0x20, 0x0, 0x0, 0x0, 0x0, 0x38,
    0xef, 0x90, 0x0, 0x0, 0x0, 0x0, 0x0, 0x7f,
    0xe1, 0x0, 0x0, 0x0, 0x2e, 0x30, 0x1c, 0x20,
    0x0, 0x44, 0x29, 0xf0, 0x0, 0x22, 0x6, 0xef,
    0xff, 0xfc, 0x33, 0x8f, 0x21, 0xf8, 0x32, 0xbf,
    0xff, 0xfe, 0x70, 0x2, 0x0, 0xe, 0xa1, 0x43,
    0x0, 0x0, 0x0, 0x2, 0xd3, 0x0, 0x0, 0x0,
    0x0, 0x0, 0x0, 0x0, 0x0, 0x0, 0x0,

    /* U+22E9 "⋩" */
    0x0, 0x0, 0x0, 0x0, 0x0, 0x0, 0x0, 0x80,
    0x0, 0x0, 0x0, 0x0, 0x0, 0xf, 0xc2, 0x0,
    0x0, 0x0, 0x0, 0x0, 0x3d, 0xfa, 0x30, 0x0,
    0x0, 0x0, 0x0, 0x6, 0xef, 0xd8, 0x40, 0x0,
    0x0, 0x0, 0x0, 0x4a, 0xef, 0xfd, 0xa2, 0x0,
    0x0, 0x0, 0x49, 0xef, 0xff, 0x30, 0x0, 0x18,
    0xef, 0xea, 0x63, 0x0, 0x0, 0x8f, 0xf9, 0x30,
    0x0, 0x0, 0x0, 0xdf, 0x81, 0x0, 0x0, 0x0,
    0x0, 0xd, 0x30, 0x0, 0x1d, 0x40, 0x0, 0x0,
    0x10, 0x34, 0x18, 0xf1, 0x0, 0x11, 0x5, 0xdf,
    0xff, 0xfd, 0x22, 0x6e, 0x40, 0xf9, 0x43, 0xbf,
    0xff, 0xff, 0x80, 0x3, 0x0, 0xd, 0xc1, 0x54,
    0x10, 0x0, 0x0, 0x1, 0xd4, 0x0, 0x0, 0x0,
    0x0, 0x0, 0x0, 0x0, 0x0, 0x0, 0x0,

    /* U+22EA "⋪" */
    0x0, 0x0, 0x0, 0x0, 0x0, 0x60, 0x0, 0x0,
    0x0, 0x0, 0x0, 0x6f, 0x30, 0x0, 0x0, 0x0,
    0x0, 0xd, 0xc0, 0x0, 0x0, 0x0, 0x0, 0x3,
    0xfa, 0xb2, 0x0, 0x0, 0x0, 0x1, 0xbf, 0xff,
    0x20, 0x0, 0x0, 0x4a, 0xff, 0xc9, 0xf2, 0x0,
    0x17, 0xdf, 0xed, 0xf2, 0x5f, 0x20, 0x9f, 0xfc,
    0x60, 0xdb, 0x5, 0xf2, 0x1f, 0xfa, 0x10, 0x4f,
    0x50, 0x5f, 0x20, 0x5c, 0xff, 0xac, 0xe0, 0x5,
    0xf2, 0x0, 0x2, 0x9f, 0xfe, 0x60, 0x5f, 0x20,
    0x0, 0x0, 0x8f, 0xdf, 0xfc, 0xf2, 0x0, 0x0,
    0xe, 0xb0, 0x3a, 0xff, 0x20, 0x0, 0x5, 0xf4,
    0x0, 0x1, 0x71, 0x0, 0x0, 0xbd, 0x0, 0x0,
    0x0, 0x0, 0x0, 0x1f, 0x70, 0x0, 0x0, 0x0,
    0x0, 0x0, 0x11, 0x0, 0x0, 0x0, 0x0,

    /* U+22EB "⋫" */
    0x0, 0x0, 0x0, 0x1, 0x60, 0x0, 0x0, 0x0,
    0x0, 0x0, 0x7f, 0x20, 0x0, 0x0, 0x0, 0x0,
    0xe, 0xb0, 0x0, 0x1, 0xc5, 0x0, 0x4, 0xf4,
    0x0, 0x0, 0x1f, 0xfe, 0x81, 0xbe, 0x0, 0x0,
    0x1, 0xfa, 0xbf, 0xff, 0xa0, 0x0, 0x0, 0x1f,
    0x60, 0x2c, 0xff, 0xd7, 0x10, 0x1, 0xf6, 0x0,
    0xeb, 0x5c, 0xff, 0xa1, 0x1f, 0x60, 0x5f, 0x40,
    0x9, 0xff, 0x31, 0xf6, 0xc, 0xd3, 0x9f, 0xfc,
    0x60, 0x1f, 0x62, 0xff, 0xff, 0xa3, 0x0, 0x1,
    0xfc, 0xef, 0xd7, 0x10, 0x0, 0x0, 0x1f, 0xff,
    0xa0, 0x0, 0x0, 0x0, 0x0, 0x88, 0xf3, 0x0,
    0x0, 0x0, 0x0, 0x0, 0xcd, 0x0, 0x0, 0x0,
    0x0, 0x0, 0x2f, 0x60, 0x0, 0x0, 0x0, 0x0,
    0x0, 0x10, 0x0, 0x0, 0x0, 0x0, 0x0,

    /* U+22EC "⋬" */
    0x0, 0x0, 0x0, 0x0, 0x1, 0x50, 0x0, 0x0,
    0x0, 0x0, 0x0, 0x7f, 0x20, 0x0, 0x0, 0x0,
    0x0, 0xd, 0xb0, 0x0, 0x0, 0x0, 0x0, 0x4,
    0xfa, 0xc2, 0x0, 0x0, 0x0, 0x2, 0xcf, 0xff,
    0x20, 0x0, 0x0, 0x4b, 0xff, 0xc9, 0xf2, 0x0,
    0x17, 0xdf, 0xed, 0xf1, 0x5f, 0x20, 0xaf, 0xfc,
    0x50, 0xeb, 0x5, 0xf2, 0x1f, 0xfa, 0x10, 0x5f,
    0x40, 0x5f, 0x20, 0x5b, 0xff, 0xac, 0xe0, 0x5,
    0xf2, 0x0, 0x2, 0x8e, 0xfe, 0x61, 0x5f, 0x20,
    0x0, 0x0, 0x8f, 0xcf, 0xfc, 0xf2, 0x0, 0x0,
    0xe, 0xa0, 0x39, 0xff, 0x20, 0x0, 0x5, 0xf4,
    0x0, 0x1, 0x71, 0x8, 0x88, 0xdf, 0x88, 0x88,
    0x88, 0x11, 0xff, 0xff, 0xff, 0xff, 0xff, 0xf2,
    0x0, 0x9, 0xf1, 0x0, 0x0, 0x0, 0x0, 0x0,
    0xf9, 0x0, 0x0, 0x0, 0x0, 0x0, 0x3, 0x20,
    0x0, 0x0, 0x0, 0x0,

    /* U+22ED "⋭" */
    0x0, 0x0, 0x0, 0x0, 0x25, 0x0, 0x0, 0x0,
    0x0, 0x0, 0x9, 0xf1, 0x0, 0x0, 0x0, 0x0,
    0x0, 0xfa, 0x0, 0x1, 0xc5, 0x0, 0x0, 0x6f,
    0x30, 0x0, 0x2f, 0xfe, 0x82, 0xc, 0xd0, 0x0,
    0x2, 0xf9, 0xbf, 0xfc, 0xf6, 0x0, 0x0, 0x2f,
    0x50, 0x18, 0xff, 0xe7, 0x10, 0x2, 0xf5, 0x0,
    0x1f, 0xbc, 0xff, 0xa0, 0x2f, 0x50, 0x7, 0xf2,
    0x1a, 0xff, 0x22, 0xf5, 0x0, 0xde, 0xaf, 0xfc,
    0x50, 0x2f, 0x50, 0x7f, 0xff, 0x92, 0x0, 0x2,
    0xfc, 0xff, 0xe6, 0x0, 0x0, 0x0, 0x2f, 0xfb,
    0xf8, 0x0, 0x0, 0x0, 0x1, 0x71, 0x7f, 0x20,
    0x0, 0x0, 0x0, 0x18, 0x8e, 0xe8, 0x88, 0x88,
    0x88, 0x11, 0xff, 0xff, 0xff, 0xff, 0xff, 0xf2,
    0x0, 0xbe, 0x0, 0x0, 0x0, 0x0, 0x0, 0x1f,
    0x70, 0x0, 0x0, 0x0, 0x0, 0x0, 0x41, 0x0,
    0x0, 0x0, 0x0, 0x0,

    /* U+22EE "⋮" */
    0xee, 0xfe, 0x44, 0x0, 0x0, 0x0, 0xed, 0xfe,
    0x44, 0x0, 0x0, 0x0, 0x55, 0xfe, 0xdc,

    /* U+22EF "⋯" */
    0xdd, 0x0, 0x0, 0xed, 0x0, 0x0, 0xed, 0xee,
    0x0, 0x0, 0xfe, 0x0, 0x0, 0xfe, 0x44, 0x0,
    0x0, 0x44, 0x0, 0x0, 0x44,

    /* U+22F0 "⋰" */
    0x0, 0x0, 0x0, 0x0, 0x0, 0x0, 0xed, 0x0,
    0x0, 0x0, 0x0, 0x0, 0x0, 0xfe, 0x0, 0x0,
    0x0, 0x0, 0x0, 0x0, 0x44, 0x0, 0x0, 0x0,
    0x0, 0x0, 0x0, 0x0, 0x0, 0x0, 0x0, 0x0,
    0x0, 0x0, 0x0, 0x0, 0x0, 0x0, 0x0, 0x0,
    0x0, 0x0, 0x0, 0x0, 0x0, 0xed, 0x0, 0x0,
    0x0, 0x0, 0x0, 0x0, 0xfe, 0x0, 0x0, 0x0,
    0x0, 0x0, 0x0, 0x44, 0x0, 0x0, 0x0, 0x0,
    0x0, 0x0, 0x0, 0x0, 0x0, 0x0, 0x0, 0x0,
    0x0, 0x0, 0x0, 0x0, 0x0, 0x0, 0x0, 0x0,
    0x0, 0x0, 0x0, 0x0, 0x55, 0x0, 0x0, 0x0,
    0x0, 0x0, 0x0, 0xee, 0x0, 0x0, 0x0, 0x0,
    0x0, 0x0, 0xcc, 0x0, 0x0, 0x0, 0x0, 0x0,
    0x0,

    /* U+22F1 "⋱" */
    0xee, 0x0, 0x0, 0x0, 0x0, 0x0, 0x0, 0xee,
    0x0, 0x0, 0x0, 0x0, 0x0, 0x0, 0x44, 0x0,
    0x0, 0x0, 0x0, 0x0, 0x0, 0x0, 0x0, 0x0,
    0x0, 0x0, 0x0, 0x0, 0x0, 0x0, 0x0, 0x0,
    0x0, 0x0, 0x0, 0x0, 0x0, 0x0, 0x0, 0x0,
    0x0, 0x0, 0x0, 0x0, 0x0, 0xed, 0x0, 0x0,
    0x0, 0x0, 0x0, 0x0, 0xfe, 0x0, 0x0, 0x0,
    0x0, 0x0, 0x0, 0x44, 0x0, 0x0, 0x0, 0x0,
    0x0, 0x0, 0x0, 0x0, 0x0, 0x0, 0x0, 0x0,
    0x0, 0x0, 0x0, 0x0, 0x0, 0x0, 0x0, 0x0,
    0x0, 0x0, 0x0, 0x0, 0x0, 0x0, 0x0, 0x0,
    0x0, 0x0, 0x55, 0x0, 0x0, 0x0, 0x0, 0x0,
    0x0, 0xfe, 0x0, 0x0, 0x0, 0x0, 0x0, 0x0,
    0xdc,

    /* U+22F2 "⋲" */
    0x0, 0x0, 0x0, 0x0, 0x5b, 0xdf, 0xff, 0xff,
    0xf3, 0x0, 0x0, 0x0, 0x1b, 0xfc, 0x87, 0x77,
    0x77, 0x71, 0x0, 0x0, 0x0, 0xde, 0x40, 0x0,
    0x0, 0x0, 0x0, 0x0, 0x0, 0x8, 0xf3, 0x0,
    0x0, 0x0, 0x0, 0x0, 0x0, 0x0, 0xe, 0x90,
    0x0, 0x0, 0x0, 0x0, 0x0, 0x0, 0x0, 0x3f,
    0x30, 0x0, 0x0, 0x0, 0x0, 0x0, 0x3f, 0xff,
    0xff, 0xff, 0xff, 0xff, 0xff, 0xff, 0xf3, 0x17,
    0x77, 0x9f, 0x87, 0x77, 0x77, 0x77, 0x77, 0x71,
    0x0, 0x0, 0x1f, 0x60, 0x0, 0x0, 0x0, 0x0,
    0x0, 0x0, 0x0, 0xa, 0xe1, 0x0, 0x0, 0x0,
    0x0, 0x0, 0x0, 0x0, 0x1, 0xec, 0x10, 0x0,
    0x0, 0x0, 0x0, 0x0, 0x0, 0x0, 0x3e, 0xe8,
    0x43, 0x33, 0x33, 0x30, 0x0, 0x0, 0x0, 0x1,
    0x8e, 0xff, 0xff, 0xff, 0xf3, 0x0, 0x0, 0x0,
    0x0, 0x0, 0x12, 0x22, 0x22, 0x20,

    /* U+22F3 "⋳" */
    0x0, 0x0, 0x5b, 0xef, 0xff, 0xff, 0xf2, 0x0,
    0x2d, 0xfc, 0x87, 0x77, 0x77, 0x71, 0x1, 0xee,
    0x30, 0x0, 0x0, 0x0, 0x0, 0xa, 0xf2, 0x0,
    0x0, 0x0, 0x0, 0x30, 0x1f, 0x80, 0x0, 0x0,
    0x0, 0x4, 0xf2, 0x5f, 0x20, 0x0, 0x0, 0x0,
    0x4, 0xf2, 0x6f, 0xdd, 0xdd, 0xdd, 0xdd, 0xde,
    0xf2, 0x5f, 0x99, 0x99, 0x99, 0x99, 0x9a, 0xf2,
    0x2f, 0x40, 0x0, 0x0, 0x0, 0x4, 0xf2, 0xc,
    0xc0, 0x0, 0x0, 0x0, 0x4, 0xf2, 0x3, 0xfa,
    0x0, 0x0, 0x0, 0x0, 0x0, 0x0, 0x5f, 0xe7,
    0x43, 0x33, 0x33, 0x30, 0x0, 0x2, 0x9f, 0xff,
    0xff, 0xff, 0xf2, 0x0, 0x0, 0x0, 0x12, 0x22,
    0x22, 0x20,

    /* U+22F4 "⋴" */
    0x0, 0x18, 0xce, 0xff, 0xff, 0x0, 0x2e, 0xd7,
    0x54, 0x44, 0x40, 0xb, 0xc0, 0x0, 0x0, 0x2c,
    0x0, 0xf8, 0x44, 0x44, 0x47, 0xf0, 0x1f, 0xff,
    0xff, 0xff, 0xff, 0x0, 0xf6, 0x0, 0x0, 0x3,
    0xf0, 0xa, 0xd1, 0x0, 0x0, 0x18, 0x0, 0x1d,
    0xf9, 0x76, 0x66, 0x60, 0x0, 0x7, 0xbd, 0xdd,
    0xdd, 0x0,

    /* U+22F5 "⋵" */
    0x0, 0x0, 0x0, 0x43, 0x0, 0x0, 0x0, 0x0,
    0x0, 0x2, 0xfb, 0x0, 0x0, 0x0, 0x0, 0x0,
    0x2, 0xfa, 0x0, 0x0, 0x0, 0x0, 0x0, 0x0,
    0x0, 0x0, 0x0, 0x0, 0x0, 0x0, 0x6b, 0xef,
    0xff, 0xff, 0xf1, 0x0, 0x2d, 0xfb, 0x87, 0x77,
    0x77, 0x70, 0x1, 0xed, 0x20, 0x0, 0x0, 0x0,
    0x0, 0xb, 0xe1, 0x0, 0x0, 0x0, 0x0, 0x0,
    0x2f, 0x60, 0x0, 0x0, 0x0, 0x0, 0x0, 0x6f,
    0x0, 0x0, 0x0, 0x0, 0x0, 0x0, 0x7f, 0xff,
    0xff, 0xff, 0xff, 0xff, 0xf1, 0x6f, 0x77, 0x77,
    0x77, 0x77, 0x77, 0x70, 0x3f, 0x40, 0x0, 0x0,
    0x0, 0x0, 0x0, 0xd, 0xc0, 0x0, 0x0, 0x0,
    0x0, 0x0, 0x3, 0xfa, 0x0, 0x0, 0x0, 0x0,
    0x0, 0x0, 0x5f, 0xe7, 0x43, 0x33, 0x33, 0x30,
    0x0, 0x2, 0xaf, 0xff, 0xff, 0xff, 0xf1, 0x0,
    0x0, 0x0, 0x12, 0x22, 0x22, 0x20,

    /* U+22F6 "⋶" */
    0x8, 0x88, 0x88, 0x88, 0x88, 0x88, 0x80, 0xe,
    0xee, 0xee, 0xee, 0xee, 0xee, 0xe1, 0x0, 0x0,
    0x0, 0x0, 0x0, 0x0, 0x0, 0x0, 0x0, 0x6b,
    0xef, 0xff, 0xff, 0xf1, 0x0, 0x2d, 0xfb, 0x87,
    0x77, 0x77, 0x70, 0x1, 0xed, 0x20, 0x0, 0x0,
    0x0, 0x0, 0xb, 0xe1, 0x0, 0x0, 0x0, 0x0,
    0x0, 0x2f, 0x60, 0x0, 0x0, 0x0, 0x0, 0x0,
    0x6f, 0x0, 0x0, 0x0, 0x0, 0x0, 0x0, 0x7f,
    0xff, 0xff, 0xff, 0xff, 0xff, 0xf1, 0x6f, 0x77,
    0x77, 0x77, 0x77, 0x77, 0x70, 0x3f, 0x40, 0x0,
    0x0, 0x0, 0x0, 0x0, 0xd, 0xc0, 0x0, 0x0,
    0x0, 0x0, 0x0, 0x3, 0xfa, 0x0, 0x0, 0x0,
    0x0, 0x0, 0x0, 0x5f, 0xe7, 0x43, 0x33, 0x33,
    0x30, 0x0, 0x2, 0xaf, 0xff, 0xff, 0xff, 0xf1,
    0x0, 0x0, 0x0, 0x12, 0x22, 0x22, 0x20,

    /* U+22F7 "⋷" */
    0x3, 0x44, 0x44, 0x44, 0x44, 0x0, 0xbf, 0xff,
    0xff, 0xff, 0xf0, 0x0, 0x0, 0x0, 0x0, 0x0,
    0x0, 0x1, 0x8c, 0xef, 0xff, 0xf0, 0x2, 0xed,
    0x75, 0x44, 0x44, 0x0, 0xbc, 0x0, 0x0, 0x0,
    0x0, 0xf, 0x84, 0x44, 0x44, 0x44, 0x1, 0xff,
    0xff, 0xff, 0xff, 0xf0, 0xf, 0x60, 0x0, 0x0,
    0x0, 0x0, 0xad, 0x10, 0x0, 0x0, 0x0, 0x1,
    0xdf, 0x97, 0x66, 0x66, 0x0, 0x0, 0x7b, 0xdd,
    0xdd, 0xd0,

    /* U+22F8 "⋸" */
    0x0, 0x0, 0x6b, 0xef, 0xff, 0xff, 0xf1, 0x0,
    0x2d, 0xfb, 0x87, 0x77, 0x77, 0x70, 0x1, 0xed,
    0x20, 0x0, 0x0, 0x0, 0x0, 0xb, 0xe1, 0x0,
    0x0, 0x0, 0x0, 0x0, 0x2f, 0x60, 0x0, 0x0,
    0x0, 0x0, 0x0, 0x6f, 0x0, 0x0, 0x0, 0x0,
    0x0, 0x0, 0x7f, 0xff, 0xff, 0xff, 0xff, 0xff,
    0xf1, 0x6f, 0x77, 0x77, 0x77, 0x77, 0x77, 0x70,
    0x3f, 0x40, 0x0, 0x0, 0x0, 0x0, 0x0, 0xc,
    0xc0, 0x0, 0x0, 0x0, 0x0, 0x0, 0x3, 0xfb,
    0x10, 0x0, 0x0, 0x0, 0x0, 0x0, 0x4e, 0xe9,
    0x55, 0x55, 0x55, 0x50, 0x0, 0x1, 0x8d, 0xff,
    0xff, 0xff, 0xf1, 0x0, 0x0, 0x0, 0x1, 0x11,
    0x11, 0x10, 0xf, 0xff, 0xff, 0xff, 0xff, 0xff,
    0xf1, 0x7, 0x77, 0x77, 0x77, 0x77, 0x77, 0x70,

    /* U+22F9 "⋹" */
    0x0, 0x0, 0x5b, 0xef, 0xff, 0xff, 0xf2, 0x0,
    0x2d, 0xfb, 0x87, 0x77, 0x77, 0x71, 0x1, 0xee,
    0x30, 0x0, 0x0, 0x0, 0x0, 0xa, 0xf2, 0x0,
    0x0, 0x0, 0x0, 0x0, 0x1f, 0xb5, 0x55, 0x55,
    0x55, 0x55, 0x50, 0x5f, 0xff, 0xff, 0xff, 0xff,
    0xff, 0xf2, 0x6f, 0x11, 0x11, 0x11, 0x11, 0x11,
    0x10, 0x5f, 0x77, 0x77, 0x77, 0x77, 0x77, 0x71,
    0x2f, 0xff, 0xff, 0xff, 0xff, 0xff, 0xf2, 0xc,
    0xc0, 0x0, 0x0, 0x0, 0x0, 0x0, 0x3, 0xfa,
    0x0, 0x0, 0x0, 0x0, 0x0, 0x0, 0x5f, 0xe7,
    0x43, 0x33, 0x33, 0x30, 0x0, 0x2, 0x9f, 0xff,
    0xff, 0xff, 0xf2, 0x0, 0x0, 0x0, 0x12, 0x22,
    0x22, 0x20,

    /* U+22FA "⋺" */
    0x3f, 0xff, 0xff, 0xfd, 0xb5, 0x0, 0x0, 0x0,
    0x0, 0x17, 0x77, 0x77, 0x78, 0xcf, 0xc1, 0x0,
    0x0, 0x0, 0x0, 0x0, 0x0, 0x0, 0x4, 0xed,
    0x0, 0x0, 0x0, 0x0, 0x0, 0x0, 0x0, 0x0,
    0x3f, 0x80, 0x0, 0x0, 0x0, 0x0, 0x0, 0x0,
    0x0, 0x8, 0xf0, 0x0, 0x0, 0x1, 0x11, 0x11,
    0x11, 0x11, 0x14, 0xf4, 0x11, 0x10, 0x3f, 0xff,
    0xff, 0xff, 0xff, 0xff, 0xff, 0xff, 0xf3, 0x15,
    0x55, 0x55, 0x55, 0x55, 0x56, 0xf7, 0x55, 0x51,
    0x0, 0x0, 0x0, 0x0, 0x0, 0x6, 0xf1, 0x0,
    0x0, 0x0, 0x0, 0x0, 0x0, 0x0, 0x1e, 0xa0,
    0x0, 0x0, 0x0, 0x0, 0x0, 0x0, 0x1, 0xcf,
    0x20, 0x0, 0x0, 0x3, 0x33, 0x33, 0x34, 0x8e,
    0xe4, 0x0, 0x0, 0x0, 0x3f, 0xff, 0xff, 0xff,
    0xe9, 0x10, 0x0, 0x0, 0x0, 0x2, 0x22, 0x22,
    0x21, 0x0, 0x0, 0x0, 0x0, 0x0,

    /* U+22FB "⋻" */
    0x7f, 0xff, 0xff, 0xfd, 0xa3, 0x0, 0x0, 0x37,
    0x77, 0x77, 0x79, 0xef, 0x90, 0x0, 0x0, 0x0,
    0x0, 0x0, 0x7, 0xfa, 0x0, 0x13, 0x0, 0x0,
    0x0, 0x0, 0x7f, 0x50, 0x7f, 0x0, 0x0, 0x0,
    0x0, 0xd, 0xb0, 0x7f, 0x0, 0x0, 0x0, 0x0,
    0x7, 0xf0, 0x7f, 0xee, 0xee, 0xee, 0xee, 0xee,
    0xf1, 0x7f, 0x88, 0x88, 0x88, 0x88, 0x8b, 0xf0,
    0x7f, 0x0, 0x0, 0x0, 0x0, 0x9, 0xd0, 0x6d,
    0x0, 0x0, 0x0, 0x0, 0x2f, 0x60, 0x0, 0x0,
    0x0, 0x0, 0x2, 0xdc, 0x0, 0x13, 0x33, 0x33,
    0x35, 0x9f, 0xc1, 0x0, 0x7f, 0xff, 0xff, 0xff,
    0xd7, 0x0, 0x0, 0x12, 0x22, 0x22, 0x20, 0x0,
    0x0, 0x0,

    /* U+22FC "⋼" */
    0x1f, 0xff, 0xfe, 0xc8, 0x10, 0x0, 0x44, 0x44,
    0x58, 0xee, 0x10, 0x1c, 0x10, 0x0, 0x0, 0xda,
    0x1, 0xf5, 0x44, 0x44, 0x49, 0xe0, 0x1f, 0xff,
    0xff, 0xff, 0xff, 0x1, 0xf2, 0x0, 0x0, 0x7,
    0xe0, 0x8, 0x10, 0x0, 0x1, 0xe9, 0x0, 0x66,
    0x66, 0x69, 0xed, 0x10, 0x1d, 0xdd, 0xdd, 0xb6,
    0x0, 0x0,

    /* U+22FD "⋽" */
    0x48, 0x88, 0x88, 0x88, 0x88, 0x88, 0x40, 0x7e,
    0xee, 0xee, 0xee, 0xee, 0xee, 0x70, 0x0, 0x0,
    0x0, 0x0, 0x0, 0x0, 0x0, 0x8f, 0xff, 0xff,
    0xfd, 0x93, 0x0, 0x0, 0x37, 0x77, 0x77, 0x79,
    0xef, 0x90, 0x0, 0x0, 0x0, 0x0, 0x0, 0x7,
    0xf9, 0x0, 0x0, 0x0, 0x0, 0x0, 0x0, 0x7f,
    0x40, 0x0, 0x0, 0x0, 0x0, 0x0, 0xd, 0xa0,
    0x1, 0x11, 0x11, 0x11, 0x11, 0x18, 0xe0, 0x8f,
    0xff, 0xff, 0xff, 0xff, 0xff, 0xf0, 0x25, 0x55,
    0x55, 0x55, 0x55, 0x59, 0xf0, 0x0, 0x0, 0x0,
    0x0, 0x0, 0xb, 0xc0, 0x0, 0x0, 0x0, 0x0,
    0x0, 0x3f, 0x50, 0x0, 0x0, 0x0, 0x0, 0x3,
    0xeb, 0x0, 0x13, 0x33, 0x33, 0x35, 0xaf, 0xc1,
    0x0, 0x8f, 0xff, 0xff, 0xff, 0xd6, 0x0, 0x0,
    0x12, 0x22, 0x22, 0x20, 0x0, 0x0, 0x0,

    /* U+22FE "⋾" */
    0x4, 0x44, 0x44, 0x44, 0x42, 0x1, 0xff, 0xff,
    0xff, 0xff, 0xa0, 0x0, 0x0, 0x0, 0x0, 0x0,
    0x1, 0xff, 0xff, 0xec, 0x81, 0x0, 0x4, 0x44,
    0x45, 0x8e, 0xe1, 0x0, 0x0, 0x0, 0x0, 0xd,
    0xa0, 0x3, 0x33, 0x33, 0x33, 0x9e, 0x1, 0xff,
    0xff, 0xff, 0xff, 0xf0, 0x0, 0x0, 0x0, 0x0,
    0x7e, 0x0, 0x0, 0x0, 0x0, 0x1e, 0x90, 0x6,
    0x66, 0x67, 0x9e, 0xd1, 0x1, 0xdd, 0xdd, 0xdb,
    0x60, 0x0,

    /* U+22FF "⋿" */
    0x1f, 0xff, 0xff, 0xff, 0xff, 0xff, 0xb1, 0xfb,
    0x88, 0x88, 0x88, 0x88, 0x86, 0x1f, 0x60, 0x0,
    0x0, 0x0, 0x0, 0x1, 0xf6, 0x0, 0x0, 0x0,
    0x0, 0x0, 0x1f, 0x60, 0x0, 0x0, 0x0, 0x0,
    0x1, 0xf7, 0x0, 0x0, 0x0, 0x0, 0x0, 0x1f,
    0xff, 0xff, 0xff, 0xff, 0xff, 0xc1, 0xfa, 0x77,
    0x77, 0x77, 0x77, 0x75, 0x1f, 0x60, 0x0, 0x0,
    0x0, 0x0, 0x1, 0xf6, 0x0, 0x0, 0x0, 0x0,
    0x0, 0x1f, 0x60, 0x0, 0x0, 0x0, 0x0, 0x1,
    0xfb, 0x88, 0x88, 0x88, 0x88, 0x86, 0x1f, 0xff,
    0xff, 0xff, 0xff, 0xff, 0xc0,

    /* U+2300 "⌀" */
    0x0, 0x0, 0x12, 0x0, 0x1, 0x0, 0x3, 0xcf,
    0xff, 0xa7, 0xe0, 0x3, 0xfa, 0x21, 0x3d, 0xf6,
    0x0, 0xd9, 0x0, 0x6, 0xfd, 0xa0, 0x2f, 0x10,
    0x6, 0xf5, 0x4f, 0x4, 0xf0, 0x6, 0xf5, 0x2,
    0xf1, 0x2f, 0x16, 0xf5, 0x0, 0x4f, 0x0, 0xdc,
    0xf5, 0x0, 0xb, 0xb0, 0x8, 0xfc, 0x20, 0x2b,
    0xe2, 0x1, 0xf7, 0xcf, 0xff, 0xc2, 0x0, 0x1,
    0x0, 0x13, 0x10, 0x0, 0x0,

    /* U+2301 "⌁" */
    0x30, 0x3, 0x91, 0x0, 0xf, 0xa1, 0x3f, 0xe6,
    0x0, 0x7f, 0xfa, 0xfc, 0xfc, 0x30, 0x1a, 0xfe,
    0x5, 0xeb, 0x0, 0x3, 0xb0, 0x0, 0x40, 0x0,
    0x0, 0x0, 0x0,

    /* U+2302 "⌂" */
    0x0, 0x0, 0x42, 0x0, 0x0, 0x0, 0x4, 0xfe,
    0x10, 0x0, 0x0, 0x3f, 0x8b, 0xd1, 0x0, 0x2,
    0xe9, 0x0, 0xcc, 0x0, 0x1e, 0xb0, 0x0, 0x1d,
    0xb0, 0x8f, 0x0, 0x0, 0x3, 0xf4, 0x8e, 0x0,
    0x0, 0x2, 0xf5, 0x8e, 0x0, 0x0, 0x2, 0xf5,
    0x8e, 0x0, 0x0, 0x2, 0xf5, 0x8f, 0x88, 0x88,
    0x89, 0xf5, 0x8f, 0xff, 0xff, 0xff, 0xf5,

    /* U+2303 "⌃" */
    0x0, 0x0, 0x20, 0x0, 0x0, 0x0, 0x8f, 0x90,
    0x0, 0x0, 0x8f, 0xff, 0x90, 0x0, 0x8f, 0x90,
    0x8f, 0x90, 0x1e, 0x90, 0x0, 0x8f, 0x20, 0x10,
    0x0, 0x0, 0x10,

    /* U+2304 "⌄" */
    0x3, 0x0, 0x0, 0x3, 0x1, 0xfb, 0x0, 0xa,
    0xf2, 0x5, 0xfb, 0x2a, 0xf6, 0x0, 0x5, 0xff,
    0xf6, 0x0, 0x0, 0x5, 0xf6, 0x0, 0x0,

    /* U+2305 "⌅" */
    0x4, 0x44, 0x44, 0x44, 0x21, 0xff, 0xff, 0xff,
    0xf7, 0x3, 0x33, 0x33, 0x33, 0x10, 0x0, 0x4,
    0x10, 0x0, 0x0, 0x7, 0xfc, 0x10, 0x0, 0x7,
    0xfd, 0xfc, 0x10, 0x7, 0xf9, 0x4, 0xfc, 0x10,
    0xc9, 0x0, 0x4, 0xe3, 0x0, 0x0, 0x0, 0x0,
    0x0,

    /* U+2306 "⌆" */
    0x4, 0x44, 0x44, 0x44, 0x11, 0xff, 0xff, 0xff,
    0xf7, 0x3, 0x33, 0x33, 0x33, 0x11, 0xff, 0xff,
    0xff, 0xf7, 0x8, 0x88, 0x88, 0x88, 0x40, 0x0,
    0x4, 0x10, 0x0, 0x0, 0x7, 0xfc, 0x10, 0x0,
    0x7, 0xfd, 0xfc, 0x10, 0x7, 0xf9, 0x4, 0xfc,
    0x10, 0xc9, 0x0, 0x4, 0xe3, 0x0, 0x0, 0x0,
    0x0, 0x0,

    /* U+2307 "⌇" */
    0x0, 0x0, 0x0, 0xa8, 0x0, 0x2f, 0x70, 0x2,
    0xf7, 0x0, 0xb, 0xf3, 0x0, 0x1e, 0xc0, 0x0,
    0x8f, 0x0, 0x1e, 0xb0, 0xc, 0xf2, 0x2, 0xf6,
    0x0, 0x1f, 0x80, 0x0, 0x9f, 0x40, 0x0, 0xdd,
    0x0, 0x9, 0xf0, 0x0, 0xea, 0x0, 0x2, 0x10,

    /* U+27E8 "⟨" */
    0x0, 0xd, 0x60, 0x5, 0xf2, 0x0, 0xad, 0x0,
    0xe, 0x80, 0x4, 0xf3, 0x0, 0x9e, 0x0, 0xe,
    0x90, 0x3, 0xf4, 0x0, 0x4f, 0x30, 0x0, 0xf8,
    0x0, 0xa, 0xd0, 0x0, 0x5f, 0x20, 0x0, 0xf7,
    0x0, 0xb, 0xc0, 0x0, 0x6f, 0x10, 0x1, 0xf5,
    0x0, 0x2, 0x10,

    /* U+27E9 "⟩" */
    0x5d, 0x10, 0x2, 0xf5, 0x0, 0xd, 0xa0, 0x0,
    0x8f, 0x0, 0x3, 0xf4, 0x0, 0xe, 0x90, 0x0,
    0x9e, 0x0, 0x4, 0xf3, 0x0, 0x3f, 0x40, 0x8,
    0xf0, 0x0, 0xcb, 0x0, 0x1f, 0x60, 0x6, 0xf1,
    0x0, 0xbc, 0x0, 0x1f, 0x70, 0x5, 0xf2, 0x0,
    0x12, 0x0, 0x0
};


/*---------------------
 *  GLYPH DESCRIPTION
 *--------------------*/

static const lv_font_fmt_txt_glyph_dsc_t glyph_dsc[] = {
    {.bitmap_index = 0, .adv_w = 0, .box_w = 0, .box_h = 0, .ofs_x = 0, .ofs_y = 0} /* id = 0 reserved */,
    {.bitmap_index = 0, .adv_w = 92, .box_w = 0, .box_h = 0, .ofs_x = 0, .ofs_y = 0},
    {.bitmap_index = 0, .adv_w = 115, .box_w = 3, .box_h = 13, .ofs_x = 2, .ofs_y = 0},
    {.bitmap_index = 20, .adv_w = 132, .box_w = 6, .box_h = 5, .ofs_x = 1, .ofs_y = 8},
    {.bitmap_index = 35, .adv_w = 241, .box_w = 13, .box_h = 13, .ofs_x = 1, .ofs_y = 0},
    {.bitmap_index = 120, .adv_w = 183, .box_w = 9, .box_h = 17, .ofs_x = 1, .ofs_y = -3},
    {.bitmap_index = 197, .adv_w = 274, .box_w = 16, .box_h = 13, .ofs_x = 1, .ofs_y = 0},
    {.bitmap_index = 301, .adv_w = 225, .box_w = 13, .box_h = 13, .ofs_x = 1, .ofs_y = 0},
    {.bitmap_index = 386, .adv_w = 79, .box_w = 3, .box_h = 5, .ofs_x = 1, .ofs_y = 8},
    {.bitmap_index = 394, .adv_w = 112, .box_w = 5, .box_h = 16, .ofs_x = 1, .ofs_y = -2},
    {.bitmap_index = 434, .adv_w = 112, .box_w = 5, .box_h = 16, .ofs_x = 1, .ofs_y = -2},
    {.bitmap_index = 474, .adv_w = 144, .box_w = 9, .box_h = 9, .ofs_x = 0, .ofs_y = 4},
    {.bitmap_index = 515, .adv_w = 241, .box_w = 13, .box_h = 12, .ofs_x = 1, .ofs_y = 0},
    {.bitmap_index = 593, .adv_w = 92, .box_w = 3, .box_h = 5, .ofs_x = 1, .ofs_y = -2},
    {.bitmap_index = 601, .adv_w = 104, .box_w = 6, .box_h = 3, .ofs_x = 0, .ofs_y = 3},
    {.bitmap_index = 610, .adv_w = 92, .box_w = 3, .box_h = 3, .ofs_x = 1, .ofs_y = 0},
    {.bitmap_index = 615, .adv_w = 97, .box_w = 7, .box_h = 15, .ofs_x = 0, .ofs_y = -2},
    {.bitmap_index = 668, .adv_w = 183, .box_w = 10, .box_h = 13, .ofs_x = 1, .ofs_y = 0},
    {.bitmap_index = 733, .adv_w = 183, .box_w = 9, .box_h = 13, .ofs_x = 1, .ofs_y = 0},
    {.bitmap_index = 792, .adv_w = 183, .box_w = 9, .box_h = 13, .ofs_x = 1, .ofs_y = 0},
    {.bitmap_index = 851, .adv_w = 183, .box_w = 10, .box_h = 13, .ofs_x = 1, .ofs_y = 0},
    {.bitmap_index = 916, .adv_w = 183, .box_w = 11, .box_h = 13, .ofs_x = 0, .ofs_y = 0},
    {.bitmap_index = 988, .adv_w = 183, .box_w = 9, .box_h = 13, .ofs_x = 1, .ofs_y = 0},
    {.bitmap_index = 1047, .adv_w = 183, .box_w = 10, .box_h = 13, .ofs_x = 1, .ofs_y = 0},
    {.bitmap_index = 1112, .adv_w = 183, .box_w = 9, .box_h = 13, .ofs_x = 1, .ofs_y = 0},
    {.bitmap_index = 1171, .adv_w = 183, .box_w = 10, .box_h = 13, .ofs_x = 1, .ofs_y = 0},
    {.bitmap_index = 1236, .adv_w = 183, .box_w = 10, .box_h = 13, .ofs_x = 1, .ofs_y = 0},
    {.bitmap_index = 1301, .adv_w = 97, .box_w = 2, .box_h = 10, .ofs_x = 2, .ofs_y = 0},
    {.bitmap_index = 1311, .adv_w = 97, .box_w = 3, .box_h = 12, .ofs_x = 1, .ofs_y = -2},
    {.bitmap_index = 1329, .adv_w = 241, .box_w = 13, .box_h = 11, .ofs_x = 1, .ofs_y = 0},
    {.bitmap_index = 1401, .adv_w = 241, .box_w = 13, .box_h = 7, .ofs_x = 1, .ofs_y = 2},
    {.bitmap_index = 1447, .adv_w = 241, .box_w = 13, .box_h = 11, .ofs_x = 1, .ofs_y = 0},
    {.bitmap_index = 1519, .adv_w = 153, .box_w = 8, .box_h = 13, .ofs_x = 1, .ofs_y = 0},
    {.bitmap_index = 1571, .adv_w = 288, .box_w = 16, .box_h = 17, .ofs_x = 1, .ofs_y = -4},
    {.bitmap_index = 1707, .adv_w = 197, .box_w = 13, .box_h = 13, .ofs_x = 0, .ofs_y = 0},
    {.bitmap_index = 1792, .adv_w = 198, .box_w = 11, .box_h = 13, .ofs_x = 1, .ofs_y = 0},
    {.bitmap_index = 1864, .adv_w = 201, .box_w = 11, .box_h = 13, .ofs_x = 1, .ofs_y = 0},
    {.bitmap_index = 1936, .adv_w = 222, .box_w = 12, .box_h = 13, .ofs_x = 1, .ofs_y = 0},
    {.bitmap_index = 2014, .adv_w = 182, .box_w = 10, .box_h = 13, .ofs_x = 1, .ofs_y = 0},
    {.bitmap_index = 2079, .adv_w = 166, .box_w = 9, .box_h = 13, .ofs_x = 1, .ofs_y = 0},
    {.bitmap_index = 2138, .adv_w = 223, .box_w = 12, .box_h = 13, .ofs_x = 1, .ofs_y = 0},
    {.bitmap_index = 2216, .adv_w = 217, .box_w = 11, .box_h = 13, .ofs_x = 1, .ofs_y = 0},
    {.bitmap_index = 2288, .adv_w = 85, .box_w = 3, .box_h = 13, .ofs_x = 1, .ofs_y = 0},
    {.bitmap_index = 2308, .adv_w = 85, .box_w = 5, .box_h = 17, .ofs_x = -1, .ofs_y = -4},
    {.bitmap_index = 2351, .adv_w = 189, .box_w = 12, .box_h = 13, .ofs_x = 1, .ofs_y = 0},
    {.bitmap_index = 2429, .adv_w = 160, .box_w = 9, .box_h = 13, .ofs_x = 1, .ofs_y = 0},
    {.bitmap_index = 2488, .adv_w = 248, .box_w = 13, .box_h = 13, .ofs_x = 1, .ofs_y = 0},
    {.bitmap_index = 2573, .adv_w = 215, .box_w = 11, .box_h = 13, .ofs_x = 1, .ofs_y = 0},
    {.bitmap_index = 2645, .adv_w = 227, .box_w = 13, .box_h = 13, .ofs_x = 1, .ofs_y = 0},
    {.bitmap_index = 2730, .adv_w = 174, .box_w = 10, .box_h = 13, .ofs_x = 1, .ofs_y = 0},
    {.bitmap_index = 2795, .adv_w = 227, .box_w = 13, .box_h = 15, .ofs_x = 1, .ofs_y = -2},
    {.bitmap_index = 2893, .adv_w = 200, .box_w = 11, .box_h = 13, .ofs_x = 1, .ofs_y = 0},
    {.bitmap_index = 2965, .adv_w = 183, .box_w = 10, .box_h = 13, .ofs_x = 1, .ofs_y = 0},
    {.bitmap_index = 3030, .adv_w = 176, .box_w = 13, .box_h = 13, .ofs_x = -1, .ofs_y = 0},
    {.bitmap_index = 3115, .adv_w = 211, .box_w = 11, .box_h = 13, .ofs_x = 1, .ofs_y = 0},
    {.bitmap_index = 3187, .adv_w = 197, .box_w = 13, .box_h = 13, .ofs_x = 0, .ofs_y = 0},
    {.bitmap_index = 3272, .adv_w = 285, .box_w = 18, .box_h = 13, .ofs_x = 0, .ofs_y = 0},
    {.bitmap_index = 3389, .adv_w = 197, .box_w = 12, .box_h = 13, .ofs_x = 0, .ofs_y = 0},
    {.bitmap_index = 3467, .adv_w = 176, .box_w = 13, .box_h = 13, .ofs_x = -1, .ofs_y = 0},
    {.bitmap_index = 3552, .adv_w = 197, .box_w = 12, .box_h = 13, .ofs_x = 0, .ofs_y = 0},
    {.bitmap_index = 3630, .adv_w = 112, .box_w = 5, .box_h = 17, .ofs_x = 1, .ofs_y = -3},
    {.bitmap_index = 3673, .adv_w = 97, .box_w = 7, .box_h = 15, .ofs_x = 0, .ofs_y = -2},
    {.bitmap_index = 3726, .adv_w = 112, .box_w = 5, .box_h = 17, .ofs_x = 1, .ofs_y = -3},
    {.bitmap_index = 3769, .adv_w = 241, .box_w = 13, .box_h = 5, .ofs_x = 1, .ofs_y = 8},
    {.bitmap_index = 3802, .adv_w = 144, .box_w = 11, .box_h = 3, .ofs_x = -1, .ofs_y = -5},
    {.bitmap_index = 3819, .adv_w = 144, .box_w = 5, .box_h = 4, .ofs_x = 1, .ofs_y = 11},
    {.bitmap_index = 3829, .adv_w = 176, .box_w = 9, .box_h = 10, .ofs_x = 1, .ofs_y = 0},
    {.bitmap_index = 3874, .adv_w = 183, .box_w = 10, .box_h = 14, .ofs_x = 1, .ofs_y = 0},
    {.bitmap_index = 3944, .adv_w = 158, .box_w = 8, .box_h = 10, .ofs_x = 1, .ofs_y = 0},
    {.bitmap_index = 3984, .adv_w = 183, .box_w = 9, .box_h = 14, .ofs_x = 1, .ofs_y = 0},
    {.bitmap_index = 4047, .adv_w = 177, .box_w = 10, .box_h = 10, .ofs_x = 1, .ofs_y = 0},
    {.bitmap_index = 4097, .adv_w = 101, .box_w = 7, .box_h = 14, .ofs_x = 0, .ofs_y = 0},
    {.bitmap_index = 4146, .adv_w = 183, .box_w = 9, .box_h = 14, .ofs_x = 1, .ofs_y = -4},
    {.bitmap_index = 4209, .adv_w = 183, .box_w = 9, .box_h = 14, .ofs_x = 1, .ofs_y = 0},
    {.bitmap_index = 4272, .adv_w = 80, .box_w = 3, .box_h = 14, .ofs_x = 1, .ofs_y = 0},
    {.bitmap_index = 4293, .adv_w = 80, .box_w = 5, .box_h = 18, .ofs_x = -1, .ofs_y = -4},
    {.bitmap_index = 4338, .adv_w = 167, .box_w = 10, .box_h = 14, .ofs_x = 1, .ofs_y = 0},
    {.bitmap_index = 4408, .adv_w = 80, .box_w = 3, .box_h = 14, .ofs_x = 1, .ofs_y = 0},
    {.bitmap_index = 4429, .adv_w = 281, .box_w = 15, .box_h = 10, .ofs_x = 1, .ofs_y = 0},
    {.bitmap_index = 4504, .adv_w = 183, .box_w = 9, .box_h = 10, .ofs_x = 1, .ofs_y = 0},
    {.bitmap_index = 4549, .adv_w = 176, .box_w = 10, .box_h = 10, .ofs_x = 1, .ofs_y = 0},
    {.bitmap_index = 4599, .adv_w = 183, .box_w = 10, .box_h = 14, .ofs_x = 1, .ofs_y = -4},
    {.bitmap_index = 4669, .adv_w = 183, .box_w = 9, .box_h = 14, .ofs_x = 1, .ofs_y = -4},
    {.bitmap_index = 4732, .adv_w = 118, .box_w = 7, .box_h = 11, .ofs_x = 1, .ofs_y = 0},
    {.bitmap_index = 4771, .adv_w = 150, .box_w = 9, .box_h = 10, .ofs_x = 0, .ofs_y = 0},
    {.bitmap_index = 4816, .adv_w = 113, .box_w = 7, .box_h = 13, .ofs_x = 0, .ofs_y = 0},
    {.bitmap_index = 4862, .adv_w = 183, .box_w = 9, .box_h = 10, .ofs_x = 1, .ofs_y = 0},
    {.bitmap_index = 4907, .adv_w = 170, .box_w = 11, .box_h = 10, .ofs_x = 0, .ofs_y = 0},
    {.bitmap_index = 4962, .adv_w = 236, .box_w = 14, .box_h = 10, .ofs_x = 0, .ofs_y = 0},
    {.bitmap_index = 5032, .adv_w = 170, .box_w = 11, .box_h = 10, .ofs_x = 0, .ofs_y = 0},
    {.bitmap_index = 5087, .adv_w = 170, .box_w = 11, .box_h = 14, .ofs_x = 0, .ofs_y = -4},
    {.bitmap_index = 5164, .adv_w = 151, .box_w = 9, .box_h = 10, .ofs_x = 0, .ofs_y = 0},
    {.bitmap_index = 5209, .adv_w = 183, .box_w = 8, .box_h = 17, .ofs_x = 2, .ofs_y = -3},
    {.bitmap_index = 5277, .adv_w = 97, .box_w = 2, .box_h = 18, .ofs_x = 2, .ofs_y = -4},
    {.bitmap_index = 5295, .adv_w = 183, .box_w = 8, .box_h = 17, .ofs_x = 2, .ofs_y = -3},
    {.bitmap_index = 5363, .adv_w = 241, .box_w = 13, .box_h = 4, .ofs_x = 1, .ofs_y = 4},
    {.bitmap_index = 5389, .adv_w = 144, .box_w = 7, .box_h = 6, .ofs_x = 1, .ofs_y = 7},
    {.bitmap_index = 5410, .adv_w = 241, .box_w = 13, .box_h = 12, .ofs_x = 1, .ofs_y = 0},
    {.bitmap_index = 5488, .adv_w = 115, .box_w = 7, .box_h = 8, .ofs_x = 0, .ofs_y = 6},
    {.bitmap_index = 5516, .adv_w = 115, .box_w = 7, .box_h = 8, .ofs_x = 0, .ofs_y = 6},
    {.bitmap_index = 5544, .adv_w = 92, .box_w = 3, .box_h = 3, .ofs_x = 1, .ofs_y = 5},
    {.bitmap_index = 5549, .adv_w = 115, .box_w = 6, .box_h = 8, .ofs_x = 1, .ofs_y = 6},
    {.bitmap_index = 5573, .adv_w = 279, .box_w = 16, .box_h = 14, .ofs_x = 1, .ofs_y = 0},
    {.bitmap_index = 5685, .adv_w = 279, .box_w = 16, .box_h = 13, .ofs_x = 1, .ofs_y = 0},
    {.bitmap_index = 5789, .adv_w = 279, .box_w = 17, .box_h = 14, .ofs_x = 0, .ofs_y = 0},
    {.bitmap_index = 5908, .adv_w = 241, .box_w = 11, .box_h = 11, .ofs_x = 2, .ofs_y = 0},
    {.bitmap_index = 5969, .adv_w = 241, .box_w = 13, .box_h = 9, .ofs_x = 1, .ofs_y = 1},
    {.bitmap_index = 6028, .adv_w = 197, .box_w = 13, .box_h = 13, .ofs_x = 0, .ofs_y = 0},
    {.bitmap_index = 6113, .adv_w = 198, .box_w = 11, .box_h = 13, .ofs_x = 1, .ofs_y = 0},
    {.bitmap_index = 6185, .adv_w = 160, .box_w = 9, .box_h = 13, .ofs_x = 1, .ofs_y = 0},
    {.bitmap_index = 6244, .adv_w = 197, .box_w = 13, .box_h = 13, .ofs_x = 0, .ofs_y = 0},
    {.bitmap_index = 6329, .adv_w = 182, .box_w = 10, .box_h = 13, .ofs_x = 1, .ofs_y = 0},
    {.bitmap_index = 6394, .adv_w = 197, .box_w = 12, .box_h = 13, .ofs_x = 0, .ofs_y = 0},
    {.bitmap_index = 6472, .adv_w = 217, .box_w = 11, .box_h = 13, .ofs_x = 1, .ofs_y = 0},
    {.bitmap_index = 6544, .adv_w = 227, .box_w = 13, .box_h = 13, .ofs_x = 1, .ofs_y = 0},
    {.bitmap_index = 6629, .adv_w = 85, .box_w = 3, .box_h = 13, .ofs_x = 1, .ofs_y = 0},
    {.bitmap_index = 6649, .adv_w = 189, .box_w = 12, .box_h = 13, .ofs_x = 1, .ofs_y = 0},
    {.bitmap_index = 6727, .adv_w = 197, .box_w = 13, .box_h = 13, .ofs_x = 0, .ofs_y = 0},
    {.bitmap_index = 6812, .adv_w = 248, .box_w = 13, .box_h = 13, .ofs_x = 1, .ofs_y = 0},
    {.bitmap_index = 6897, .adv_w = 215, .box_w = 11, .box_h = 13, .ofs_x = 1, .ofs_y = 0},
    {.bitmap_index = 6969, .adv_w = 182, .box_w = 9, .box_h = 13, .ofs_x = 1, .ofs_y = 0},
    {.bitmap_index = 7028, .adv_w = 227, .box_w = 13, .box_h = 13, .ofs_x = 1, .ofs_y = 0},
    {.bitmap_index = 7113, .adv_w = 217, .box_w = 11, .box_h = 13, .ofs_x = 1, .ofs_y = 0},
    {.bitmap_index = 7185, .adv_w = 174, .box_w = 10, .box_h = 13, .ofs_x = 1, .ofs_y = 0},
    {.bitmap_index = 7250, .adv_w = 182, .box_w = 10, .box_h = 13, .ofs_x = 1, .ofs_y = 0},
    {.bitmap_index = 7315, .adv_w = 176, .box_w = 13, .box_h = 13, .ofs_x = -1, .ofs_y = 0},
    {.bitmap_index = 7400, .adv_w = 176, .box_w = 13, .box_h = 13, .ofs_x = -1, .ofs_y = 0},
    {.bitmap_index = 7485, .adv_w = 227, .box_w = 13, .box_h = 13, .ofs_x = 1, .ofs_y = 0},
    {.bitmap_index = 7570, .adv_w = 197, .box_w = 12, .box_h = 13, .ofs_x = 0, .ofs_y = 0},
    {.bitmap_index = 7648, .adv_w = 227, .box_w = 13, .box_h = 13, .ofs_x = 1, .ofs_y = 0},
    {.bitmap_index = 7733, .adv_w = 220, .box_w = 14, .box_h = 13, .ofs_x = 0, .ofs_y = 0},
    {.bitmap_index = 7824, .adv_w = 85, .box_w = 6, .box_h = 16, .ofs_x = 0, .ofs_y = 0},
    {.bitmap_index = 7872, .adv_w = 176, .box_w = 13, .box_h = 16, .ofs_x = -1, .ofs_y = 0},
    {.bitmap_index = 7976, .adv_w = 190, .box_w = 10, .box_h = 15, .ofs_x = 1, .ofs_y = 0},
    {.bitmap_index = 8051, .adv_w = 156, .box_w = 8, .box_h = 15, .ofs_x = 1, .ofs_y = 0},
    {.bitmap_index = 8111, .adv_w = 183, .box_w = 9, .box_h = 18, .ofs_x = 1, .ofs_y = -4},
    {.bitmap_index = 8192, .adv_w = 97, .box_w = 5, .box_h = 15, .ofs_x = 1, .ofs_y = 0},
    {.bitmap_index = 8230, .adv_w = 167, .box_w = 9, .box_h = 18, .ofs_x = 1, .ofs_y = 0},
    {.bitmap_index = 8311, .adv_w = 190, .box_w = 10, .box_h = 10, .ofs_x = 1, .ofs_y = 0},
    {.bitmap_index = 8361, .adv_w = 184, .box_w = 10, .box_h = 18, .ofs_x = 1, .ofs_y = -4},
    {.bitmap_index = 8451, .adv_w = 170, .box_w = 11, .box_h = 14, .ofs_x = 0, .ofs_y = -4},
    {.bitmap_index = 8528, .adv_w = 176, .box_w = 10, .box_h = 13, .ofs_x = 1, .ofs_y = 0},
    {.bitmap_index = 8593, .adv_w = 156, .box_w = 8, .box_h = 10, .ofs_x = 1, .ofs_y = 0},
    {.bitmap_index = 8633, .adv_w = 157, .box_w = 9, .box_h = 18, .ofs_x = 0, .ofs_y = -4},
    {.bitmap_index = 8714, .adv_w = 183, .box_w = 9, .box_h = 14, .ofs_x = 1, .ofs_y = -4},
    {.bitmap_index = 8777, .adv_w = 176, .box_w = 10, .box_h = 14, .ofs_x = 1, .ofs_y = 0},
    {.bitmap_index = 8847, .adv_w = 97, .box_w = 5, .box_h = 10, .ofs_x = 1, .ofs_y = 0},
    {.bitmap_index = 8872, .adv_w = 170, .box_w = 10, .box_h = 10, .ofs_x = 1, .ofs_y = 0},
    {.bitmap_index = 8922, .adv_w = 170, .box_w = 11, .box_h = 14, .ofs_x = 0, .ofs_y = 0},
    {.bitmap_index = 8999, .adv_w = 183, .box_w = 11, .box_h = 14, .ofs_x = 1, .ofs_y = -4},
    {.bitmap_index = 9076, .adv_w = 161, .box_w = 10, .box_h = 10, .ofs_x = 0, .ofs_y = 0},
    {.bitmap_index = 9126, .adv_w = 161, .box_w = 10, .box_h = 18, .ofs_x = 0, .ofs_y = -4},
    {.bitmap_index = 9216, .adv_w = 176, .box_w = 10, .box_h = 10, .ofs_x = 1, .ofs_y = 0},
    {.bitmap_index = 9266, .adv_w = 173, .box_w = 11, .box_h = 10, .ofs_x = 0, .ofs_y = 0},
    {.bitmap_index = 9321, .adv_w = 183, .box_w = 10, .box_h = 14, .ofs_x = 1, .ofs_y = -4},
    {.bitmap_index = 9391, .adv_w = 169, .box_w = 8, .box_h = 14, .ofs_x = 1, .ofs_y = -4},
    {.bitmap_index = 9447, .adv_w = 183, .box_w = 10, .box_h = 10, .ofs_x = 1, .ofs_y = 0},
    {.bitmap_index = 9497, .adv_w = 173, .box_w = 10, .box_h = 10, .ofs_x = 0, .ofs_y = 0},
    {.bitmap_index = 9547, .adv_w = 167, .box_w = 9, .box_h = 10, .ofs_x = 1, .ofs_y = 0},
    {.bitmap_index = 9592, .adv_w = 190, .box_w = 11, .box_h = 14, .ofs_x = 0, .ofs_y = -4},
    {.bitmap_index = 9669, .adv_w = 166, .box_w = 10, .box_h = 14, .ofs_x = 0, .ofs_y = -4},
    {.bitmap_index = 9739, .adv_w = 190, .box_w = 11, .box_h = 14, .ofs_x = 0, .ofs_y = -4},
    {.bitmap_index = 9816, .adv_w = 241, .box_w = 13, .box_h = 10, .ofs_x = 1, .ofs_y = 0},
    {.bitmap_index = 9881, .adv_w = 115, .box_w = 7, .box_h = 8, .ofs_x = 0, .ofs_y = 6},
    {.bitmap_index = 9909, .adv_w = 115, .box_w = 7, .box_h = 8, .ofs_x = 0, .ofs_y = 6},
    {.bitmap_index = 9937, .adv_w = 115, .box_w = 7, .box_h = 8, .ofs_x = 0, .ofs_y = 6},
    {.bitmap_index = 9965, .adv_w = 115, .box_w = 7, .box_h = 8, .ofs_x = 0, .ofs_y = 6},
    {.bitmap_index = 9993, .adv_w = 115, .box_w = 7, .box_h = 8, .ofs_x = 0, .ofs_y = 6},
    {.bitmap_index = 10021, .adv_w = 115, .box_w = 7, .box_h = 8, .ofs_x = 0, .ofs_y = 6},
    {.bitmap_index = 10049, .adv_w = 115, .box_w = 7, .box_h = 8, .ofs_x = 0, .ofs_y = 6},
    {.bitmap_index = 10077, .adv_w = 115, .box_w = 7, .box_h = 8, .ofs_x = 0, .ofs_y = 0},
    {.bitmap_index = 10105, .adv_w = 115, .box_w = 6, .box_h = 8, .ofs_x = 1, .ofs_y = 0},
    {.bitmap_index = 10129, .adv_w = 115, .box_w = 7, .box_h = 8, .ofs_x = 0, .ofs_y = 0},
    {.bitmap_index = 10157, .adv_w = 115, .box_w = 7, .box_h = 8, .ofs_x = 0, .ofs_y = 0},
    {.bitmap_index = 10185, .adv_w = 115, .box_w = 7, .box_h = 8, .ofs_x = 0, .ofs_y = 0},
    {.bitmap_index = 10213, .adv_w = 115, .box_w = 7, .box_h = 8, .ofs_x = 0, .ofs_y = 0},
    {.bitmap_index = 10241, .adv_w = 115, .box_w = 7, .box_h = 8, .ofs_x = 0, .ofs_y = 0},
    {.bitmap_index = 10269, .adv_w = 115, .box_w = 7, .box_h = 8, .ofs_x = 0, .ofs_y = 0},
    {.bitmap_index = 10297, .adv_w = 115, .box_w = 7, .box_h = 8, .ofs_x = 0, .ofs_y = 0},
    {.bitmap_index = 10325, .adv_w = 115, .box_w = 7, .box_h = 8, .ofs_x = 0, .ofs_y = 0},
    {.bitmap_index = 10353, .adv_w = 241, .box_w = 15, .box_h = 9, .ofs_x = 0, .ofs_y = 1},
    {.bitmap_index = 10421, .adv_w = 241, .box_w = 9, .box_h = 14, .ofs_x = 3, .ofs_y = 0},
    {.bitmap_index = 10484, .adv_w = 241, .box_w = 14, .box_h = 9, .ofs_x = 1, .ofs_y = 1},
    {.bitmap_index = 10547, .adv_w = 241, .box_w = 9, .box_h = 15, .ofs_x = 3, .ofs_y = -1},
    {.bitmap_index = 10615, .adv_w = 241, .box_w = 15, .box_h = 9, .ofs_x = 0, .ofs_y = 1},
    {.bitmap_index = 10683, .adv_w = 241, .box_w = 9, .box_h = 15, .ofs_x = 3, .ofs_y = -1},
    {.bitmap_index = 10751, .adv_w = 241, .box_w = 11, .box_h = 11, .ofs_x = 2, .ofs_y = 0},
    {.bitmap_index = 10812, .adv_w = 241, .box_w = 11, .box_h = 11, .ofs_x = 2, .ofs_y = 0},
    {.bitmap_index = 10873, .adv_w = 241, .box_w = 11, .box_h = 11, .ofs_x = 2, .ofs_y = 0},
    {.bitmap_index = 10934, .adv_w = 241, .box_w = 11, .box_h = 11, .ofs_x = 2, .ofs_y = 0},
    {.bitmap_index = 10995, .adv_w = 241, .box_w = 15, .box_h = 9, .ofs_x = 0, .ofs_y = 1},
    {.bitmap_index = 11063, .adv_w = 241, .box_w = 14, .box_h = 9, .ofs_x = 1, .ofs_y = 1},
    {.bitmap_index = 11126, .adv_w = 241, .box_w = 15, .box_h = 6, .ofs_x = 0, .ofs_y = 2},
    {.bitmap_index = 11171, .adv_w = 241, .box_w = 15, .box_h = 6, .ofs_x = 0, .ofs_y = 2},
    {.bitmap_index = 11216, .adv_w = 241, .box_w = 15, .box_h = 9, .ofs_x = 0, .ofs_y = 1},
    {.bitmap_index = 11284, .adv_w = 241, .box_w = 9, .box_h = 14, .ofs_x = 3, .ofs_y = 0},
    {.bitmap_index = 11347, .adv_w = 241, .box_w = 14, .box_h = 9, .ofs_x = 1, .ofs_y = 1},
    {.bitmap_index = 11410, .adv_w = 241, .box_w = 9, .box_h = 15, .ofs_x = 3, .ofs_y = -1},
    {.bitmap_index = 11478, .adv_w = 241, .box_w = 15, .box_h = 9, .ofs_x = 0, .ofs_y = 1},
    {.bitmap_index = 11546, .adv_w = 241, .box_w = 14, .box_h = 9, .ofs_x = 1, .ofs_y = 1},
    {.bitmap_index = 11609, .adv_w = 241, .box_w = 15, .box_h = 9, .ofs_x = 0, .ofs_y = 1},
    {.bitmap_index = 11677, .adv_w = 241, .box_w = 9, .box_h = 14, .ofs_x = 3, .ofs_y = 0},
    {.bitmap_index = 11740, .adv_w = 241, .box_w = 14, .box_h = 9, .ofs_x = 1, .ofs_y = 1},
    {.bitmap_index = 11803, .adv_w = 241, .box_w = 9, .box_h = 15, .ofs_x = 3, .ofs_y = -1},
    {.bitmap_index = 11871, .adv_w = 241, .box_w = 9, .box_h = 14, .ofs_x = 3, .ofs_y = 0},
    {.bitmap_index = 11934, .adv_w = 241, .box_w = 15, .box_h = 10, .ofs_x = 0, .ofs_y = 1},
    {.bitmap_index = 12009, .adv_w = 241, .box_w = 14, .box_h = 10, .ofs_x = 1, .ofs_y = 1},
    {.bitmap_index = 12079, .adv_w = 241, .box_w = 15, .box_h = 10, .ofs_x = 0, .ofs_y = 1},
    {.bitmap_index = 12154, .adv_w = 241, .box_w = 14, .box_h = 10, .ofs_x = 1, .ofs_y = 1},
    {.bitmap_index = 12224, .adv_w = 241, .box_w = 15, .box_h = 9, .ofs_x = 0, .ofs_y = 1},
    {.bitmap_index = 12292, .adv_w = 241, .box_w = 15, .box_h = 9, .ofs_x = 0, .ofs_y = 1},
    {.bitmap_index = 12360, .adv_w = 241, .box_w = 11, .box_h = 15, .ofs_x = 2, .ofs_y = -1},
    {.bitmap_index = 12443, .adv_w = 241, .box_w = 9, .box_h = 14, .ofs_x = 3, .ofs_y = 0},
    {.bitmap_index = 12506, .adv_w = 241, .box_w = 10, .box_h = 14, .ofs_x = 3, .ofs_y = 0},
    {.bitmap_index = 12576, .adv_w = 241, .box_w = 9, .box_h = 15, .ofs_x = 3, .ofs_y = -1},
    {.bitmap_index = 12644, .adv_w = 241, .box_w = 10, .box_h = 15, .ofs_x = 3, .ofs_y = -1},
    {.bitmap_index = 12719, .adv_w = 241, .box_w = 10, .box_h = 11, .ofs_x = 4, .ofs_y = 0},
    {.bitmap_index = 12774, .adv_w = 241, .box_w = 11, .box_h = 11, .ofs_x = 1, .ofs_y = 1},
    {.bitmap_index = 12835, .adv_w = 241, .box_w = 15, .box_h = 10, .ofs_x = 0, .ofs_y = 3},
    {.bitmap_index = 12910, .adv_w = 241, .box_w = 15, .box_h = 10, .ofs_x = 0, .ofs_y = 3},
    {.bitmap_index = 12985, .adv_w = 241, .box_w = 14, .box_h = 13, .ofs_x = 1, .ofs_y = 0},
    {.bitmap_index = 13076, .adv_w = 241, .box_w = 15, .box_h = 14, .ofs_x = 0, .ofs_y = -1},
    {.bitmap_index = 13181, .adv_w = 241, .box_w = 13, .box_h = 12, .ofs_x = 1, .ofs_y = 1},
    {.bitmap_index = 13259, .adv_w = 241, .box_w = 13, .box_h = 12, .ofs_x = 1, .ofs_y = 1},
    {.bitmap_index = 13337, .adv_w = 241, .box_w = 15, .box_h = 6, .ofs_x = 0, .ofs_y = 4},
    {.bitmap_index = 13382, .adv_w = 241, .box_w = 15, .box_h = 6, .ofs_x = 0, .ofs_y = 1},
    {.bitmap_index = 13427, .adv_w = 241, .box_w = 6, .box_h = 14, .ofs_x = 6, .ofs_y = 0},
    {.bitmap_index = 13469, .adv_w = 241, .box_w = 6, .box_h = 14, .ofs_x = 3, .ofs_y = 0},
    {.bitmap_index = 13511, .adv_w = 241, .box_w = 14, .box_h = 6, .ofs_x = 1, .ofs_y = 4},
    {.bitmap_index = 13553, .adv_w = 241, .box_w = 14, .box_h = 6, .ofs_x = 1, .ofs_y = 1},
    {.bitmap_index = 13595, .adv_w = 241, .box_w = 6, .box_h = 14, .ofs_x = 6, .ofs_y = 0},
    {.bitmap_index = 13637, .adv_w = 241, .box_w = 6, .box_h = 14, .ofs_x = 3, .ofs_y = 0},
    {.bitmap_index = 13679, .adv_w = 241, .box_w = 15, .box_h = 14, .ofs_x = 0, .ofs_y = -1},
    {.bitmap_index = 13784, .adv_w = 241, .box_w = 15, .box_h = 15, .ofs_x = 0, .ofs_y = -1},
    {.bitmap_index = 13897, .adv_w = 241, .box_w = 15, .box_h = 14, .ofs_x = 0, .ofs_y = -1},
    {.bitmap_index = 14002, .adv_w = 241, .box_w = 15, .box_h = 14, .ofs_x = 0, .ofs_y = -1},
    {.bitmap_index = 14107, .adv_w = 241, .box_w = 15, .box_h = 14, .ofs_x = 0, .ofs_y = 0},
    {.bitmap_index = 14212, .adv_w = 241, .box_w = 14, .box_h = 14, .ofs_x = 1, .ofs_y = -1},
    {.bitmap_index = 14310, .adv_w = 241, .box_w = 15, .box_h = 15, .ofs_x = 0, .ofs_y = -1},
    {.bitmap_index = 14423, .adv_w = 241, .box_w = 15, .box_h = 13, .ofs_x = 0, .ofs_y = -1},
    {.bitmap_index = 14521, .adv_w = 241, .box_w = 15, .box_h = 13, .ofs_x = 0, .ofs_y = -1},
    {.bitmap_index = 14619, .adv_w = 241, .box_w = 15, .box_h = 8, .ofs_x = 0, .ofs_y = 2},
    {.bitmap_index = 14679, .adv_w = 241, .box_w = 15, .box_h = 9, .ofs_x = 0, .ofs_y = 1},
    {.bitmap_index = 14747, .adv_w = 241, .box_w = 14, .box_h = 8, .ofs_x = 1, .ofs_y = 2},
    {.bitmap_index = 14803, .adv_w = 241, .box_w = 15, .box_h = 8, .ofs_x = 0, .ofs_y = 2},
    {.bitmap_index = 14863, .adv_w = 241, .box_w = 9, .box_h = 14, .ofs_x = 3, .ofs_y = 0},
    {.bitmap_index = 14926, .adv_w = 241, .box_w = 14, .box_h = 8, .ofs_x = 1, .ofs_y = 2},
    {.bitmap_index = 14982, .adv_w = 241, .box_w = 9, .box_h = 15, .ofs_x = 3, .ofs_y = -1},
    {.bitmap_index = 15050, .adv_w = 241, .box_w = 15, .box_h = 8, .ofs_x = 0, .ofs_y = 2},
    {.bitmap_index = 15110, .adv_w = 197, .box_w = 13, .box_h = 14, .ofs_x = 0, .ofs_y = 0},
    {.bitmap_index = 15201, .adv_w = 183, .box_w = 9, .box_h = 15, .ofs_x = 1, .ofs_y = -1},
    {.bitmap_index = 15269, .adv_w = 149, .box_w = 9, .box_h = 13, .ofs_x = 0, .ofs_y = -1},
    {.bitmap_index = 15328, .adv_w = 182, .box_w = 10, .box_h = 14, .ofs_x = 1, .ofs_y = 0},
    {.bitmap_index = 15398, .adv_w = 182, .box_w = 10, .box_h = 15, .ofs_x = 1, .ofs_y = -1},
    {.bitmap_index = 15473, .adv_w = 251, .box_w = 14, .box_h = 14, .ofs_x = 1, .ofs_y = -1},
    {.bitmap_index = 15571, .adv_w = 193, .box_w = 14, .box_h = 13, .ofs_x = -1, .ofs_y = 0},
    {.bitmap_index = 15662, .adv_w = 193, .box_w = 14, .box_h = 13, .ofs_x = -1, .ofs_y = 0},
    {.bitmap_index = 15753, .adv_w = 251, .box_w = 14, .box_h = 14, .ofs_x = 1, .ofs_y = -1},
    {.bitmap_index = 15851, .adv_w = 251, .box_w = 14, .box_h = 19, .ofs_x = 1, .ofs_y = -3},
    {.bitmap_index = 15984, .adv_w = 207, .box_w = 11, .box_h = 9, .ofs_x = 1, .ofs_y = 1},
    {.bitmap_index = 16034, .adv_w = 251, .box_w = 14, .box_h = 14, .ofs_x = 1, .ofs_y = -1},
    {.bitmap_index = 16132, .adv_w = 251, .box_w = 14, .box_h = 19, .ofs_x = 1, .ofs_y = -3},
    {.bitmap_index = 16265, .adv_w = 207, .box_w = 11, .box_h = 9, .ofs_x = 1, .ofs_y = 1},
    {.bitmap_index = 16315, .adv_w = 183, .box_w = 7, .box_h = 9, .ofs_x = 2, .ofs_y = 0},
    {.bitmap_index = 16347, .adv_w = 218, .box_w = 12, .box_h = 17, .ofs_x = 1, .ofs_y = -4},
    {.bitmap_index = 16449, .adv_w = 218, .box_w = 12, .box_h = 17, .ofs_x = 1, .ofs_y = -4},
    {.bitmap_index = 16551, .adv_w = 194, .box_w = 12, .box_h = 17, .ofs_x = 0, .ofs_y = -4},
    {.bitmap_index = 16653, .adv_w = 241, .box_w = 13, .box_h = 3, .ofs_x = 1, .ofs_y = 4},
    {.bitmap_index = 16673, .adv_w = 241, .box_w = 13, .box_h = 12, .ofs_x = 1, .ofs_y = 0},
    {.bitmap_index = 16751, .adv_w = 241, .box_w = 13, .box_h = 14, .ofs_x = 1, .ofs_y = 0},
    {.bitmap_index = 16842, .adv_w = 97, .box_w = 7, .box_h = 16, .ofs_x = 0, .ofs_y = -2},
    {.bitmap_index = 16898, .adv_w = 183, .box_w = 7, .box_h = 15, .ofs_x = 3, .ofs_y = -1},
    {.bitmap_index = 16951, .adv_w = 241, .box_w = 11, .box_h = 12, .ofs_x = 2, .ofs_y = 0},
    {.bitmap_index = 17017, .adv_w = 180, .box_w = 7, .box_h = 7, .ofs_x = 2, .ofs_y = 2},
    {.bitmap_index = 17042, .adv_w = 180, .box_w = 6, .box_h = 6, .ofs_x = 3, .ofs_y = 3},
    {.bitmap_index = 17060, .adv_w = 184, .box_w = 12, .box_h = 16, .ofs_x = 0, .ofs_y = -1},
    {.bitmap_index = 17156, .adv_w = 184, .box_w = 12, .box_h = 18, .ofs_x = 0, .ofs_y = -1},
    {.bitmap_index = 17264, .adv_w = 184, .box_w = 12, .box_h = 18, .ofs_x = 0, .ofs_y = -1},
    {.bitmap_index = 17372, .adv_w = 206, .box_w = 10, .box_h = 7, .ofs_x = 1, .ofs_y = 2},
    {.bitmap_index = 17407, .adv_w = 240, .box_w = 13, .box_h = 7, .ofs_x = 1, .ofs_y = 2},
    {.bitmap_index = 17453, .adv_w = 241, .box_w = 11, .box_h = 12, .ofs_x = 2, .ofs_y = 1},
    {.bitmap_index = 17519, .adv_w = 258, .box_w = 14, .box_h = 14, .ofs_x = 1, .ofs_y = 0},
    {.bitmap_index = 17617, .adv_w = 258, .box_w = 14, .box_h = 15, .ofs_x = 1, .ofs_y = -1},
    {.bitmap_index = 17722, .adv_w = 241, .box_w = 12, .box_h = 15, .ofs_x = 2, .ofs_y = -1},
    {.bitmap_index = 17812, .adv_w = 144, .box_w = 3, .box_h = 18, .ofs_x = 3, .ofs_y = -4},
    {.bitmap_index = 17839, .adv_w = 144, .box_w = 9, .box_h = 18, .ofs_x = 0, .ofs_y = -4},
    {.bitmap_index = 17920, .adv_w = 144, .box_w = 5, .box_h = 18, .ofs_x = 2, .ofs_y = -4},
    {.bitmap_index = 17965, .adv_w = 144, .box_w = 8, .box_h = 18, .ofs_x = 1, .ofs_y = -4},
    {.bitmap_index = 18037, .adv_w = 211, .box_w = 9, .box_h = 11, .ofs_x = 2, .ofs_y = 0},
    {.bitmap_index = 18087, .adv_w = 211, .box_w = 9, .box_h = 11, .ofs_x = 2, .ofs_y = 0},
    {.bitmap_index = 18137, .adv_w = 211, .box_w = 9, .box_h = 11, .ofs_x = 2, .ofs_y = 0},
    {.bitmap_index = 18187, .adv_w = 211, .box_w = 9, .box_h = 11, .ofs_x = 2, .ofs_y = 0},
    {.bitmap_index = 18237, .adv_w = 150, .box_w = 8, .box_h = 18, .ofs_x = 1, .ofs_y = -4},
    {.bitmap_index = 18309, .adv_w = 227, .box_w = 13, .box_h = 18, .ofs_x = 1, .ofs_y = -4},
    {.bitmap_index = 18426, .adv_w = 304, .box_w = 17, .box_h = 18, .ofs_x = 1, .ofs_y = -4},
    {.bitmap_index = 18579, .adv_w = 150, .box_w = 9, .box_h = 18, .ofs_x = 0, .ofs_y = -4},
    {.bitmap_index = 18660, .adv_w = 227, .box_w = 14, .box_h = 18, .ofs_x = 0, .ofs_y = -4},
    {.bitmap_index = 18786, .adv_w = 304, .box_w = 18, .box_h = 18, .ofs_x = 0, .ofs_y = -4},
    {.bitmap_index = 18948, .adv_w = 150, .box_w = 10, .box_h = 18, .ofs_x = 0, .ofs_y = -4},
    {.bitmap_index = 19038, .adv_w = 150, .box_w = 10, .box_h = 18, .ofs_x = 0, .ofs_y = -4},
    {.bitmap_index = 19128, .adv_w = 150, .box_w = 10, .box_h = 18, .ofs_x = 0, .ofs_y = -4},
    {.bitmap_index = 19218, .adv_w = 183, .box_w = 10, .box_h = 10, .ofs_x = 1, .ofs_y = 1},
    {.bitmap_index = 19268, .adv_w = 183, .box_w = 10, .box_h = 10, .ofs_x = 1, .ofs_y = 1},
    {.bitmap_index = 19318, .adv_w = 75, .box_w = 3, .box_h = 10, .ofs_x = 1, .ofs_y = 1},
    {.bitmap_index = 19333, .adv_w = 183, .box_w = 10, .box_h = 10, .ofs_x = 1, .ofs_y = 1},
    {.bitmap_index = 19383, .adv_w = 241, .box_w = 13, .box_h = 6, .ofs_x = 1, .ofs_y = 4},
    {.bitmap_index = 19422, .adv_w = 241, .box_w = 13, .box_h = 9, .ofs_x = 1, .ofs_y = 1},
    {.bitmap_index = 19481, .adv_w = 241, .box_w = 13, .box_h = 9, .ofs_x = 1, .ofs_y = 1},
    {.bitmap_index = 19540, .adv_w = 241, .box_w = 12, .box_h = 9, .ofs_x = 2, .ofs_y = 1},
    {.bitmap_index = 19594, .adv_w = 241, .box_w = 13, .box_h = 4, .ofs_x = 1, .ofs_y = 4},
    {.bitmap_index = 19620, .adv_w = 241, .box_w = 13, .box_h = 4, .ofs_x = 1, .ofs_y = 4},
    {.bitmap_index = 19646, .adv_w = 241, .box_w = 13, .box_h = 7, .ofs_x = 1, .ofs_y = 2},
    {.bitmap_index = 19692, .adv_w = 241, .box_w = 13, .box_h = 11, .ofs_x = 1, .ofs_y = 0},
    {.bitmap_index = 19764, .adv_w = 108, .box_w = 4, .box_h = 12, .ofs_x = 1, .ofs_y = 0},
    {.bitmap_index = 19788, .adv_w = 241, .box_w = 13, .box_h = 10, .ofs_x = 1, .ofs_y = 1},
    {.bitmap_index = 19853, .adv_w = 241, .box_w = 13, .box_h = 7, .ofs_x = 1, .ofs_y = 2},
    {.bitmap_index = 19899, .adv_w = 241, .box_w = 13, .box_h = 6, .ofs_x = 1, .ofs_y = 3},
    {.bitmap_index = 19938, .adv_w = 241, .box_w = 13, .box_h = 11, .ofs_x = 1, .ofs_y = 0},
    {.bitmap_index = 20010, .adv_w = 241, .box_w = 13, .box_h = 10, .ofs_x = 1, .ofs_y = 1},
    {.bitmap_index = 20075, .adv_w = 241, .box_w = 13, .box_h = 11, .ofs_x = 1, .ofs_y = 0},
    {.bitmap_index = 20147, .adv_w = 241, .box_w = 13, .box_h = 13, .ofs_x = 1, .ofs_y = -1},
    {.bitmap_index = 20232, .adv_w = 241, .box_w = 13, .box_h = 7, .ofs_x = 1, .ofs_y = 2},
    {.bitmap_index = 20278, .adv_w = 241, .box_w = 13, .box_h = 12, .ofs_x = 1, .ofs_y = 0},
    {.bitmap_index = 20356, .adv_w = 241, .box_w = 13, .box_h = 10, .ofs_x = 1, .ofs_y = 1},
    {.bitmap_index = 20421, .adv_w = 241, .box_w = 13, .box_h = 10, .ofs_x = 1, .ofs_y = 1},
    {.bitmap_index = 20486, .adv_w = 241, .box_w = 13, .box_h = 10, .ofs_x = 1, .ofs_y = 1},
    {.bitmap_index = 20551, .adv_w = 241, .box_w = 13, .box_h = 9, .ofs_x = 1, .ofs_y = 1},
    {.bitmap_index = 20610, .adv_w = 241, .box_w = 13, .box_h = 11, .ofs_x = 1, .ofs_y = 0},
    {.bitmap_index = 20682, .adv_w = 241, .box_w = 13, .box_h = 8, .ofs_x = 1, .ofs_y = 3},
    {.bitmap_index = 20734, .adv_w = 241, .box_w = 13, .box_h = 9, .ofs_x = 1, .ofs_y = 3},
    {.bitmap_index = 20793, .adv_w = 241, .box_w = 13, .box_h = 12, .ofs_x = 1, .ofs_y = 0},
    {.bitmap_index = 20871, .adv_w = 242, .box_w = 13, .box_h = 12, .ofs_x = 1, .ofs_y = 0},
    {.bitmap_index = 20949, .adv_w = 242, .box_w = 13, .box_h = 12, .ofs_x = 1, .ofs_y = 0},
    {.bitmap_index = 21027, .adv_w = 288, .box_w = 16, .box_h = 7, .ofs_x = 1, .ofs_y = 2},
    {.bitmap_index = 21083, .adv_w = 288, .box_w = 16, .box_h = 7, .ofs_x = 1, .ofs_y = 2},
    {.bitmap_index = 21139, .adv_w = 241, .box_w = 13, .box_h = 6, .ofs_x = 1, .ofs_y = 3},
    {.bitmap_index = 21178, .adv_w = 241, .box_w = 13, .box_h = 11, .ofs_x = 1, .ofs_y = 3},
    {.bitmap_index = 21250, .adv_w = 241, .box_w = 13, .box_h = 9, .ofs_x = 1, .ofs_y = 3},
    {.bitmap_index = 21309, .adv_w = 241, .box_w = 13, .box_h = 12, .ofs_x = 1, .ofs_y = 3},
    {.bitmap_index = 21387, .adv_w = 241, .box_w = 13, .box_h = 12, .ofs_x = 1, .ofs_y = 3},
    {.bitmap_index = 21465, .adv_w = 241, .box_w = 13, .box_h = 13, .ofs_x = 1, .ofs_y = 3},
    {.bitmap_index = 21550, .adv_w = 241, .box_w = 13, .box_h = 13, .ofs_x = 1, .ofs_y = 3},
    {.bitmap_index = 21635, .adv_w = 241, .box_w = 13, .box_h = 11, .ofs_x = 1, .ofs_y = 3},
    {.bitmap_index = 21707, .adv_w = 241, .box_w = 13, .box_h = 11, .ofs_x = 1, .ofs_y = 3},
    {.bitmap_index = 21779, .adv_w = 241, .box_w = 13, .box_h = 13, .ofs_x = 1, .ofs_y = 3},
    {.bitmap_index = 21864, .adv_w = 241, .box_w = 13, .box_h = 11, .ofs_x = 1, .ofs_y = 0},
    {.bitmap_index = 21936, .adv_w = 241, .box_w = 13, .box_h = 9, .ofs_x = 1, .ofs_y = 1},
    {.bitmap_index = 21995, .adv_w = 241, .box_w = 13, .box_h = 13, .ofs_x = 1, .ofs_y = -1},
    {.bitmap_index = 22080, .adv_w = 241, .box_w = 13, .box_h = 12, .ofs_x = 1, .ofs_y = 0},
    {.bitmap_index = 22158, .adv_w = 241, .box_w = 13, .box_h = 11, .ofs_x = 1, .ofs_y = 0},
    {.bitmap_index = 22230, .adv_w = 241, .box_w = 13, .box_h = 11, .ofs_x = 1, .ofs_y = 0},
    {.bitmap_index = 22302, .adv_w = 241, .box_w = 13, .box_h = 14, .ofs_x = 1, .ofs_y = -2},
    {.bitmap_index = 22393, .adv_w = 241, .box_w = 13, .box_h = 14, .ofs_x = 1, .ofs_y = -2},
    {.bitmap_index = 22484, .adv_w = 241, .box_w = 13, .box_h = 15, .ofs_x = 1, .ofs_y = -3},
    {.bitmap_index = 22582, .adv_w = 241, .box_w = 13, .box_h = 15, .ofs_x = 1, .ofs_y = -3},
    {.bitmap_index = 22680, .adv_w = 302, .box_w = 17, .box_h = 11, .ofs_x = 1, .ofs_y = 0},
    {.bitmap_index = 22774, .adv_w = 302, .box_w = 17, .box_h = 11, .ofs_x = 1, .ofs_y = 0},
    {.bitmap_index = 22868, .adv_w = 134, .box_w = 6, .box_h = 17, .ofs_x = 1, .ofs_y = -3},
    {.bitmap_index = 22919, .adv_w = 241, .box_w = 13, .box_h = 12, .ofs_x = 1, .ofs_y = 0},
    {.bitmap_index = 22997, .adv_w = 241, .box_w = 13, .box_h = 13, .ofs_x = 1, .ofs_y = 0},
    {.bitmap_index = 23082, .adv_w = 241, .box_w = 13, .box_h = 13, .ofs_x = 1, .ofs_y = -1},
    {.bitmap_index = 23167, .adv_w = 241, .box_w = 13, .box_h = 14, .ofs_x = 1, .ofs_y = -2},
    {.bitmap_index = 23258, .adv_w = 241, .box_w = 13, .box_h = 14, .ofs_x = 1, .ofs_y = -2},
    {.bitmap_index = 23349, .adv_w = 241, .box_w = 13, .box_h = 13, .ofs_x = 1, .ofs_y = -2},
    {.bitmap_index = 23434, .adv_w = 241, .box_w = 13, .box_h = 12, .ofs_x = 1, .ofs_y = -1},
    {.bitmap_index = 23512, .adv_w = 241, .box_w = 13, .box_h = 14, .ofs_x = 1, .ofs_y = -2},
    {.bitmap_index = 23603, .adv_w = 241, .box_w = 13, .box_h = 14, .ofs_x = 1, .ofs_y = -2},
    {.bitmap_index = 23694, .adv_w = 241, .box_w = 13, .box_h = 15, .ofs_x = 1, .ofs_y = -2},
    {.bitmap_index = 23792, .adv_w = 241, .box_w = 13, .box_h = 15, .ofs_x = 1, .ofs_y = -2},
    {.bitmap_index = 23890, .adv_w = 241, .box_w = 13, .box_h = 19, .ofs_x = 1, .ofs_y = -4},
    {.bitmap_index = 24014, .adv_w = 241, .box_w = 13, .box_h = 19, .ofs_x = 1, .ofs_y = -4},
    {.bitmap_index = 24138, .adv_w = 241, .box_w = 13, .box_h = 13, .ofs_x = 1, .ofs_y = -1},
    {.bitmap_index = 24223, .adv_w = 241, .box_w = 13, .box_h = 13, .ofs_x = 1, .ofs_y = -1},
    {.bitmap_index = 24308, .adv_w = 241, .box_w = 13, .box_h = 15, .ofs_x = 1, .ofs_y = -2},
    {.bitmap_index = 24406, .adv_w = 241, .box_w = 13, .box_h = 15, .ofs_x = 1, .ofs_y = -2},
    {.bitmap_index = 24504, .adv_w = 241, .box_w = 13, .box_h = 15, .ofs_x = 1, .ofs_y = -2},
    {.bitmap_index = 24602, .adv_w = 241, .box_w = 13, .box_h = 15, .ofs_x = 1, .ofs_y = -2},
    {.bitmap_index = 24700, .adv_w = 241, .box_w = 13, .box_h = 16, .ofs_x = 1, .ofs_y = -2},
    {.bitmap_index = 24804, .adv_w = 241, .box_w = 13, .box_h = 16, .ofs_x = 1, .ofs_y = -3},
    {.bitmap_index = 24908, .adv_w = 241, .box_w = 13, .box_h = 9, .ofs_x = 1, .ofs_y = 1},
    {.bitmap_index = 24967, .adv_w = 241, .box_w = 13, .box_h = 9, .ofs_x = 1, .ofs_y = 1},
    {.bitmap_index = 25026, .adv_w = 241, .box_w = 13, .box_h = 16, .ofs_x = 1, .ofs_y = -2},
    {.bitmap_index = 25130, .adv_w = 241, .box_w = 13, .box_h = 16, .ofs_x = 1, .ofs_y = -2},
    {.bitmap_index = 25234, .adv_w = 241, .box_w = 13, .box_h = 12, .ofs_x = 1, .ofs_y = 0},
    {.bitmap_index = 25312, .adv_w = 241, .box_w = 13, .box_h = 12, .ofs_x = 1, .ofs_y = 0},
    {.bitmap_index = 25390, .adv_w = 241, .box_w = 13, .box_h = 17, .ofs_x = 1, .ofs_y = -3},
    {.bitmap_index = 25501, .adv_w = 241, .box_w = 13, .box_h = 17, .ofs_x = 1, .ofs_y = -3},
    {.bitmap_index = 25612, .adv_w = 241, .box_w = 13, .box_h = 14, .ofs_x = 1, .ofs_y = -2},
    {.bitmap_index = 25703, .adv_w = 241, .box_w = 13, .box_h = 14, .ofs_x = 1, .ofs_y = -2},
    {.bitmap_index = 25794, .adv_w = 211, .box_w = 9, .box_h = 11, .ofs_x = 2, .ofs_y = 0},
    {.bitmap_index = 25844, .adv_w = 211, .box_w = 9, .box_h = 11, .ofs_x = 2, .ofs_y = 0},
    {.bitmap_index = 25894, .adv_w = 211, .box_w = 9, .box_h = 11, .ofs_x = 2, .ofs_y = 0},
    {.bitmap_index = 25944, .adv_w = 241, .box_w = 13, .box_h = 11, .ofs_x = 1, .ofs_y = 0},
    {.bitmap_index = 26016, .adv_w = 241, .box_w = 13, .box_h = 11, .ofs_x = 1, .ofs_y = 0},
    {.bitmap_index = 26088, .adv_w = 241, .box_w = 13, .box_h = 14, .ofs_x = 1, .ofs_y = -2},
    {.bitmap_index = 26179, .adv_w = 241, .box_w = 13, .box_h = 14, .ofs_x = 1, .ofs_y = -2},
    {.bitmap_index = 26270, .adv_w = 225, .box_w = 12, .box_h = 12, .ofs_x = 1, .ofs_y = 0},
    {.bitmap_index = 26342, .adv_w = 225, .box_w = 12, .box_h = 12, .ofs_x = 1, .ofs_y = 0},
    {.bitmap_index = 26414, .adv_w = 241, .box_w = 13, .box_h = 13, .ofs_x = 1, .ofs_y = -1},
    {.bitmap_index = 26499, .adv_w = 241, .box_w = 13, .box_h = 13, .ofs_x = 1, .ofs_y = -1},
    {.bitmap_index = 26584, .adv_w = 241, .box_w = 13, .box_h = 13, .ofs_x = 1, .ofs_y = -1},
    {.bitmap_index = 26669, .adv_w = 241, .box_w = 13, .box_h = 13, .ofs_x = 1, .ofs_y = -1},
    {.bitmap_index = 26754, .adv_w = 241, .box_w = 13, .box_h = 13, .ofs_x = 1, .ofs_y = -1},
    {.bitmap_index = 26839, .adv_w = 241, .box_w = 13, .box_h = 13, .ofs_x = 1, .ofs_y = -1},
    {.bitmap_index = 26924, .adv_w = 241, .box_w = 13, .box_h = 13, .ofs_x = 1, .ofs_y = -1},
    {.bitmap_index = 27009, .adv_w = 241, .box_w = 13, .box_h = 13, .ofs_x = 1, .ofs_y = -1},
    {.bitmap_index = 27094, .adv_w = 241, .box_w = 13, .box_h = 13, .ofs_x = 1, .ofs_y = -1},
    {.bitmap_index = 27179, .adv_w = 241, .box_w = 13, .box_h = 13, .ofs_x = 1, .ofs_y = -1},
    {.bitmap_index = 27264, .adv_w = 241, .box_w = 13, .box_h = 13, .ofs_x = 1, .ofs_y = -1},
    {.bitmap_index = 27349, .adv_w = 241, .box_w = 13, .box_h = 13, .ofs_x = 1, .ofs_y = -1},
    {.bitmap_index = 27434, .adv_w = 241, .box_w = 13, .box_h = 13, .ofs_x = 1, .ofs_y = -1},
    {.bitmap_index = 27519, .adv_w = 251, .box_w = 14, .box_h = 13, .ofs_x = 1, .ofs_y = 0},
    {.bitmap_index = 27610, .adv_w = 251, .box_w = 14, .box_h = 13, .ofs_x = 1, .ofs_y = 0},
    {.bitmap_index = 27701, .adv_w = 251, .box_w = 14, .box_h = 13, .ofs_x = 1, .ofs_y = 0},
    {.bitmap_index = 27792, .adv_w = 251, .box_w = 14, .box_h = 13, .ofs_x = 1, .ofs_y = 0},
    {.bitmap_index = 27883, .adv_w = 150, .box_w = 8, .box_h = 13, .ofs_x = 1, .ofs_y = 0},
    {.bitmap_index = 27935, .adv_w = 150, .box_w = 8, .box_h = 13, .ofs_x = 1, .ofs_y = 0},
    {.bitmap_index = 27987, .adv_w = 251, .box_w = 14, .box_h = 13, .ofs_x = 1, .ofs_y = 0},
    {.bitmap_index = 28078, .adv_w = 251, .box_w = 14, .box_h = 13, .ofs_x = 1, .ofs_y = 0},
    {.bitmap_index = 28169, .adv_w = 251, .box_w = 14, .box_h = 13, .ofs_x = 1, .ofs_y = 0},
    {.bitmap_index = 28260, .adv_w = 251, .box_w = 14, .box_h = 13, .ofs_x = 1, .ofs_y = 0},
    {.bitmap_index = 28351, .adv_w = 251, .box_w = 14, .box_h = 15, .ofs_x = 1, .ofs_y = -1},
    {.bitmap_index = 28456, .adv_w = 251, .box_w = 14, .box_h = 15, .ofs_x = 1, .ofs_y = -1},
    {.bitmap_index = 28561, .adv_w = 251, .box_w = 14, .box_h = 15, .ofs_x = 1, .ofs_y = -1},
    {.bitmap_index = 28666, .adv_w = 251, .box_w = 14, .box_h = 15, .ofs_x = 1, .ofs_y = -1},
    {.bitmap_index = 28771, .adv_w = 241, .box_w = 13, .box_h = 14, .ofs_x = 1, .ofs_y = -1},
    {.bitmap_index = 28862, .adv_w = 241, .box_w = 13, .box_h = 14, .ofs_x = 1, .ofs_y = -1},
    {.bitmap_index = 28953, .adv_w = 241, .box_w = 13, .box_h = 12, .ofs_x = 1, .ofs_y = 0},
    {.bitmap_index = 29031, .adv_w = 241, .box_w = 13, .box_h = 12, .ofs_x = 1, .ofs_y = 0},
    {.bitmap_index = 29109, .adv_w = 241, .box_w = 13, .box_h = 14, .ofs_x = 1, .ofs_y = -1},
    {.bitmap_index = 29200, .adv_w = 241, .box_w = 13, .box_h = 14, .ofs_x = 1, .ofs_y = -1},
    {.bitmap_index = 29291, .adv_w = 288, .box_w = 16, .box_h = 6, .ofs_x = 1, .ofs_y = 3},
    {.bitmap_index = 29339, .adv_w = 288, .box_w = 16, .box_h = 6, .ofs_x = 1, .ofs_y = 3},
    {.bitmap_index = 29387, .adv_w = 241, .box_w = 15, .box_h = 6, .ofs_x = 0, .ofs_y = 3},
    {.bitmap_index = 29432, .adv_w = 241, .box_w = 14, .box_h = 14, .ofs_x = 1, .ofs_y = -1},
    {.bitmap_index = 29530, .adv_w = 150, .box_w = 6, .box_h = 13, .ofs_x = 2, .ofs_y = 0},
    {.bitmap_index = 29569, .adv_w = 211, .box_w = 11, .box_h = 14, .ofs_x = 1, .ofs_y = 0},
    {.bitmap_index = 29646, .adv_w = 211, .box_w = 11, .box_h = 14, .ofs_x = 1, .ofs_y = 0},
    {.bitmap_index = 29723, .adv_w = 211, .box_w = 11, .box_h = 14, .ofs_x = 1, .ofs_y = 0},
    {.bitmap_index = 29800, .adv_w = 241, .box_w = 11, .box_h = 11, .ofs_x = 2, .ofs_y = 0},
    {.bitmap_index = 29861, .adv_w = 241, .box_w = 11, .box_h = 11, .ofs_x = 2, .ofs_y = 0},
    {.bitmap_index = 29922, .adv_w = 236, .box_w = 16, .box_h = 17, .ofs_x = -1, .ofs_y = -4},
    {.bitmap_index = 30058, .adv_w = 236, .box_w = 16, .box_h = 17, .ofs_x = -1, .ofs_y = -4},
    {.bitmap_index = 30194, .adv_w = 236, .box_w = 13, .box_h = 17, .ofs_x = 1, .ofs_y = -4},
    {.bitmap_index = 30305, .adv_w = 236, .box_w = 13, .box_h = 17, .ofs_x = 1, .ofs_y = -4},
    {.bitmap_index = 30416, .adv_w = 142, .box_w = 9, .box_h = 20, .ofs_x = 0, .ofs_y = -5},
    {.bitmap_index = 30506, .adv_w = 92, .box_w = 3, .box_h = 3, .ofs_x = 1, .ofs_y = 5},
    {.bitmap_index = 30511, .adv_w = 180, .box_w = 8, .box_h = 8, .ofs_x = 2, .ofs_y = 2},
    {.bitmap_index = 30543, .adv_w = 241, .box_w = 13, .box_h = 12, .ofs_x = 1, .ofs_y = 0},
    {.bitmap_index = 30621, .adv_w = 288, .box_w = 16, .box_h = 13, .ofs_x = 1, .ofs_y = -1},
    {.bitmap_index = 30725, .adv_w = 288, .box_w = 16, .box_h = 13, .ofs_x = 1, .ofs_y = -1},
    {.bitmap_index = 30829, .adv_w = 288, .box_w = 16, .box_h = 13, .ofs_x = 1, .ofs_y = -1},
    {.bitmap_index = 30933, .adv_w = 288, .box_w = 16, .box_h = 13, .ofs_x = 1, .ofs_y = -1},
    {.bitmap_index = 31037, .adv_w = 288, .box_w = 16, .box_h = 13, .ofs_x = 1, .ofs_y = -1},
    {.bitmap_index = 31141, .adv_w = 241, .box_w = 13, .box_h = 6, .ofs_x = 1, .ofs_y = 3},
    {.bitmap_index = 31180, .adv_w = 211, .box_w = 13, .box_h = 11, .ofs_x = 0, .ofs_y = 0},
    {.bitmap_index = 31252, .adv_w = 211, .box_w = 13, .box_h = 11, .ofs_x = 0, .ofs_y = 0},
    {.bitmap_index = 31324, .adv_w = 241, .box_w = 13, .box_h = 13, .ofs_x = 1, .ofs_y = -1},
    {.bitmap_index = 31409, .adv_w = 241, .box_w = 13, .box_h = 13, .ofs_x = 1, .ofs_y = -1},
    {.bitmap_index = 31494, .adv_w = 241, .box_w = 13, .box_h = 12, .ofs_x = 1, .ofs_y = 0},
    {.bitmap_index = 31572, .adv_w = 241, .box_w = 13, .box_h = 13, .ofs_x = 1, .ofs_y = -1},
    {.bitmap_index = 31657, .adv_w = 241, .box_w = 9, .box_h = 14, .ofs_x = 3, .ofs_y = 0},
    {.bitmap_index = 31720, .adv_w = 241, .box_w = 13, .box_h = 16, .ofs_x = 1, .ofs_y = -2},
    {.bitmap_index = 31824, .adv_w = 241, .box_w = 12, .box_h = 10, .ofs_x = 1, .ofs_y = 1},
    {.bitmap_index = 31884, .adv_w = 241, .box_w = 12, .box_h = 10, .ofs_x = 2, .ofs_y = 1},
    {.bitmap_index = 31944, .adv_w = 410, .box_w = 24, .box_h = 11, .ofs_x = 1, .ofs_y = 0},
    {.bitmap_index = 32076, .adv_w = 410, .box_w = 24, .box_h = 11, .ofs_x = 1, .ofs_y = 0},
    {.bitmap_index = 32208, .adv_w = 241, .box_w = 13, .box_h = 21, .ofs_x = 1, .ofs_y = -5},
    {.bitmap_index = 32345, .adv_w = 241, .box_w = 13, .box_h = 21, .ofs_x = 1, .ofs_y = -5},
    {.bitmap_index = 32482, .adv_w = 241, .box_w = 13, .box_h = 11, .ofs_x = 1, .ofs_y = 0},
    {.bitmap_index = 32554, .adv_w = 241, .box_w = 13, .box_h = 11, .ofs_x = 1, .ofs_y = 0},
    {.bitmap_index = 32626, .adv_w = 241, .box_w = 13, .box_h = 15, .ofs_x = 1, .ofs_y = -2},
    {.bitmap_index = 32724, .adv_w = 241, .box_w = 13, .box_h = 15, .ofs_x = 1, .ofs_y = -2},
    {.bitmap_index = 32822, .adv_w = 241, .box_w = 13, .box_h = 18, .ofs_x = 1, .ofs_y = -4},
    {.bitmap_index = 32939, .adv_w = 241, .box_w = 13, .box_h = 18, .ofs_x = 1, .ofs_y = -4},
    {.bitmap_index = 33056, .adv_w = 241, .box_w = 13, .box_h = 17, .ofs_x = 1, .ofs_y = -3},
    {.bitmap_index = 33167, .adv_w = 241, .box_w = 13, .box_h = 17, .ofs_x = 1, .ofs_y = -3},
    {.bitmap_index = 33278, .adv_w = 241, .box_w = 13, .box_h = 14, .ofs_x = 1, .ofs_y = -2},
    {.bitmap_index = 33369, .adv_w = 241, .box_w = 13, .box_h = 14, .ofs_x = 1, .ofs_y = -2},
    {.bitmap_index = 33460, .adv_w = 241, .box_w = 13, .box_h = 14, .ofs_x = 1, .ofs_y = -3},
    {.bitmap_index = 33551, .adv_w = 241, .box_w = 13, .box_h = 14, .ofs_x = 1, .ofs_y = -3},
    {.bitmap_index = 33642, .adv_w = 241, .box_w = 13, .box_h = 17, .ofs_x = 1, .ofs_y = -4},
    {.bitmap_index = 33753, .adv_w = 241, .box_w = 13, .box_h = 17, .ofs_x = 1, .ofs_y = -4},
    {.bitmap_index = 33864, .adv_w = 241, .box_w = 13, .box_h = 17, .ofs_x = 1, .ofs_y = -3},
    {.bitmap_index = 33975, .adv_w = 241, .box_w = 13, .box_h = 17, .ofs_x = 1, .ofs_y = -3},
    {.bitmap_index = 34086, .adv_w = 241, .box_w = 13, .box_h = 19, .ofs_x = 1, .ofs_y = -4},
    {.bitmap_index = 34210, .adv_w = 241, .box_w = 13, .box_h = 19, .ofs_x = 1, .ofs_y = -4},
    {.bitmap_index = 34334, .adv_w = 288, .box_w = 2, .box_h = 15, .ofs_x = 8, .ofs_y = -2},
    {.bitmap_index = 34349, .adv_w = 288, .box_w = 14, .box_h = 3, .ofs_x = 2, .ofs_y = 4},
    {.bitmap_index = 34370, .adv_w = 288, .box_w = 14, .box_h = 15, .ofs_x = 2, .ofs_y = -2},
    {.bitmap_index = 34475, .adv_w = 288, .box_w = 14, .box_h = 15, .ofs_x = 2, .ofs_y = -2},
    {.bitmap_index = 34580, .adv_w = 288, .box_w = 18, .box_h = 14, .ofs_x = 0, .ofs_y = -1},
    {.bitmap_index = 34706, .adv_w = 251, .box_w = 14, .box_h = 14, .ofs_x = 1, .ofs_y = -1},
    {.bitmap_index = 34804, .adv_w = 207, .box_w = 11, .box_h = 9, .ofs_x = 1, .ofs_y = 1},
    {.bitmap_index = 34854, .adv_w = 251, .box_w = 14, .box_h = 18, .ofs_x = 1, .ofs_y = -1},
    {.bitmap_index = 34980, .adv_w = 251, .box_w = 14, .box_h = 17, .ofs_x = 1, .ofs_y = -1},
    {.bitmap_index = 35099, .adv_w = 207, .box_w = 11, .box_h = 12, .ofs_x = 1, .ofs_y = 1},
    {.bitmap_index = 35165, .adv_w = 251, .box_w = 14, .box_h = 16, .ofs_x = 1, .ofs_y = -3},
    {.bitmap_index = 35277, .adv_w = 251, .box_w = 14, .box_h = 14, .ofs_x = 1, .ofs_y = -1},
    {.bitmap_index = 35375, .adv_w = 288, .box_w = 18, .box_h = 14, .ofs_x = 0, .ofs_y = -1},
    {.bitmap_index = 35501, .adv_w = 251, .box_w = 14, .box_h = 14, .ofs_x = 1, .ofs_y = -1},
    {.bitmap_index = 35599, .adv_w = 207, .box_w = 11, .box_h = 9, .ofs_x = 1, .ofs_y = 1},
    {.bitmap_index = 35649, .adv_w = 251, .box_w = 14, .box_h = 17, .ofs_x = 1, .ofs_y = -1},
    {.bitmap_index = 35768, .adv_w = 207, .box_w = 11, .box_h = 12, .ofs_x = 1, .ofs_y = 1},
    {.bitmap_index = 35834, .adv_w = 251, .box_w = 13, .box_h = 13, .ofs_x = 1, .ofs_y = 0},
    {.bitmap_index = 35919, .adv_w = 173, .box_w = 11, .box_h = 11, .ofs_x = 0, .ofs_y = -1},
    {.bitmap_index = 35980, .adv_w = 173, .box_w = 9, .box_h = 6, .ofs_x = 1, .ofs_y = 2},
    {.bitmap_index = 36007, .adv_w = 183, .box_w = 10, .box_h = 11, .ofs_x = 1, .ofs_y = 0},
    {.bitmap_index = 36062, .adv_w = 241, .box_w = 9, .box_h = 6, .ofs_x = 3, .ofs_y = 8},
    {.bitmap_index = 36089, .adv_w = 241, .box_w = 9, .box_h = 5, .ofs_x = 3, .ofs_y = 0},
    {.bitmap_index = 36112, .adv_w = 241, .box_w = 9, .box_h = 9, .ofs_x = 3, .ofs_y = -1},
    {.bitmap_index = 36153, .adv_w = 241, .box_w = 9, .box_h = 11, .ofs_x = 3, .ofs_y = -1},
    {.bitmap_index = 36203, .adv_w = 141, .box_w = 5, .box_h = 16, .ofs_x = 2, .ofs_y = -1},
    {.bitmap_index = 36243, .adv_w = 112, .box_w = 5, .box_h = 17, .ofs_x = 1, .ofs_y = -3},
    {.bitmap_index = 36286, .adv_w = 112, .box_w = 5, .box_h = 17, .ofs_x = 1, .ofs_y = -3}
};

/*---------------------
 *  CHARACTER MAPPING
 *--------------------*/

static const uint16_t unicode_list_1[] = {
    0x0, 0x1, 0x2, 0x3, 0x7, 0x9, 0xc, 0xd,
    0xe, 0x27, 0x47
};

static const uint8_t glyph_id_ofs_list_4[] = {
    0, 0, 0, 0, 1, 2, 3, 4,
    5, 6, 0, 0, 0, 0, 0, 0,
    7, 8, 9, 10, 11, 12, 13, 14,
    15, 16
};

/*Collect the unicode lists and glyph_id offsets*/
static const lv_font_fmt_txt_cmap_t cmaps[] =
{
    {
        .range_start = 32, .range_length = 95, .glyph_id_start = 1,
        .unicode_list = NULL, .glyph_id_ofs_list = NULL, .list_length = 0, .type = LV_FONT_FMT_TXT_CMAP_FORMAT0_TINY
    },
    {
        .range_start = 176, .range_length = 72, .glyph_id_start = 96,
        .unicode_list = unicode_list_1, .glyph_id_ofs_list = NULL, .list_length = 11, .type = LV_FONT_FMT_TXT_CMAP_SPARSE_TINY
    },
    {
        .range_start = 913, .range_length = 17, .glyph_id_start = 107,
        .unicode_list = NULL, .glyph_id_ofs_list = NULL, .list_length = 0, .type = LV_FONT_FMT_TXT_CMAP_FORMAT0_TINY
    },
    {
        .range_start = 931, .range_length = 39, .glyph_id_start = 124,
        .unicode_list = NULL, .glyph_id_ofs_list = NULL, .list_length = 0, .type = LV_FONT_FMT_TXT_CMAP_FORMAT0_TINY
    },
    {
        .range_start = 8304, .range_length = 26, .glyph_id_start = 163,
        .unicode_list = NULL, .glyph_id_ofs_list = glyph_id_ofs_list_4, .list_length = 26, .type = LV_FONT_FMT_TXT_CMAP_FORMAT0_FULL
    },
    {
        .range_start = 8592, .range_length = 69, .glyph_id_start = 180,
        .unicode_list = NULL, .glyph_id_ofs_list = NULL, .list_length = 0, .type = LV_FONT_FMT_TXT_CMAP_FORMAT0_TINY
    },
    {
        .range_start = 8704, .range_length = 8, .glyph_id_start = 249,
        .unicode_list = NULL, .glyph_id_ofs_list = NULL, .list_length = 0, .type = LV_FONT_FMT_TXT_CMAP_FORMAT0_TINY
    },
    {
        .range_start = 8712, .range_length = 256, .glyph_id_start = 257,
        .unicode_list = NULL, .glyph_id_ofs_list = NULL, .list_length = 0, .type = LV_FONT_FMT_TXT_CMAP_FORMAT0_TINY
    },
    {
        .range_start = 10216, .range_length = 2, .glyph_id_start = 513,
        .unicode_list = NULL, .glyph_id_ofs_list = NULL, .list_length = 0, .type = LV_FONT_FMT_TXT_CMAP_FORMAT0_TINY
    }
};



/*--------------------
 *  ALL CUSTOM DATA
 *--------------------*/

#if LVGL_VERSION_MAJOR == 8
/*Store all the custom data of the font*/
static  lv_font_fmt_txt_glyph_cache_t cache;
#endif

#if LVGL_VERSION_MAJOR >= 8
static const lv_font_fmt_txt_dsc_t font_dsc = {
#else
static lv_font_fmt_txt_dsc_t font_dsc = {
#endif
    .glyph_bitmap = glyph_bitmap,
    .glyph_dsc = glyph_dsc,
    .cmaps = cmaps,
    .kern_dsc = NULL,
    .kern_scale = 0,
    .cmap_num = 9,
    .bpp = 4,
    .kern_classes = 0,
    .bitmap_format = 0,
#if LVGL_VERSION_MAJOR == 8
    .cache = &cache
#endif
};



/*-----------------
 *  PUBLIC FONT
 *----------------*/

/*Initialize a public general font descriptor*/
#if LVGL_VERSION_MAJOR >= 8
const lv_font_t lv_font_math_18 = {
#else
lv_font_t lv_font_math_18 = {
#endif
    .get_glyph_dsc = lv_font_get_glyph_dsc_fmt_txt,    /*Function pointer to get glyph's data*/
    .get_glyph_bitmap = lv_font_get_bitmap_fmt_txt,    /*Function pointer to get glyph's bitmap*/
    .line_height = 23,          /*The maximum line height required by the font*/
    .base_line = 5,             /*Baseline measured from the bottom of the line*/
#if !(LVGL_VERSION_MAJOR == 6 && LVGL_VERSION_MINOR == 0)
    .subpx = LV_FONT_SUBPX_NONE,
#endif
#if LV_VERSION_CHECK(7, 4, 0) || LVGL_VERSION_MAJOR >= 8
    .underline_position = -1,
    .underline_thickness = 1,
#endif
    .dsc = &font_dsc,          /*The custom font data. Will be accessed by `get_glyph_bitmap/dsc` */
#if LV_VERSION_CHECK(8, 2, 0) || LVGL_VERSION_MAJOR >= 9
    .fallback = NULL,
#endif
    .user_data = NULL,
};



#endif /*#if LV_FONT_MATH_18*/

